{"type":"FeatureCollection","crs":{"type":"name","properties":{"name":"EPSG:4326"}},"features":[{"type":"Feature","id":1,"geometry":{"type":"Polygon","coordinates":[[[-75.7230261091577,4.80367234672614],[-75.7229320539155,4.80367437754506],[-75.7227904609881,4.80365390600761],[-75.7227124286489,4.80361517224831],[-75.7226759824923,4.80355324802175],[-75.7226327764741,4.80347027029625],[-75.7225993947557,4.8033967766398],[-75.7224088205549,4.80327939249965],[-75.7221569398649,4.80316062894887],[-75.7219742194391,4.80286778785453],[-75.7219253787203,4.80283797269889],[-75.7218659028369,4.80284648549303],[-75.7217945246201,4.80293852372739],[-75.7217214560891,4.80304451447795],[-75.7216577546735,4.80309988503266],[-75.7215770456917,4.80309774740596],[-75.7214945759069,4.8030421639953],[-75.721792978661,4.80244321990474],[-75.7220709233876,4.80169729073555],[-75.7221368089937,4.80145438190119],[-75.7232476471653,4.80176648080377],[-75.7236717905644,4.80187998061945],[-75.7230261091577,4.80367234672614]]]},"properties":{"FID":1,"ID_BAR":246,"CODSUELO":"6600101","CODCOM":"10","COMUNA":"Consota","CODBAR":"011024","NOMBRE":"Villa Andrea","NOM_POPULA":"Villa Andrea","ACT_GEOGRA":1168041600000,"NORMA":"47","CREACION":866764800000,"ORIGEN_NOR":"Concejo Municipal","OBSERVACIO":"Ajustado a delimitacion de la Norma de creacion","COD_SISBEN":" ","Shape_Area":33236.34703905994,"Shape__Area":33674.53515625,"Shape__Length":809.76964213211932,"GlobalID":"c6996327-16aa-474d-b9b8-39a2bab65404","CreationDate":1545839815055,"Creator":"sigper_arcgis","EditDate":1545839815055,"Editor":"sigper_arcgis"}},{"type":"Feature","id":2,"geometry":{"type":"Polygon","coordinates":[[[-75.7283400096809,4.79579939056552],[-75.7281479576263,4.7956632850924],[-75.7280907010917,4.79564608168449],[-75.7284708246604,4.79530846653876],[-75.7289495089994,4.79493345945912],[-75.7291381805369,4.79516935602241],[-75.7296313055665,4.79570155437014],[-75.7296398629549,4.79571418286072],[-75.7292781210256,4.79617783714504],[-75.7286477702375,4.79549904227011],[-75.7283400096809,4.79579939056552]]]},"properties":{"FID":2,"ID_BAR":369,"CODSUELO":"6600101","CODCOM":"14","COMUNA":"Perla Del Otun","CODBAR":"011401","NOMBRE":"Aranjuez","NOM_POPULA":"Aranjuez","ACT_GEOGRA":1168041600000,"NORMA":"24","CREACION":674697600000,"ORIGEN_NOR":"Concejo Municipal","OBSERVACIO":"Norma de creacion no delimitable. Ajuste SPM","COD_SISBEN":" ","Shape_Area":9557.07924821928,"Shape__Area":9682.9365234375,"Shape__Length":490.55143361752869,"GlobalID":"e3227a57-0ecf-4a7a-b8d3-09d0c2105e38","CreationDate":1545839815055,"Creator":"sigper_arcgis","EditDate":1545839815055,"Editor":"sigper_arcgis"}},{"type":"Feature","id":3,"geometry":{"type":"Polygon","coordinates":[[[-75.7340506233798,4.80359893100964],[-75.7335034408758,4.80344260780512],[-75.7338224333546,4.80287755224397],[-75.7342699154886,4.80207677551111],[-75.7350845821924,4.80252923820009],[-75.735036270687,4.80260534538047],[-75.7349789789856,4.80268078214722],[-75.7349272511846,4.80273880320899],[-75.7344834949992,4.80298632705526],[-75.7344350069401,4.8030337868928],[-75.7344118014244,4.80307393295352],[-75.734397681107,4.80311957279145],[-75.7343950411755,4.80321503714656],[-75.7344372633078,4.80329826119904],[-75.7344970564818,4.80333540469856],[-75.7345817091572,4.8033502397636],[-75.7346824554152,4.80335924639643],[-75.73511100159,4.80331883063287],[-75.7348989479461,4.8034066493831],[-75.7346273477624,4.80347770796843],[-75.734392438994,4.80353249963544],[-75.734145065425,4.80358365222781],[-75.7340506233798,4.80359893100964]]]},"properties":{"FID":3,"ID_BAR":247,"CODSUELO":"6600101","CODCOM":"15","COMUNA":"El Oso","CODBAR":"011519","NOMBRE":"Los Pinos","NOM_POPULA":"Los Pinos","ACT_GEOGRA":1168041600000,"NORMA":"Sin","CREACION":null,"ORIGEN_NOR":"Sin","OBSERVACIO":"Ajustado SPM","COD_SISBEN":"15155","Shape_Area":14625.285912534409,"Shape__Area":14818.26708984375,"Shape__Length":666.12261078691131,"GlobalID":"71fa12a6-db0f-4cb6-98b6-72ea266b0593","CreationDate":1545839815055,"Creator":"sigper_arcgis","EditDate":1545839815055,"Editor":"sigper_arcgis"}},{"type":"Feature","id":4,"geometry":{"type":"Polygon","coordinates":[[[-75.7199710282965,4.795099467432],[-75.7208318520119,4.79554061676578],[-75.7207911594014,4.79561206095395],[-75.7208248117957,4.79563123841686],[-75.7205516945801,4.79615518748843],[-75.7197396853818,4.7957995497615],[-75.7198947700429,4.79517531310439],[-75.7199333707446,4.79519706871785],[-75.7199710282965,4.795099467432]]]},"properties":{"FID":4,"ID_BAR":370,"CODSUELO":"6600101","CODCOM":"10","COMUNA":"Consota","CODBAR":"011012","NOMBRE":"Mirador de Bella Sardi","NOM_POPULA":"Mirador de Bella Sardi","ACT_GEOGRA":1180656000000,"NORMA":"Sin","CREACION":null,"ORIGEN_NOR":"Sin","OBSERVACIO":"Ajustado SPM","COD_SISBEN":" ","Shape_Area":8300.34241814132,"Shape__Area":8409.59228515625,"Shape__Length":374.39908310677004,"GlobalID":"2ecd6482-e154-476f-8b15-839ea0b02dfc","CreationDate":1545839815055,"Creator":"sigper_arcgis","EditDate":1545839815055,"Editor":"sigper_arcgis"}},{"type":"Feature","id":5,"geometry":{"type":"Polygon","coordinates":[[[-75.6643402029594,4.80220004845025],[-75.6644687586477,4.80228296778723],[-75.6647640353581,4.80253420538574],[-75.6644870550643,4.80283821837628],[-75.6642802301392,4.80301533464583],[-75.6641519313188,4.80320192510417],[-75.6640898075092,4.80327433412709],[-75.6636732751024,4.80358350955934],[-75.6635509667241,4.8033315986338],[-75.6634795005708,4.80315060689551],[-75.6634526732325,4.80309719346724],[-75.6634866212392,4.80306950192282],[-75.6635780066394,4.80299402206549],[-75.6637534559999,4.80282387982071],[-75.6638702688622,4.80270832622054],[-75.6643402029594,4.80220004845025]]]},"properties":{"FID":5,"ID_BAR":248,"CODSUELO":"6600101","CODCOM":"05","COMUNA":"Oriente","CODBAR":"010514","NOMBRE":"La Rivera","NOM_POPULA":"La Rivera","ACT_GEOGRA":1180656000000,"NORMA":"Sin","CREACION":null,"ORIGEN_NOR":"Sin","OBSERVACIO":"Ajustado SPM, Visita de campo","COD_SISBEN":"05046","Shape_Area":9181.91303155209,"Shape__Area":9302.5185546875,"Shape__Length":430.765438604718,"GlobalID":"f305deaa-b865-4e65-99e9-89c93903f2da","CreationDate":1545839815055,"Creator":"sigper_arcgis","EditDate":1545839815055,"Editor":"sigper_arcgis"}},{"type":"Feature","id":6,"geometry":{"type":"Polygon","coordinates":[[[-75.7340117357055,4.7957763579901],[-75.7340340954951,4.79575145355202],[-75.7348229630806,4.79491762570142],[-75.735000645715,4.79469447870736],[-75.7350757904918,4.79473568333373],[-75.7351089967199,4.79475389306015],[-75.7351541399659,4.79478473064045],[-75.7352136503765,4.79481917109995],[-75.7353030919127,4.79489820886478],[-75.7353643638749,4.79496928166156],[-75.7353745752339,4.79498553049993],[-75.7353839068226,4.79500649589769],[-75.7353899639361,4.79502535925177],[-75.7353953522004,4.79505261187044],[-75.7353969364559,4.79507387756436],[-75.7353965499487,4.79509136312882],[-75.7353949655453,4.79511679664126],[-75.7350941793967,4.79537311496801],[-75.7349354759139,4.79553719996793],[-75.734707791895,4.79577257000182],[-75.7347156449013,4.79580536934961],[-75.7346250776233,4.79591598920318],[-75.7344281688718,4.79613277788268],[-75.7342956260724,4.79604787738147],[-75.7341649848971,4.79594266458343],[-75.7341080796019,4.7958880704316],[-75.7340264903826,4.79579656290192],[-75.7340117357055,4.7957763579901]]]},"properties":{"FID":6,"ID_BAR":371,"CODSUELO":"6600101","CODCOM":"15","COMUNA":"El Oso","CODBAR":"011506","NOMBRE":"Even-Ezer","NOM_POPULA":"Even-Ezer","ACT_GEOGRA":1180656000000,"NORMA":"Sin","CREACION":null,"ORIGEN_NOR":"Sin","OBSERVACIO":"Ajustado SPM, Visita de campo","COD_SISBEN":"15301","Shape_Area":9791.53679708819,"Shape__Area":9920.52734375,"Shape__Length":451.98080290584187,"GlobalID":"13986463-a36b-407d-956a-43f37c7233d5","CreationDate":1545839815055,"Creator":"sigper_arcgis","EditDate":1545839815055,"Editor":"sigper_arcgis"}},{"type":"Feature","id":7,"geometry":{"type":"Polygon","coordinates":[[[-75.6685770086692,4.80337625498279],[-75.6683067951177,4.80320902346427],[-75.6682747179042,4.80319160514557],[-75.6683217001898,4.8030973987919],[-75.668444404951,4.80284425600993],[-75.668489047618,4.8025270800793],[-75.668581683347,4.80224221310777],[-75.668657038834,4.80225629630986],[-75.6687694709165,4.80230379958482],[-75.6687907039197,4.80230374851356],[-75.6688091566972,4.80229318772251],[-75.6688837443838,4.80222734904508],[-75.6690181200953,4.80221264848667],[-75.6690771022263,4.80221471937526],[-75.6690974212164,4.80220730304416],[-75.6691319676756,4.80217509039248],[-75.669183069691,4.80208454020792],[-75.6692039995053,4.80193444766553],[-75.6692341454278,4.80189697076428],[-75.6693960697452,4.80172837980452],[-75.6694344181952,4.80172168954766],[-75.6694775914676,4.80169661213861],[-75.6698081889892,4.80151800349449],[-75.6702916860219,4.80129779535172],[-75.6703348134644,4.80140541567163],[-75.6703506847653,4.80152740998206],[-75.6703287794672,4.80155824663892],[-75.6703150783979,4.8015935697674],[-75.6702447860368,4.80167387485297],[-75.6702188646479,4.80173567274886],[-75.6701901916315,4.80184552979869],[-75.6701212008453,4.80194370850926],[-75.6701218826319,4.80221599080739],[-75.6701348354411,4.80228630535353],[-75.6701607819855,4.80235291214121],[-75.6701607081353,4.80239024954061],[-75.6701158734729,4.80249422412063],[-75.6701038966554,4.8025412580468],[-75.6700544876648,4.80259814374676],[-75.6700193390058,4.80266649400739],[-75.6700129239752,4.80273742491489],[-75.6699857004163,4.8027890497015],[-75.6699679833874,4.80284468451552],[-75.6699344105711,4.80301996275136],[-75.6700024408995,4.80303865485782],[-75.670099904341,4.80312358306259],[-75.6701772651395,4.80316447762308],[-75.6702633933397,4.80320507295268],[-75.67018046305,4.80324773771328],[-75.6698478916876,4.80342952625092],[-75.6697602452837,4.80344106975337],[-75.6695279369482,4.80350189726946],[-75.6693985950422,4.80353283025088],[-75.6693368662298,4.80353282482844],[-75.669259785417,4.80351799949766],[-75.6692024949482,4.80349736592587],[-75.6691540078699,4.8034782150676],[-75.6690966805659,4.80347377719291],[-75.6689688214055,4.80346198576522],[-75.6688145177457,4.80345019212215],[-75.6687439526899,4.80341335972677],[-75.6686837067986,4.8033617812417],[-75.6686528618328,4.8033367336228],[-75.6686220150192,4.80333673046539],[-75.6685770086692,4.80337625498279]]]},"properties":{"FID":7,"ID_BAR":249,"CODSUELO":"6600101","CODCOM":"01","COMUNA":"Villa Santana","CODBAR":"010113","NOMBRE":"Veracruz","NOM_POPULA":"Veracruz","ACT_GEOGRA":1180656000000,"NORMA":"74","CREACION":491011200000,"ORIGEN_NOR":"Concejo Municipal","OBSERVACIO":"Asignado por la Comunidad. Visita de campo SPM","COD_SISBEN":"01010","Shape_Area":32282.830549699131,"Shape__Area":32706.99462890625,"Shape__Length":842.138062011039,"GlobalID":"b62444ad-f527-4f3a-b35a-6bb5e2978411","CreationDate":1545839815055,"Creator":"sigper_arcgis","EditDate":1545839815055,"Editor":"sigper_arcgis"}},{"type":"Feature","id":8,"geometry":{"type":"Polygon","coordinates":[[[-75.7340117357055,4.7957763579901],[-75.7339639514157,4.79571259743618],[-75.7339522603524,4.79568802923202],[-75.7339444773922,4.79564984363891],[-75.7335504829058,4.79605028722966],[-75.7333475101653,4.79556173210866],[-75.7345218505324,4.79434865616497],[-75.734533964306,4.79435798184397],[-75.734588051769,4.79441243388505],[-75.7346936912598,4.79449246093337],[-75.7347511242073,4.7945237403609],[-75.7347888021983,4.79455440145801],[-75.7348498974745,4.79458576853887],[-75.7348813781777,4.79460567360958],[-75.7349123655042,4.79463225509388],[-75.7349576504291,4.79465975517295],[-75.735000645715,4.79469447870736],[-75.7348229630806,4.79491762570142],[-75.7340340954951,4.79575145355202],[-75.7340117357055,4.7957763579901]]]},"properties":{"FID":8,"ID_BAR":372,"CODSUELO":"6600101","CODCOM":"15","COMUNA":"El Oso","CODBAR":"011525","NOMBRE":"Nueva Colombia","NOM_POPULA":"Nueva Colombia","ACT_GEOGRA":1168041600000,"NORMA":"91","CREACION":782438400000,"ORIGEN_NOR":"Concejo Municipal","OBSERVACIO":"Ajustado a delimitacion de la Norma de creacion","COD_SISBEN":"15156","Shape_Area":13156.271759941459,"Shape__Area":13329.57373046875,"Shape__Length":556.011295840424,"GlobalID":"29769446-5024-41da-883e-80e57e9424ab","CreationDate":1545839815055,"Creator":"sigper_arcgis","EditDate":1545839815055,"Editor":"sigper_arcgis"}},{"type":"Feature","id":9,"geometry":{"type":"Polygon","coordinates":[[[-75.6934961790546,4.79453547741123],[-75.6934455430403,4.79452433012417],[-75.6933657863691,4.79451392301175],[-75.6935008543034,4.79397365778894],[-75.6936672211182,4.79353186106978],[-75.6944771486149,4.79364806493231],[-75.694808824475,4.79353000887545],[-75.6949121723251,4.79356374810109],[-75.6950563608862,4.7937589591081],[-75.6951554521439,4.79370051871455],[-75.6952714394599,4.793788376087],[-75.69545872842,4.79397952648171],[-75.6955415779812,4.79412580941453],[-75.6957039030342,4.79427628151108],[-75.6958644324746,4.79441714538293],[-75.6958260110242,4.79449840823127],[-75.6957770616726,4.79457528957328],[-75.6956111988833,4.7947904802251],[-75.6953845518985,4.79515304093814],[-75.6950951850958,4.79560719623687],[-75.6949929532695,4.7957985093821],[-75.6948828333229,4.79599561501307],[-75.694835443127,4.79584520086398],[-75.6947649527225,4.79571092867959],[-75.6946208392396,4.7954303921463],[-75.6944294040466,4.79504702238022],[-75.694402221624,4.79500664515299],[-75.6943559187447,4.79495817779238],[-75.6942522203746,4.79488448619013],[-75.6941735209233,4.79484486529442],[-75.6941062297395,4.79481817453575],[-75.6940389048137,4.794783623942],[-75.6939934814316,4.79474909148052],[-75.6939105232717,4.7946784387542],[-75.6938212608418,4.79461877095286],[-75.6937539706225,4.79458893590564],[-75.6936600232425,4.79456538782436],[-75.6934961790546,4.79453547741123]]]},"properties":{"FID":9,"ID_BAR":373,"CODSUELO":"6600101","CODCOM":"07","COMUNA":"Boston","CODBAR":"010727","NOMBRE":"San Luis Gonzaga","NOM_POPULA":"San Luis Gonzaga","ACT_GEOGRA":1168041600000,"NORMA":"Sin","CREACION":null,"ORIGEN_NOR":"Sin","OBSERVACIO":"Ajustado SPM","COD_SISBEN":"07072","Shape_Area":38656.551765388722,"Shape__Area":39164.380859375,"Shape__Length":871.97256413423781,"GlobalID":"c5877a81-affe-4134-bb82-69b07c3e9aa7","CreationDate":1545839815055,"Creator":"sigper_arcgis","EditDate":1545839815055,"Editor":"sigper_arcgis"}},{"type":"Feature","id":10,"geometry":{"type":"Polygon","coordinates":[[[-75.7335034408758,4.80344260780512],[-75.7334538596584,4.80340212577903],[-75.7333854748831,4.80337669271929],[-75.7333373022102,4.8033284222854],[-75.7333373023336,4.80327084368506],[-75.7333450829616,4.80319929372612],[-75.7333465971541,4.80318541127141],[-75.7333539910042,4.80306654391956],[-75.7333539898515,4.80297740191071],[-75.7333613833977,4.80282140847719],[-75.7333772293739,4.80275747121599],[-75.7334555771208,4.80255135192983],[-75.7335669545044,4.80231702506507],[-75.7335638908039,4.80228827085967],[-75.7335452629152,4.80228127652014],[-75.7334909987523,4.80226534585895],[-75.733554171349,4.80225460625359],[-75.7337051301958,4.80216466863843],[-75.7338189393695,4.80211609625018],[-75.7340312740162,4.80199915224223],[-75.7340661704024,4.80195835207322],[-75.7341031435171,4.80187224726055],[-75.7343753079622,4.80192791633001],[-75.7342699154886,4.80207677551111],[-75.7338224333546,4.80287755224397],[-75.7335034408758,4.80344260780512]]]},"properties":{"FID":10,"ID_BAR":251,"CODSUELO":"6600101","CODCOM":"15","COMUNA":"El Oso","CODBAR":"011534","NOMBRE":"Sauces I","NOM_POPULA":"Sauces I","ACT_GEOGRA":1168041600000,"NORMA":"Sin","CREACION":null,"ORIGEN_NOR":"Sin","OBSERVACIO":"Ajustado SPM","COD_SISBEN":"15160","Shape_Area":8000.50807121033,"Shape__Area":8106.06298828125,"Shape__Length":462.34396103395596,"GlobalID":"151fb653-3cf6-4a8e-abe3-b5489265ac50","CreationDate":1545839815055,"Creator":"sigper_arcgis","EditDate":1545839815055,"Editor":"sigper_arcgis"}},{"type":"Feature","id":11,"geometry":{"type":"Polygon","coordinates":[[[-75.7296398629549,4.79571418286072],[-75.7296313055665,4.79570155437014],[-75.7291381805369,4.79516935602241],[-75.7289495089994,4.79493345945912],[-75.729117861648,4.79480886911463],[-75.7291641665846,4.79478710943802],[-75.7292521282694,4.79474577866344],[-75.7294468913041,4.7945913747863],[-75.7299572428409,4.79511712566215],[-75.730034800933,4.79519725069932],[-75.7298079684622,4.79546934768645],[-75.7296398629549,4.79571418286072]]]},"properties":{"FID":11,"ID_BAR":374,"CODSUELO":"6600101","CODCOM":"14","COMUNA":"Perla Del Otun","CODBAR":"011406","NOMBRE":"El Paraiso","NOM_POPULA":"El Paraiso","ACT_GEOGRA":1180656000000,"NORMA":"Sin","CREACION":null,"ORIGEN_NOR":"Sin","OBSERVACIO":"Ajustado SPM, Visita de campo","COD_SISBEN":"14260","Shape_Area":7166.7704135404,"Shape__Area":7261.14404296875,"Shape__Length":350.69883886900459,"GlobalID":"596c07a9-485e-4917-8849-21d7cf7c020e","CreationDate":1545839815055,"Creator":"sigper_arcgis","EditDate":1545839815055,"Editor":"sigper_arcgis"}},{"type":"Feature","id":12,"geometry":{"type":"Polygon","coordinates":[[[-75.73511100159,4.80331883063287],[-75.7346824554152,4.80335924639643],[-75.7345817091572,4.8033502397636],[-75.7344970564818,4.80333540469856],[-75.7344372633078,4.80329826119904],[-75.7343950411755,4.80321503714656],[-75.734397681107,4.80311957279145],[-75.7344118014244,4.80307393295352],[-75.7344350069401,4.8030337868928],[-75.7344834949992,4.80298632705526],[-75.7349272511846,4.80273880320899],[-75.7349789789856,4.80268078214722],[-75.735036270687,4.80260534538047],[-75.7350845821924,4.80252923820009],[-75.7352478996661,4.80234189222524],[-75.7352767741366,4.80231905464097],[-75.7353091714484,4.80237410781244],[-75.7354447463762,4.80266864235588],[-75.7354760866921,4.80272825171586],[-75.735516653231,4.8027936019268],[-75.735543909239,4.80283201661322],[-75.735647156049,4.80295595206898],[-75.7358319586828,4.80310274076899],[-75.73593302103,4.80312156682621],[-75.7354414085383,4.80323954036978],[-75.73511100159,4.80331883063287]]]},"properties":{"FID":12,"ID_BAR":252,"CODSUELO":"6600101","CODCOM":"15","COMUNA":"El Oso","CODBAR":"011504","NOMBRE":"Cinco de Octubre","NOM_POPULA":"Cinco de Octubre","ACT_GEOGRA":1180656000000,"NORMA":"26","CREACION":514684800000,"ORIGEN_NOR":"Concejo Municipal","OBSERVACIO":"Ajustado a delimitacion de la Norma de creacion","COD_SISBEN":"15146","Shape_Area":9213.42295486002,"Shape__Area":9335.00390625,"Shape__Length":448.045644138128,"GlobalID":"94e64610-fd6d-44c1-8344-9f82eab66655","CreationDate":1545839815055,"Creator":"sigper_arcgis","EditDate":1545839815055,"Editor":"sigper_arcgis"}},{"type":"Feature","id":13,"geometry":{"type":"Polygon","coordinates":[[[-75.6975795683952,4.79563648444363],[-75.6962367998116,4.79541697219983],[-75.6959028428054,4.79535397284704],[-75.6959995477497,4.79512567465799],[-75.6960380794969,4.79494200631944],[-75.6960342096439,4.79485597317769],[-75.697497474783,4.79509269424377],[-75.6976014961491,4.79504433994565],[-75.6976568564895,4.79492074125119],[-75.6976283584464,4.79517472414712],[-75.6976382483615,4.79527875548677],[-75.6976877529429,4.79541189575786],[-75.6976506985576,4.7956481095225],[-75.6975795683952,4.79563648444363]]]},"properties":{"FID":13,"ID_BAR":375,"CODSUELO":"6600101","CODCOM":"07","COMUNA":"Boston","CODBAR":"010738","NOMBRE":"Villa Colombia","NOM_POPULA":"Villa Colombia","ACT_GEOGRA":1168041600000,"NORMA":"Sin","CREACION":null,"ORIGEN_NOR":"Sin","OBSERVACIO":"Ajustado SPM","COD_SISBEN":"07059","Shape_Area":10922.404152815339,"Shape__Area":11065.9375,"Shape__Length":531.31076577621047,"GlobalID":"f8720947-8079-42bb-b570-1d36103371b5","CreationDate":1545839815055,"Creator":"sigper_arcgis","EditDate":1545839815055,"Editor":"sigper_arcgis"}},{"type":"Feature","id":14,"geometry":{"type":"Polygon","coordinates":[[[-75.7124140667237,4.801094059005],[-75.7131928447927,4.80106842920044],[-75.7147806830437,4.80106520901062],[-75.7147792617351,4.80180079077261],[-75.7146488305897,4.80183379931866],[-75.71436373784,4.80213885706296],[-75.7140962540425,4.80233338428992],[-75.7139549405975,4.8024485754243],[-75.7138494376184,4.80265257258485],[-75.7138072834349,4.80282190033669],[-75.7137300588044,4.80295221141099],[-75.7136339589158,4.80305231923413],[-75.7134889140486,4.80312407844008],[-75.7131931562044,4.803146733619],[-75.7127760179721,4.80312978700532],[-75.7123916954285,4.80328501273739],[-75.7124140667237,4.801094059005]]]},"properties":{"FID":14,"ID_BAR":253,"CODSUELO":"6600101","CODCOM":"19","COMUNA":"El Poblado","CODBAR":"011901","NOMBRE":"Balcones de Villa Del Prado","NOM_POPULA":"Balcones de Villa Del Prado","ACT_GEOGRA":1180656000000,"NORMA":"Sin","CREACION":null,"ORIGEN_NOR":"Sin","OBSERVACIO":"Ajustado SPM","COD_SISBEN":" ","Shape_Area":48719.712624175947,"Shape__Area":49361.59814453125,"Shape__Length":930.366910325101,"GlobalID":"9a5f58d2-cfee-46f7-9de1-a65be56a84af","CreationDate":1545839815055,"Creator":"sigper_arcgis","EditDate":1545839815055,"Editor":"sigper_arcgis"}},{"type":"Feature","id":15,"geometry":{"type":"Polygon","coordinates":[[[-75.7333613833977,4.80282140847719],[-75.7333539898515,4.80297740191071],[-75.7333539910042,4.80306654391956],[-75.7333465971541,4.80318541127141],[-75.7333450829616,4.80319929372612],[-75.7328965352766,4.80324627941223],[-75.7328966018067,4.80280292105002],[-75.7333613833977,4.80282140847719]]]},"properties":{"FID":15,"ID_BAR":254,"CODSUELO":"6600101","CODCOM":"15","COMUNA":"El Oso","CODBAR":"011538","NOMBRE":"Sauces V","NOM_POPULA":"Sauces V","ACT_GEOGRA":1180656000000,"NORMA":"Sin","CREACION":null,"ORIGEN_NOR":"Sin","OBSERVACIO":"Ajustado SPM, Visita de campo","COD_SISBEN":"15332","Shape_Area":2303.90697999365,"Shape__Area":2334.306640625,"Shape__Length":193.7842974966874,"GlobalID":"10138dff-733b-42f3-895d-ffdb4e9653f5","CreationDate":1545839815055,"Creator":"sigper_arcgis","EditDate":1545839815055,"Editor":"sigper_arcgis"}},{"type":"Feature","id":16,"geometry":{"type":"Polygon","coordinates":[[[-75.7280907010917,4.79564608168449],[-75.727882803374,4.79562744876002],[-75.7277585011288,4.79560194469506],[-75.727642157347,4.79554526637502],[-75.7274260198667,4.79536014853847],[-75.7273496424577,4.79532650137036],[-75.7270887849795,4.79528536645716],[-75.7276815599488,4.79469602797183],[-75.7278128687905,4.79457558856044],[-75.7280445707566,4.79484202436939],[-75.7284752941297,4.79444712942974],[-75.7289495089994,4.79493345945912],[-75.7284708246604,4.79530846653876],[-75.7280907010917,4.79564608168449]]]},"properties":{"FID":16,"ID_BAR":376,"CODSUELO":"6600101","CODCOM":"14","COMUNA":"Perla Del Otun","CODBAR":"011402","NOMBRE":"Carlos Alberto Benavides","NOM_POPULA":"Carlos Alberto Benavides","ACT_GEOGRA":1180656000000,"NORMA":"Sin","CREACION":null,"ORIGEN_NOR":"Sin","OBSERVACIO":"Ajustado SPM, Visita de campo","COD_SISBEN":"14125","Shape_Area":13986.01674831456,"Shape__Area":14170.1689453125,"Shape__Length":540.03728593460562,"GlobalID":"47975894-8f7c-476d-92af-36f3530f46c6","CreationDate":1545839815055,"Creator":"sigper_arcgis","EditDate":1545839815055,"Editor":"sigper_arcgis"}},{"type":"Feature","id":17,"geometry":{"type":"Polygon","coordinates":[[[-75.73593302103,4.80312156682621],[-75.7358319586828,4.80310274076899],[-75.735647156049,4.80295595206898],[-75.735543909239,4.80283201661322],[-75.735516653231,4.8027936019268],[-75.7354760866921,4.80272825171586],[-75.7354447463762,4.80266864235588],[-75.7353091714484,4.80237410781244],[-75.7352767741366,4.80231905464097],[-75.735310471109,4.80213299949715],[-75.7355157276734,4.8019597298685],[-75.736026914259,4.80159879406928],[-75.7360578309266,4.80153946626779],[-75.7360632169425,4.80142489088972],[-75.7360847317917,4.80137635444108],[-75.736171602624,4.80136745209644],[-75.7362334372608,4.8013431296934],[-75.7364126710637,4.8012394319683],[-75.7365117255844,4.80117874365205],[-75.7366028922708,4.80113303184195],[-75.7366618388881,4.80111727601139],[-75.7367683233338,4.80108316895846],[-75.7368948437666,4.80103509013031],[-75.7369538260746,4.80100197276868],[-75.7370948538972,4.80091434806627],[-75.7371749984523,4.8008812297624],[-75.7372173598466,4.80087019032244],[-75.7372536295478,4.80086074090854],[-75.7374093070807,4.80083147125514],[-75.7374282514693,4.80082915790552],[-75.7373199043921,4.80108759404564],[-75.7373252924659,4.80112374805654],[-75.7373568445181,4.80114790956906],[-75.7375586503951,4.80104767316482],[-75.7376740100678,4.80113543536339],[-75.7375586932223,4.80157800140407],[-75.737162353141,4.80292989581649],[-75.7370981605929,4.80302260669487],[-75.7370540409236,4.80319645663639],[-75.7369840005891,4.80314647361138],[-75.7369082200947,4.80310173640809],[-75.7368028259012,4.80305320179164],[-75.7367625064395,4.80304029120475],[-75.7366972907163,4.80302379589207],[-75.7366071097756,4.80300949084699],[-75.7365212938882,4.80300463456787],[-75.7364550577676,4.80300486504945],[-75.7363694545275,4.80301110108091],[-75.7362942029922,4.80302222943727],[-75.73593302103,4.80312156682621]]]},"properties":{"FID":17,"ID_BAR":255,"CODSUELO":"6600101","CODCOM":"15","COMUNA":"El Oso","CODBAR":"011501","NOMBRE":"Alameda","NOM_POPULA":"Alameda","ACT_GEOGRA":1168041600000,"NORMA":"Sin","CREACION":null,"ORIGEN_NOR":"Sin","OBSERVACIO":"Ajustado SPM","COD_SISBEN":"15219","Shape_Area":42128.926616812278,"Shape__Area":42684.79345703125,"Shape__Length":884.22276229262127,"GlobalID":"17b84fe6-fef0-4728-92ba-642df8c9fcae","CreationDate":1545839815055,"Creator":"sigper_arcgis","EditDate":1545839815055,"Editor":"sigper_arcgis"}},{"type":"Feature","id":18,"geometry":{"type":"Polygon","coordinates":[[[-75.7270887849795,4.79528536645716],[-75.7268726476824,4.79534889752833],[-75.7267205272652,4.79549998100096],[-75.7266676020593,4.79551988582063],[-75.7266102401364,4.79551324509004],[-75.726539638239,4.79547564226015],[-75.7264976989876,4.79541147526886],[-75.7264822408649,4.79533847648965],[-75.7265219612309,4.79527431008234],[-75.7266168602705,4.7951592576762],[-75.7266455234469,4.7950906747702],[-75.7266455232987,4.79490041697585],[-75.7266261913923,4.7947377290336],[-75.7265357301232,4.79446560633971],[-75.7265423496503,4.79440587214224],[-75.7266129518676,4.79432400748731],[-75.7267585577008,4.79419789921278],[-75.7268115175627,4.7941226752],[-75.7268490191024,4.79400984893285],[-75.7268644774185,4.79388594778882],[-75.7268887398001,4.79379081847046],[-75.7269754339512,4.79368680542689],[-75.7274168981314,4.79416225611787],[-75.7276297255961,4.79438711508361],[-75.7278128687905,4.79457558856044],[-75.7276815599488,4.79469602797183],[-75.7270887849795,4.79528536645716]]]},"properties":{"FID":18,"ID_BAR":377,"CODSUELO":"6600101","CODCOM":"14","COMUNA":"Perla Del Otun","CODBAR":"011419","NOMBRE":"Villa Maria","NOM_POPULA":"Villa Maria","ACT_GEOGRA":1180656000000,"NORMA":"116","CREACION":660873600000,"ORIGEN_NOR":"Concejo Municipal","OBSERVACIO":"Ajustado a delimitacion de la Norma de creacion","COD_SISBEN":"14144","Shape_Area":15139.12070772249,"Shape__Area":15338.421875,"Shape__Length":545.53919741034758,"GlobalID":"3de95f43-b029-4cbf-8148-0dc1063bab4e","CreationDate":1545839815055,"Creator":"sigper_arcgis","EditDate":1545839815055,"Editor":"sigper_arcgis"}},{"type":"Feature","id":19,"geometry":{"type":"Polygon","coordinates":[[[-75.7505164036637,4.80318133748982],[-75.7504691799952,4.80310523271613],[-75.7503692770865,4.80302646240984],[-75.750180247303,4.80288985105369],[-75.7500894294635,4.80282376164159],[-75.750036678223,4.8027679333156],[-75.7499883271176,4.80268861328927],[-75.7499560688464,4.80260196368881],[-75.7499560669361,4.80253585303648],[-75.7500045865471,4.80241760266203],[-75.7501247275683,4.80221930380834],[-75.750246350772,4.80209151311438],[-75.7503928709743,4.80202246634206],[-75.7505387932203,4.80199187006403],[-75.7506236578728,4.80198227666332],[-75.7508475791597,4.8019738613841],[-75.7510033630864,4.80199148351316],[-75.7510432952774,4.80200262692236],[-75.7510472455476,4.80317349406591],[-75.7505164036637,4.80318133748982]]]},"properties":{"FID":19,"ID_BAR":256,"CODSUELO":"6600101","CODCOM":"11","COMUNA":"Olimpica","CODBAR":"011129","NOMBRE":"Reserva de La Villa","NOM_POPULA":"Reserva de La Villa","ACT_GEOGRA":1180656000000,"NORMA":"Sin","CREACION":null,"ORIGEN_NOR":"Sin","OBSERVACIO":"Ajustado SPM","COD_SISBEN":" ","Shape_Area":13000.829669449649,"Shape__Area":13172.53759765625,"Shape__Length":440.219883529065,"GlobalID":"5b1a409d-0fc4-4619-9252-f7342694c2a3","CreationDate":1545839815055,"Creator":"sigper_arcgis","EditDate":1545839815055,"Editor":"sigper_arcgis"}},{"type":"Feature","id":20,"geometry":{"type":"Polygon","coordinates":[[[-75.6922433901973,4.79486541761249],[-75.6920781768162,4.79475072829441],[-75.6922211131384,4.79461167970593],[-75.6922981596679,4.79460654456032],[-75.6924847873272,4.79463746243902],[-75.6926200394468,4.79464948015351],[-75.692685113007,4.79464603928118],[-75.6927931130134,4.79460671079163],[-75.6928230458186,4.79458037699466],[-75.6928891067397,4.79454846523854],[-75.6930676030566,4.79450329389143],[-75.6933321232217,4.79450954161593],[-75.6933657863691,4.79451392301175],[-75.6934455430403,4.79452433012417],[-75.6934961790546,4.79453547741123],[-75.6934667352442,4.79465331868025],[-75.6935664576138,4.7946718520027],[-75.6936224436625,4.79471360840176],[-75.6935235234223,4.7948727584532],[-75.6931678438498,4.79544494585252],[-75.6924205763132,4.79498840950999],[-75.6922433901973,4.79486541761249]]]},"properties":{"FID":20,"ID_BAR":378,"CODSUELO":"6600101","CODCOM":"07","COMUNA":"Boston","CODBAR":"010730","NOMBRE":"Terminal","NOM_POPULA":"Terminal","ACT_GEOGRA":1168041600000,"NORMA":"Sin","CREACION":null,"ORIGEN_NOR":"Sin","OBSERVACIO":"Ajustado SPM","COD_SISBEN":"07055","Shape_Area":9631.11196104469,"Shape__Area":9757.6298828125,"Shape__Length":440.91311668961612,"GlobalID":"4bf712b4-7594-412d-b09d-eb11f233628a","CreationDate":1545839815055,"Creator":"sigper_arcgis","EditDate":1545839815055,"Editor":"sigper_arcgis"}},{"type":"Feature","id":21,"geometry":{"type":"Polygon","coordinates":[[[-75.7201831996788,4.80245251424426],[-75.7201689032461,4.80245599352407],[-75.7201211184469,4.8024733376317],[-75.7200697062642,4.80251940082945],[-75.720009417581,4.80286690493143],[-75.7199208548512,4.80302367511165],[-75.7198473985446,4.80308411405346],[-75.7197060866582,4.80313132447941],[-75.7195836498543,4.80315020415211],[-75.7194509307432,4.80313103882821],[-75.7193661723165,4.80308947885033],[-75.7192682091955,4.8030120459376],[-75.7192041583596,4.80286094504303],[-75.7191154225594,4.80261831651956],[-75.7190212290397,4.80248044427785],[-75.7188629804532,4.8023935614392],[-75.718665152501,4.80237278819013],[-75.7184598226888,4.80239355655894],[-75.7183128769747,4.80243511419234],[-75.7179863772019,4.8025623318704],[-75.7177942165226,4.80266053128939],[-75.7174747603358,4.80267137131388],[-75.7168775782308,4.80254859239657],[-75.7168172931921,4.80252026116953],[-75.7167890176986,4.80247304937277],[-75.716821063896,4.80232383883125],[-75.7168212072847,4.80214375452878],[-75.7166761306004,4.8020285410404],[-75.7166497560896,4.80197753240059],[-75.7166535249953,4.80191521995335],[-75.7167138115372,4.80182455976729],[-75.7168004732221,4.80173957086796],[-75.7168268487445,4.80167913059663],[-75.7168306177098,4.80160358913936],[-75.7167695936944,4.80154664499724],[-75.7164888739229,4.8014937593556],[-75.7163438307456,4.80142764772238],[-75.716279778495,4.8014276464914],[-75.7162326621047,4.8014465267342],[-75.716119065818,4.80132850563993],[-75.7168016789669,4.80111165802705],[-75.716996690791,4.80108659874273],[-75.7171541646381,4.80108660084102],[-75.7180209726361,4.80129138886106],[-75.7187868249465,4.80148103809444],[-75.719293437946,4.80158721182817],[-75.7199068878655,4.80172417204714],[-75.7203279327569,4.80183534238779],[-75.7206019265377,4.8018988412521],[-75.7205716432733,4.80195719647095],[-75.7205564657495,4.8020115966655],[-75.7205609727667,4.80204255863558],[-75.7205590707007,4.80207883725538],[-75.7205514990897,4.80210875723294],[-75.7205364986577,4.80214058445094],[-75.720512165922,4.80215934127403],[-75.7204751560068,4.80216801346608],[-75.720433956462,4.80218530380445],[-75.7203993773208,4.80220754073429],[-75.7203770162438,4.80224325339074],[-75.720342753458,4.80227960232497],[-75.7202996873272,4.80230883239593],[-75.7202447189303,4.80232940868044],[-75.7201831996788,4.80245251424426]]]},"properties":{"FID":21,"ID_BAR":257,"CODSUELO":"6600101","CODCOM":"10","COMUNA":"Consota","CODBAR":"011006","NOMBRE":"Dorado II","NOM_POPULA":"Dorado II","ACT_GEOGRA":1180656000000,"NORMA":"58","CREACION":653270400000,"ORIGEN_NOR":"Concejo Municipal","OBSERVACIO":"Ajustado a delimitacion de la Norma de creacion","COD_SISBEN":"10304","Shape_Area":56765.789139019937,"Shape__Area":57513.91650390625,"Shape__Length":1282.9470920129781,"GlobalID":"09b7caf3-1a15-4d5a-a7a3-ca1f4309a02b","CreationDate":1545839815055,"Creator":"sigper_arcgis","EditDate":1545839815055,"Editor":"sigper_arcgis"}},{"type":"Feature","id":22,"geometry":{"type":"Polygon","coordinates":[[[-75.6976568564895,4.79492074125119],[-75.697632886322,4.79467664750296],[-75.6975892976435,4.79456706867886],[-75.6974417266795,4.79442043001665],[-75.697357609662,4.794257933283],[-75.6973252184087,4.79415144631425],[-75.697309239135,4.79398503077001],[-75.6972444210518,4.79376285448712],[-75.6970197377376,4.79352136578914],[-75.6969497061925,4.79336976685479],[-75.696977529686,4.79323811357971],[-75.697030704807,4.7931727301337],[-75.6971470863706,4.79310560116856],[-75.6972003987203,4.79309396348904],[-75.6973790182688,4.79263734813783],[-75.6978749142503,4.79279772537903],[-75.6982210861144,4.79293038406835],[-75.6986871534212,4.79318961503361],[-75.6989054669851,4.79334879604775],[-75.6990840602081,4.7935168071786],[-75.6992280036287,4.79369700364986],[-75.6992770871549,4.79377284817598],[-75.6993212053966,4.79385171214602],[-75.6993601481453,4.79393326063956],[-75.6993779292272,4.79396892135496],[-75.6994209875601,4.79414137730318],[-75.699464044941,4.79434264069105],[-75.6994661920253,4.79437164231036],[-75.699446206641,4.79487190850918],[-75.6994153155976,4.79510165839988],[-75.6993948541869,4.79515464486523],[-75.6976877529429,4.79541189575786],[-75.6976382483615,4.79527875548677],[-75.6976283584464,4.79517472414712],[-75.6976568564895,4.79492074125119]]]},"properties":{"FID":22,"ID_BAR":379,"CODSUELO":"6600101","CODCOM":"07","COMUNA":"Boston","CODBAR":"010719","NOMBRE":"La Unidad","NOM_POPULA":"Unidad","ACT_GEOGRA":1180656000000,"NORMA":"90","CREACION":565228800000,"ORIGEN_NOR":"Concejo Municipal","OBSERVACIO":"No aplica la Norma de creacion del CMP","COD_SISBEN":"07067","Shape_Area":55767.165667130379,"Shape__Area":56499.87841796875,"Shape__Length":955.95986297771356,"GlobalID":"f028b0a2-58c3-4677-a848-4fb2f92e7b02","CreationDate":1545839815055,"Creator":"sigper_arcgis","EditDate":1545839815055,"Editor":"sigper_arcgis"}},{"type":"Feature","id":23,"geometry":{"type":"Polygon","coordinates":[[[-75.7214945759069,4.8030421639953],[-75.7214538342028,4.80301471635689],[-75.7213030518817,4.80286564534943],[-75.7211789962398,4.80269449622614],[-75.7210358203659,4.80253396335154],[-75.7208784523777,4.80248466599882],[-75.7202492246589,4.8024412292347],[-75.7201831996788,4.80245251424426],[-75.7202447189303,4.80232940868044],[-75.7202996873272,4.80230883239593],[-75.720342753458,4.80227960232497],[-75.7203770162438,4.80224325339074],[-75.7203993773208,4.80220754073429],[-75.720433956462,4.80218530380445],[-75.7204751560068,4.80216801346608],[-75.720512165922,4.80215934127403],[-75.7205364986577,4.80214058445094],[-75.7205514990897,4.80210875723294],[-75.7205590707007,4.80207883725538],[-75.7205609727667,4.80204255863558],[-75.7205564657495,4.8020115966655],[-75.7205716432733,4.80195719647095],[-75.7206019265377,4.8018988412521],[-75.7207760210038,4.8019293277878],[-75.7208020084907,4.80193238364539],[-75.7208317990739,4.8019304232364],[-75.7208564133533,4.80192424144712],[-75.7216194188998,4.8015209119974],[-75.7218784143297,4.80139120214875],[-75.7221368089937,4.80145438190119],[-75.7220709233876,4.80169729073555],[-75.721792978661,4.80244321990474],[-75.7214945759069,4.8030421639953]]]},"properties":{"FID":23,"ID_BAR":258,"CODSUELO":"6600101","CODCOM":"10","COMUNA":"Consota","CODBAR":"011010","NOMBRE":"Las Piramides","NOM_POPULA":"Las Piramides","ACT_GEOGRA":1180656000000,"NORMA":"32","CREACION":860198400000,"ORIGEN_NOR":"Concejo Municipal","OBSERVACIO":"Ajustado a delimitacion de la Norma de creacion","COD_SISBEN":" ","Shape_Area":17338.424407516552,"Shape__Area":17566.9794921875,"Shape__Length":634.96455813887019,"GlobalID":"00fdff7d-c182-485e-a003-609ec1db93c3","CreationDate":1545839815055,"Creator":"sigper_arcgis","EditDate":1545839815055,"Editor":"sigper_arcgis"}},{"type":"Feature","id":24,"geometry":{"type":"Polygon","coordinates":[[[-75.6675992868008,4.79424061716725],[-75.6670579502229,4.79513908606012],[-75.6668163365298,4.79492858276848],[-75.6665832485167,4.79468056607551],[-75.6663719525726,4.79449156086969],[-75.6661412598427,4.79423054453558],[-75.6659087347475,4.7939973993602],[-75.6656920527417,4.79379002472027],[-75.6656521250421,4.79374798512085],[-75.6656120541378,4.79373180329523],[-75.6655651517358,4.79371678530728],[-75.6655331797477,4.79370277633306],[-75.6654702912311,4.79367774387271],[-75.6654243748654,4.79366572930569],[-75.6653652902274,4.79363455003902],[-75.6653083892612,4.7936055078965],[-75.6652474724161,4.79358448436322],[-75.6651699342029,4.79357930220147],[-75.6653022803569,4.7926074469053],[-75.6653692252197,4.79255510156506],[-75.6654311685377,4.79251022766294],[-75.6654740956653,4.79248096509459],[-75.6655195235909,4.79244202368177],[-75.6655525560713,4.79240693134571],[-75.6655804126094,4.79237120272364],[-75.6655993248001,4.79234259206406],[-75.6656201393262,4.79230522072778],[-75.6657075072516,4.79224418727212],[-75.6657054702579,4.79218946914382],[-75.6657129026549,4.7921594091057],[-75.6657199834706,4.7921276523741],[-75.6657276634749,4.79208803630758],[-75.665748797716,4.79201299183047],[-75.6657673927824,4.7919781806435],[-75.6657655986179,4.79196233736496],[-75.6657659516237,4.79194665311073],[-75.6657689118156,4.7919291679819],[-75.6657748987993,4.79191136546009],[-75.6658108964741,4.79180099672627],[-75.6658197465978,4.79167291072355],[-75.6660030166132,4.7914176184886],[-75.6661285271067,4.79127371677923],[-75.6661454352618,4.79121248350794],[-75.6661500282114,4.79103999430267],[-75.6661530921001,4.79102861974618],[-75.6661615448726,4.79101203551885],[-75.6661696451457,4.79100210967659],[-75.6661799275038,4.79099333284539],[-75.6661980276463,4.79098406137276],[-75.6662197203404,4.79097016323797],[-75.6662423629136,4.79095536483714],[-75.6662623299257,4.79094582871774],[-75.6662839865767,4.79093851820036],[-75.6663055013177,4.79093405147974],[-75.6663204324971,4.79093246317394],[-75.6678110950659,4.79092264952849],[-75.6678186621467,4.79096754772837],[-75.667828686789,4.79109950408764],[-75.6678266682903,4.79123182977392],[-75.6678607413994,4.79179623087224],[-75.6678438860014,4.79207144385752],[-75.6678362646035,4.7922452224274],[-75.6673127532528,4.79227382469805],[-75.667416523151,4.79351702980438],[-75.6674451170214,4.7935110977737],[-75.6675161429454,4.79348662386317],[-75.6675409344103,4.79347118891013],[-75.6675586468698,4.79346467392042],[-75.667576605318,4.79346960270361],[-75.66759801568,4.7934576295513],[-75.667616678994,4.79345457535687],[-75.6676447082808,4.79345765175762],[-75.6676849944853,4.79342731140732],[-75.6677086580877,4.79341387203538],[-75.6677248578069,4.79340235732177],[-75.6677660943144,4.79337574445074],[-75.66784419785,4.79335445012374],[-75.6676677849552,4.79412694782992],[-75.6675992868008,4.79424061716725]]]},"properties":{"FID":24,"ID_BAR":380,"CODSUELO":"6600101","CODCOM":"01","COMUNA":"Villa Santana","CODBAR":"010104","NOMBRE":"El Danubio *2, *4","NOM_POPULA":"El Danubio *2, *4","ACT_GEOGRA":1168041600000,"NORMA":"32","CREACION":489369600000,"ORIGEN_NOR":"Concejo Municipal","OBSERVACIO":"Acuerdo sin delimitacion","COD_SISBEN":"01001","Shape_Area":89118.764114398771,"Shape__Area":90286.92919921875,"Shape__Length":1405.6629260947977,"GlobalID":"0f5866e8-6077-49cc-840d-15174a7b37cf","CreationDate":1545839815055,"Creator":"sigper_arcgis","EditDate":1545839815055,"Editor":"sigper_arcgis"}},{"type":"Feature","id":25,"geometry":{"type":"Polygon","coordinates":[[[-75.7552521704965,4.80225512130207],[-75.7550216259336,4.80246542904981],[-75.7547473685844,4.80281238720589],[-75.7546627909234,4.80303612859291],[-75.7546038864004,4.80303634476639],[-75.753212799092,4.80304144843384],[-75.7532001026651,4.80278242998563],[-75.7532028477479,4.80263457282957],[-75.7534643439008,4.8026771467008],[-75.7538091731481,4.80229124811769],[-75.7539890286914,4.80193274967611],[-75.7544407553115,4.80130275296034],[-75.7545353133805,4.80155510761506],[-75.7545899676009,4.80165016409686],[-75.7548059779442,4.80192766491182],[-75.7552621796789,4.80224644995416],[-75.7552521704965,4.80225512130207]]]},"properties":{"FID":25,"ID_BAR":259,"CODSUELO":"6600101","CODCOM":"11","COMUNA":"Olimpica","CODBAR":"011107","NOMBRE":"Colores de La Villa","NOM_POPULA":"Colores de La Villa","ACT_GEOGRA":1180656000000,"NORMA":"Sin","CREACION":null,"ORIGEN_NOR":"Sin","OBSERVACIO":"Ajustado SPM","COD_SISBEN":" ","Shape_Area":21484.742831903612,"Shape__Area":21768.5517578125,"Shape__Length":681.30119105728625,"GlobalID":"167de11a-8acf-4986-992e-da62a9df97e1","CreationDate":1545839815055,"Creator":"sigper_arcgis","EditDate":1545839815055,"Editor":"sigper_arcgis"}},{"type":"Feature","id":26,"geometry":{"type":"Polygon","coordinates":[[[-75.7323662242923,4.79491397614168],[-75.7326558820466,4.79440696082598],[-75.7327853933109,4.79417680188917],[-75.7330906496457,4.79366450465148],[-75.7332469571851,4.79338808783747],[-75.7332620985899,4.79341281561046],[-75.7332872060796,4.79344368889151],[-75.733310975168,4.79346816874622],[-75.7333392509578,4.79349275419971],[-75.7334158751835,4.79354828395956],[-75.7335306343787,4.79358689240755],[-75.7336255330537,4.79363373211422],[-75.733681416933,4.79366766015784],[-75.7330225579484,4.7947644593909],[-75.7329235382812,4.79470734044641],[-75.7326875446938,4.79509951589414],[-75.732475314691,4.79496703316534],[-75.7323662242923,4.79491397614168]]]},"properties":{"FID":26,"ID_BAR":382,"CODSUELO":"6600101","CODCOM":"15","COMUNA":"El Oso","CODBAR":"011545","NOMBRE":"Villa Ligia III","NOM_POPULA":"Villa Ligia III","ACT_GEOGRA":1168041600000,"NORMA":"102","CREACION":837129600000,"ORIGEN_NOR":"Concejo Municipal","OBSERVACIO":"Ajustado SPM, Visita de campo","COD_SISBEN":"15280","Shape_Area":9983.47001232693,"Shape__Area":10114.93603515625,"Shape__Length":503.4228980709542,"GlobalID":"581031c5-b59e-4122-8c05-5a53b5d2cae6","CreationDate":1545839815055,"Creator":"sigper_arcgis","EditDate":1545839815055,"Editor":"sigper_arcgis"}},{"type":"Feature","id":27,"geometry":{"type":"Polygon","coordinates":[[[-75.6960342096439,4.79485597317769],[-75.6960314311914,4.79477080560612],[-75.6959747076198,4.7946797891652],[-75.6959028041796,4.79464585688066],[-75.6958260110242,4.79449840823127],[-75.6958644324746,4.79441714538293],[-75.6959142285805,4.79431352318326],[-75.6959852606605,4.79414063077692],[-75.6960287197243,4.79398983170986],[-75.6960572490051,4.79384251195302],[-75.6960777470537,4.79375791035961],[-75.6962929313347,4.79378591512419],[-75.6962946938771,4.79376132865668],[-75.6964750876276,4.79378943752158],[-75.6965206152918,4.7938631974774],[-75.6968325628931,4.79395404799565],[-75.6970581698152,4.79399584764345],[-75.6971419001677,4.79413902143913],[-75.6972056630107,4.79431850837497],[-75.6972865753095,4.79447833803852],[-75.6973748495634,4.79459636142461],[-75.697632886322,4.79467664750296],[-75.6976568564895,4.79492074125119],[-75.6976014961491,4.79504433994565],[-75.697497474783,4.79509269424377],[-75.6960342096439,4.79485597317769]]]},"properties":{"FID":27,"ID_BAR":383,"CODSUELO":"6600101","CODCOM":"07","COMUNA":"Boston","CODBAR":"010708","NOMBRE":"Ciudad Pereira","NOM_POPULA":"Ciudad Pereira","ACT_GEOGRA":1180656000000,"NORMA":"Sin","CREACION":null,"ORIGEN_NOR":"Sin","OBSERVACIO":"Ajustado SPM","COD_SISBEN":" ","Shape_Area":18739.895477798658,"Shape__Area":18986.1083984375,"Shape__Length":581.91837592852994,"GlobalID":"ce21e68a-1777-4085-9be1-cae339cfe27f","CreationDate":1545839815055,"Creator":"sigper_arcgis","EditDate":1545839815055,"Editor":"sigper_arcgis"}},{"type":"Feature","id":28,"geometry":{"type":"Polygon","coordinates":[[[-75.7437442497727,4.80238633054276],[-75.7438502537646,4.80285421937163],[-75.7438099702085,4.80288392855928],[-75.7436841828883,4.80267567585035],[-75.7433941349889,4.80287890505364],[-75.7430189246802,4.80237384343441],[-75.7432311864359,4.80220456344615],[-75.7433794714441,4.80227142864686],[-75.7435784643841,4.80236840786702],[-75.743608748487,4.80237601962926],[-75.7437061840276,4.80238687900783],[-75.7437442497727,4.80238633054276]]]},"properties":{"FID":28,"ID_BAR":260,"CODSUELO":"6600101","CODCOM":"09","COMUNA":"Cuba","CODBAR":"010901","NOMBRE":"Barberos","NOM_POPULA":"Barberos","ACT_GEOGRA":1180656000000,"NORMA":"79","CREACION":973728000000,"ORIGEN_NOR":"Concejo Municipal","OBSERVACIO":"Ajustado a delimitacion de la Norma de creacion","COD_SISBEN":"09075","Shape_Area":3735.19006338122,"Shape__Area":3784.50048828125,"Shape__Length":287.65711143223967,"GlobalID":"93b1fd8b-56fa-4659-b910-c0ff6e6a4f92","CreationDate":1545839815055,"Creator":"sigper_arcgis","EditDate":1545839815055,"Editor":"sigper_arcgis"}},{"type":"Feature","id":29,"geometry":{"type":"Polygon","coordinates":[[[-75.7328966018067,4.80280292105002],[-75.7324218545438,4.80278406198031],[-75.7323707950209,4.80277369388956],[-75.7319617195984,4.80253859484628],[-75.732210323333,4.80214968738352],[-75.7321874339474,4.80212736172134],[-75.7323096236063,4.80195273428655],[-75.7323031083526,4.80187659158066],[-75.7324224447265,4.80171344454059],[-75.732405084089,4.80164383758483],[-75.7325374143017,4.80148286235962],[-75.7326310449469,4.80130977145714],[-75.7326975617654,4.80115137499313],[-75.7331017787084,4.80155569643553],[-75.7332926366344,4.80168858584906],[-75.7332172820388,4.80195908453938],[-75.7333592290062,4.80214699171828],[-75.733429269359,4.80222481189155],[-75.7334557848383,4.80224920321104],[-75.7334909987523,4.80226534585895],[-75.7335452629152,4.80228127652014],[-75.7335638908039,4.80228827085967],[-75.7335669545044,4.80231702506507],[-75.7334555771208,4.80255135192983],[-75.7333772293739,4.80275747121599],[-75.7333613833977,4.80282140847719],[-75.7328966018067,4.80280292105002]]]},"properties":{"FID":29,"ID_BAR":261,"CODSUELO":"6600101","CODCOM":"15","COMUNA":"El Oso","CODBAR":"011535","NOMBRE":"Sauces II","NOM_POPULA":"Sauces II","ACT_GEOGRA":1180656000000,"NORMA":"Sin","CREACION":null,"ORIGEN_NOR":"Sin","OBSERVACIO":"Ajustado SPM, Visita de campo","COD_SISBEN":"15161","Shape_Area":18830.926491840921,"Shape__Area":19079.3349609375,"Shape__Length":585.40243432222,"GlobalID":"c97437df-386f-4c9f-a115-ca9a564c38a5","CreationDate":1545839815055,"Creator":"sigper_arcgis","EditDate":1545839815055,"Editor":"sigper_arcgis"}},{"type":"Feature","id":30,"geometry":{"type":"Polygon","coordinates":[[[-75.7304310582171,4.79465656119024],[-75.7303927820577,4.79461671530555],[-75.7306108899133,4.79442304769669],[-75.7309169588008,4.79413718120867],[-75.7309497782023,4.79417564937543],[-75.7309846033717,4.79424878941261],[-75.730978125194,4.79429176189848],[-75.7309247077596,4.79441765881875],[-75.7308591774273,4.79454438618839],[-75.7307933300532,4.79470919274964],[-75.7307294200831,4.79501437982312],[-75.7304310582171,4.79465656119024]]]},"properties":{"FID":30,"ID_BAR":384,"CODSUELO":"6600101","CODCOM":"14","COMUNA":"Perla Del Otun","CODBAR":"011416","NOMBRE":"Neyra Marquez","NOM_POPULA":"Neyra Marquez","ACT_GEOGRA":1180656000000,"NORMA":"113","CREACION":661392000000,"ORIGEN_NOR":"Concejo Municipal","OBSERVACIO":"Ajustado a delimitacion de la Norma de creacion","COD_SISBEN":"14141","Shape_Area":2584.41458165998,"Shape__Area":2618.4453125,"Shape__Length":242.72635096031809,"GlobalID":"93eabbd8-b900-4fb3-a117-df37e160dfe4","CreationDate":1545839815055,"Creator":"sigper_arcgis","EditDate":1545839815055,"Editor":"sigper_arcgis"}},{"type":"Feature","id":31,"geometry":{"type":"Polygon","coordinates":[[[-75.7318129805072,4.80280029839381],[-75.7312608670276,4.80237575345797],[-75.7311747357914,4.8024500416752],[-75.7308915129308,4.80224924098267],[-75.7310435985641,4.80210825954882],[-75.7312484337564,4.80193285438284],[-75.7316542294706,4.80153472586128],[-75.7321250634471,4.80113375267119],[-75.7323084853196,4.8005760824351],[-75.7325494797991,4.79992261123867],[-75.7326492745017,4.80001270568812],[-75.7327311452603,4.80006496792515],[-75.7327906912636,4.80008363654729],[-75.7328220663895,4.80009216668926],[-75.7328533357485,4.80009764180725],[-75.7328948877579,4.80010043224095],[-75.7329488346188,4.80011722836203],[-75.7330288390762,4.80016761820634],[-75.7330715177689,4.80020485006541],[-75.7331156409984,4.80024121596843],[-75.7331776868906,4.80028893870662],[-75.7332223377366,4.80030760778957],[-75.733246810649,4.80030824363824],[-75.7331299397499,4.80048603342509],[-75.7326975617654,4.80115137499313],[-75.7326310449469,4.80130977145714],[-75.7325374143017,4.80148286235962],[-75.732405084089,4.80164383758483],[-75.7324224447265,4.80171344454059],[-75.7323031083526,4.80187659158066],[-75.7323096236063,4.80195273428655],[-75.7321874339474,4.80212736172134],[-75.732210323333,4.80214968738352],[-75.7319617195984,4.80253859484628],[-75.7318129805072,4.80280029839381]]]},"properties":{"FID":31,"ID_BAR":262,"CODSUELO":"6600101","CODCOM":"15","COMUNA":"El Oso","CODBAR":"011507","NOMBRE":"Guadalupe","NOM_POPULA":"Guadalupe","ACT_GEOGRA":1180656000000,"NORMA":"Sin","CREACION":null,"ORIGEN_NOR":"Sin","OBSERVACIO":"Ajustado SPM, Visita de campo","COD_SISBEN":"15149","Shape_Area":25705.05427901775,"Shape__Area":26044.076171875,"Shape__Length":877.022046116385,"GlobalID":"97de7833-96b0-4aaf-aeb9-99779d095e03","CreationDate":1545839815055,"Creator":"sigper_arcgis","EditDate":1545839815055,"Editor":"sigper_arcgis"}},{"type":"Feature","id":32,"geometry":{"type":"Polygon","coordinates":[[[-75.7291641665846,4.79478710943802],[-75.729117861648,4.79480886911463],[-75.7289495089994,4.79493345945912],[-75.7284752941297,4.79444712942974],[-75.7280445707566,4.79484202436939],[-75.7278128687905,4.79457558856044],[-75.7276297255961,4.79438711508361],[-75.7285048004561,4.79356417418354],[-75.7289315471855,4.79399568052563],[-75.7288536563696,4.79409451835972],[-75.7286928749829,4.79425489265131],[-75.729133742366,4.79474558479467],[-75.7291641665846,4.79478710943802]]]},"properties":{"FID":32,"ID_BAR":385,"CODSUELO":"6600101","CODCOM":"14","COMUNA":"Perla Del Otun","CODBAR":"011405","NOMBRE":"El Bosque","NOM_POPULA":"Villa del Bosque","ACT_GEOGRA":1168041600000,"NORMA":"Sin","CREACION":null,"ORIGEN_NOR":"Sin","OBSERVACIO":"Ajustado SPM, Visita de campo","COD_SISBEN":"14128","Shape_Area":11586.117065276039,"Shape__Area":11738.6494140625,"Shape__Length":558.94257712521323,"GlobalID":"e6be3860-e9f8-47ea-9d37-f08f305ae5f0","CreationDate":1545839815055,"Creator":"sigper_arcgis","EditDate":1545839815055,"Editor":"sigper_arcgis"}},{"type":"Feature","id":33,"geometry":{"type":"Polygon","coordinates":[[[-75.7319878945728,4.79473000917264],[-75.7324506570515,4.7939645390284],[-75.7326865140924,4.79407326612476],[-75.7331885726297,4.79324207504186],[-75.7331950164873,4.7932594546911],[-75.7331986441871,4.79327540309954],[-75.7332002285659,4.79328873837421],[-75.7332091729944,4.79331270630012],[-75.7332254416412,4.79334811865174],[-75.7332469571851,4.79338808783747],[-75.7330906496457,4.79366450465148],[-75.7327853933109,4.79417680188917],[-75.7326558820466,4.79440696082598],[-75.7323662242923,4.79491397614168],[-75.7319878945728,4.79473000917264]]]},"properties":{"FID":33,"ID_BAR":386,"CODSUELO":"6600101","CODCOM":"15","COMUNA":"El Oso","CODBAR":"011515","NOMBRE":"La Nueva Villa","NOM_POPULA":"La Nueva Villa","ACT_GEOGRA":1180656000000,"NORMA":"Sin","CREACION":null,"ORIGEN_NOR":"Sin","OBSERVACIO":"Ajustado SPM, Visita de campo","COD_SISBEN":"15216","Shape_Area":5988.48443492141,"Shape__Area":6067.34326171875,"Shape__Length":498.31828766736396,"GlobalID":"3f185457-3d7e-4781-a4e2-ef136e9d035b","CreationDate":1545839815055,"Creator":"sigper_arcgis","EditDate":1545839815055,"Editor":"sigper_arcgis"}},{"type":"Feature","id":34,"geometry":{"type":"Polygon","coordinates":[[[-75.7410512766865,4.80255300111346],[-75.7410406779394,4.80258007778563],[-75.7408705963204,4.80251882792934],[-75.7407702047343,4.80260571130094],[-75.7406398122341,4.80273440112692],[-75.7405903725308,4.80275980056108],[-75.7405264251527,4.80277311950883],[-75.7404378286344,4.80276330039992],[-75.7400468872319,4.80265201873124],[-75.7399745233053,4.80261452282561],[-75.7399251881434,4.80257193972007],[-75.7398724721207,4.80248702093241],[-75.7398329608825,4.80235114531723],[-75.7398305980966,4.80221184293375],[-75.7398291880438,4.80212657001996],[-75.739821652017,4.80208128347287],[-75.7397781271455,4.80201459141074],[-75.7394807102155,4.80173343183592],[-75.7393484816015,4.80159323105734],[-75.7391809314865,4.80131771978342],[-75.7391075460808,4.80126111360036],[-75.7389732059173,4.80119357525966],[-75.7388778825836,4.80114977453358],[-75.738447433119,4.80102429151641],[-75.7384545409432,4.80073918640871],[-75.7384674247439,4.80047711363433],[-75.738378793072,4.80046888452147],[-75.7383882638368,4.80039590382071],[-75.7383371693892,4.80038216308162],[-75.7383893527695,4.80019750350358],[-75.7384344231617,4.80004318741149],[-75.7386387307163,4.80009624077947],[-75.738693416075,4.80003299148312],[-75.73879183497,4.79990431972015],[-75.7391848214752,4.80027580343825],[-75.7392461626817,4.80030113076856],[-75.7397694703099,4.80046728724379],[-75.7400866425996,4.80078031007243],[-75.7400144565066,4.80085610068588],[-75.7401740106501,4.80098994238933],[-75.7404044518232,4.80125510140874],[-75.7407617659474,4.8015254325243],[-75.7409477287631,4.80157730307496],[-75.7410342147798,4.80165226010563],[-75.7408809349369,4.8018584348162],[-75.7408858327289,4.80201365099522],[-75.7409098161135,4.80217413004777],[-75.7410512766865,4.80255300111346]]]},"properties":{"FID":34,"ID_BAR":263,"CODSUELO":"6600101","CODCOM":"13","COMUNA":"San Joaquin","CODBAR":"011319","NOMBRE":"La Isla","NOM_POPULA":"La Isla","ACT_GEOGRA":1180656000000,"NORMA":"Sin","CREACION":null,"ORIGEN_NOR":"Sin","OBSERVACIO":"Ajustado SPM, Visita de campo","COD_SISBEN":"13115","Shape_Area":41281.6583279948,"Shape__Area":41826.3701171875,"Shape__Length":1023.0491989632461,"GlobalID":"032cb817-1499-4b09-81e6-c4290fe1137a","CreationDate":1545839815055,"Creator":"sigper_arcgis","EditDate":1545839815055,"Editor":"sigper_arcgis"}},{"type":"Feature","id":35,"geometry":{"type":"Polygon","coordinates":[[[-75.7104734949547,4.80265396641064],[-75.709550904468,4.80264608392428],[-75.7095493346768,4.80207444453747],[-75.7104727343924,4.80207563212876],[-75.7104734949547,4.80265396641064]]]},"properties":{"FID":35,"ID_BAR":264,"CODSUELO":"6600101","CODCOM":"19","COMUNA":"El Poblado","CODBAR":"011910","NOMBRE":"Villa Del Palmar","NOM_POPULA":"Villa Del Palmar","ACT_GEOGRA":1180656000000,"NORMA":"Sin","CREACION":null,"ORIGEN_NOR":"Sin","OBSERVACIO":"Ajustado SPM","COD_SISBEN":" ","Shape_Area":6513.86956004199,"Shape__Area":6599.677734375,"Shape__Length":333.96431749945049,"GlobalID":"e89787f5-71b2-43ea-8e3e-6754e2abc809","CreationDate":1545839815055,"Creator":"sigper_arcgis","EditDate":1545839815055,"Editor":"sigper_arcgis"}},{"type":"Feature","id":36,"geometry":{"type":"Polygon","coordinates":[[[-75.7302200634527,4.79486308758762],[-75.7298132460395,4.79441100576785],[-75.7300056136237,4.7942303195991],[-75.7300052959805,4.79419052686877],[-75.7305305298155,4.79370996812235],[-75.7307582533381,4.79395102209311],[-75.7309169588008,4.79413718120867],[-75.7306108899133,4.79442304769669],[-75.7303927820577,4.79461671530555],[-75.7304310582171,4.79465656119024],[-75.7302200634527,4.79486308758762]]]},"properties":{"FID":36,"ID_BAR":387,"CODSUELO":"6600101","CODCOM":"14","COMUNA":"Perla Del Otun","CODBAR":"011417","NOMBRE":"Sinai","NOM_POPULA":"Sinai","ACT_GEOGRA":1180656000000,"NORMA":"3","CREACION":636336000000,"ORIGEN_NOR":"Concejo Municipal","OBSERVACIO":"Ajustado a delimitacion de la Norma de creacion","COD_SISBEN":"14143","Shape_Area":7245.93710410114,"Shape__Area":7341.33935546875,"Shape__Length":363.65544680549306,"GlobalID":"69487fa9-a4a1-4a22-9ab9-ba4b1bc2524b","CreationDate":1545839815055,"Creator":"sigper_arcgis","EditDate":1545839815055,"Editor":"sigper_arcgis"}},{"type":"Feature","id":37,"geometry":{"type":"Polygon","coordinates":[[[-75.7315287520992,4.79466457395287],[-75.7320926455559,4.79371458523343],[-75.7321215200814,4.79372883851709],[-75.7322376175508,4.79382313710456],[-75.732342975911,4.79391489131171],[-75.7324506570515,4.7939645390284],[-75.7319878945728,4.79473000917264],[-75.7319223289119,4.79483847373469],[-75.7316929861737,4.79475023428455],[-75.7315287520992,4.79466457395287]]]},"properties":{"FID":37,"ID_BAR":388,"CODSUELO":"6600101","CODCOM":"15","COMUNA":"El Oso","CODBAR":"011509","NOMBRE":"Jaime Pardo Leal","NOM_POPULA":"Jaime Pardo Leal","ACT_GEOGRA":1168041600000,"NORMA":"Sin","CREACION":null,"ORIGEN_NOR":"Sin","OBSERVACIO":"Ajustado SPM, Visita de campo","COD_SISBEN":"15150","Shape_Area":5620.42089659137,"Shape__Area":5694.43017578125,"Shape__Length":334.31978222616181,"GlobalID":"2ba701e4-6612-40cc-80d7-0d34d24d0222","CreationDate":1545839815055,"Creator":"sigper_arcgis","EditDate":1545839815055,"Editor":"sigper_arcgis"}},{"type":"Feature","id":38,"geometry":{"type":"Polygon","coordinates":[[[-75.7410512766865,4.80255300111346],[-75.7413671284375,4.80198817177812],[-75.7415124842685,4.80176278094294],[-75.7419343977676,4.80120741640031],[-75.7423227003397,4.80143450927497],[-75.7425422939007,4.80157495473311],[-75.7427438235219,4.80174510845058],[-75.7427117094247,4.80176699263127],[-75.7426760384297,4.80179804336977],[-75.7426603362185,4.80191779456396],[-75.7426157228434,4.80198432941747],[-75.7424730757473,4.80208627889836],[-75.7422377832505,4.80220603511256],[-75.7421722873575,4.80226211424628],[-75.7420045703003,4.80243994125707],[-75.7418549865099,4.80255849453626],[-75.7417000136059,4.8026047023187],[-75.7416529688683,4.80262526257056],[-75.7414551051846,4.80265068236463],[-75.7412735806979,4.80264824922823],[-75.741149311792,4.80261921501228],[-75.7410406779394,4.80258007778563],[-75.7410512766865,4.80255300111346]]]},"properties":{"FID":38,"ID_BAR":265,"CODSUELO":"6600101","CODCOM":"13","COMUNA":"San Joaquin","CODBAR":"011325","NOMBRE":"Los Cisnes","NOM_POPULA":"Los Cisnes","ACT_GEOGRA":1168041600000,"NORMA":"Sin","CREACION":null,"ORIGEN_NOR":"Sin","OBSERVACIO":"Ajustado SPM","COD_SISBEN":"13246","Shape_Area":15467.29933820006,"Shape__Area":15671.4462890625,"Shape__Length":524.14275960978966,"GlobalID":"620ed995-2b4b-423d-ac99-d50ff1f63321","CreationDate":1545839815055,"Creator":"sigper_arcgis","EditDate":1545839815055,"Editor":"sigper_arcgis"}},{"type":"Feature","id":39,"geometry":{"type":"Polygon","coordinates":[[[-75.7268188419451,4.80261979030808],[-75.7265029075075,4.80240630634312],[-75.7264815684767,4.80232260451593],[-75.7264711803759,4.80226071575227],[-75.7264656521446,4.80220633395338],[-75.7264662862019,4.80212960885582],[-75.7264449470081,4.80207529699598],[-75.7264358614305,4.80203204250904],[-75.726433044931,4.80199140140883],[-75.7264186426155,4.80198182876117],[-75.7263977260478,4.80197195572101],[-75.7263721604707,4.80196512014175],[-75.7263453990636,4.80196328343225],[-75.726316946714,4.80196708016305],[-75.7262849730584,4.80192386080167],[-75.7262692672193,4.80191997479565],[-75.7262549356732,4.80191291013774],[-75.7262431038874,4.80190365538277],[-75.7262325396743,4.80189095597222],[-75.7261950023103,4.80187640225079],[-75.7261547888892,4.80183685601766],[-75.7261473593593,4.80180707796244],[-75.7261395768575,4.80178492944223],[-75.7261227095878,4.80174979875991],[-75.7261020399909,4.80171839520134],[-75.7260668612652,4.80160304298306],[-75.726054994892,4.80145662204636],[-75.7260516140953,4.80143620447335],[-75.7260454521246,4.80141718267806],[-75.7260353105979,4.8013971531134],[-75.7260225990151,4.80137977367049],[-75.7260055550742,4.80130025800307],[-75.7259796033221,4.80124788976893],[-75.7267579230169,4.80021257967657],[-75.7274490893529,4.80056617876391],[-75.7280360600819,4.80100990735204],[-75.7268188419451,4.80261979030808]]]},"properties":{"FID":39,"ID_BAR":266,"CODSUELO":"6600101","CODCOM":"10","COMUNA":"Consota","CODBAR":"011019","NOMBRE":"Quintas de Panorama I","NOM_POPULA":"Quintas de Panorama I","ACT_GEOGRA":1168041600000,"NORMA":"Sin","CREACION":null,"ORIGEN_NOR":"Sin","OBSERVACIO":"Ajustado SPM","COD_SISBEN":"10212","Shape_Area":32713.13115820818,"Shape__Area":33144.42236328125,"Shape__Length":735.05614238167175,"GlobalID":"485fc7b4-14ab-4634-9187-bf71cec3680d","CreationDate":1545839815055,"Creator":"sigper_arcgis","EditDate":1545839815055,"Editor":"sigper_arcgis"}},{"type":"Feature","id":40,"geometry":{"type":"Polygon","coordinates":[[[-75.7294468913041,4.7945913747863],[-75.7292521282694,4.79474577866344],[-75.7291641665846,4.79478710943802],[-75.729133742366,4.79474558479467],[-75.7286928749829,4.79425489265131],[-75.7288536563696,4.79409451835972],[-75.7289315471855,4.79399568052563],[-75.72916493956,4.79428910276557],[-75.7294468913041,4.7945913747863]]]},"properties":{"FID":40,"ID_BAR":389,"CODSUELO":"6600101","CODCOM":"14","COMUNA":"Perla Del Otun","CODBAR":"011413","NOMBRE":"La Policia","NOM_POPULA":"La Policia","ACT_GEOGRA":1180656000000,"NORMA":"Sin","CREACION":null,"ORIGEN_NOR":"Sin","OBSERVACIO":"Ajustado SPM, Visita de campo","COD_SISBEN":"14142","Shape_Area":3099.47510296833,"Shape__Area":3140.28125,"Shape__Length":245.14001848519075,"GlobalID":"fe790d05-ff97-4f84-8e33-398115805fbf","CreationDate":1545839815055,"Creator":"sigper_arcgis","EditDate":1545839815055,"Editor":"sigper_arcgis"}},{"type":"Feature","id":41,"geometry":{"type":"Polygon","coordinates":[[[-75.6924847873272,4.79463746243902],[-75.6922981596679,4.79460654456032],[-75.6922211131384,4.79461167970593],[-75.6920781768162,4.79475072829441],[-75.6920312760743,4.79469584904229],[-75.6919993430205,4.79460347329486],[-75.6919993461624,4.79454064860028],[-75.6920059705595,4.79444506032879],[-75.6919946005923,4.7943688824473],[-75.6919518569296,4.79427023693476],[-75.6920220061553,4.79418394177267],[-75.6921569851299,4.79402910327548],[-75.6926870933646,4.79447803488288],[-75.6924847873272,4.79463746243902]]]},"properties":{"FID":41,"ID_BAR":390,"CODSUELO":"6600101","CODCOM":"06","COMUNA":"Universidad","CODBAR":"010624","NOMBRE":"Villa Los Alamos","NOM_POPULA":"Villa Los Alamos","ACT_GEOGRA":1168041600000,"NORMA":"Sin","CREACION":null,"ORIGEN_NOR":"Sin","OBSERVACIO":"Ajustado SPM, Visita de campo","COD_SISBEN":" ","Shape_Area":3414.45101108015,"Shape__Area":3459.298828125,"Shape__Length":250.66085256050775,"GlobalID":"9eb5bca0-170f-45bc-8120-491fc52fb39f","CreationDate":1545839815055,"Creator":"sigper_arcgis","EditDate":1545839815055,"Editor":"sigper_arcgis"}},{"type":"Feature","id":42,"geometry":{"type":"Polygon","coordinates":[[[-75.7409477287631,4.80157730307496],[-75.7409946310595,4.80148127241598],[-75.7411861519186,4.8012584582549],[-75.7411301238821,4.80108136035202],[-75.7408953512419,4.80083607153712],[-75.7409108441668,4.80079848569015],[-75.740919154597,4.80077423514692],[-75.7409719008836,4.80062094271049],[-75.7409868645972,4.80055243058506],[-75.7409973920999,4.8004697883261],[-75.7410045040535,4.80041397554323],[-75.7410069665198,4.80030544052919],[-75.7411615108469,4.79999475770933],[-75.7412940490631,4.79979856279693],[-75.741299154393,4.7997717158289],[-75.7414039829588,4.7996973549494],[-75.7417254067873,4.79958047687267],[-75.7420763753195,4.7994977214825],[-75.7422118749322,4.79949464518223],[-75.7426106354619,4.79974349810763],[-75.7426828928117,4.79974492682226],[-75.7427076141505,4.79982366475742],[-75.7426847304597,4.80000593953196],[-75.7426278661683,4.80025422031901],[-75.7424687431874,4.80049865223257],[-75.7419343977676,4.80120741640031],[-75.7415124842685,4.80176278094294],[-75.7413671284375,4.80198817177812],[-75.7410512766865,4.80255300111346],[-75.7409098161135,4.80217413004777],[-75.7408858327289,4.80201365099522],[-75.7408809349369,4.8018584348162],[-75.7410342147798,4.80165226010563],[-75.7409477287631,4.80157730307496]]]},"properties":{"FID":42,"ID_BAR":267,"CODSUELO":"6600101","CODCOM":"13","COMUNA":"San Joaquin","CODBAR":"011335","NOMBRE":"Rafael Uribe II","NOM_POPULA":"Rafael Uribe II","ACT_GEOGRA":1180656000000,"NORMA":"Sin","CREACION":null,"ORIGEN_NOR":"Sin","OBSERVACIO":"Ajustado SPM, Visita de campo","COD_SISBEN":"13220","Shape_Area":34682.624627034224,"Shape__Area":35140.2421875,"Shape__Length":892.449044155524,"GlobalID":"307827a3-e178-473c-bb5d-e9a9acfd3eff","CreationDate":1545839815055,"Creator":"sigper_arcgis","EditDate":1545839815055,"Editor":"sigper_arcgis"}},{"type":"Feature","id":43,"geometry":{"type":"Polygon","coordinates":[[[-75.7352478996661,4.80234189222524],[-75.7350845821924,4.80252923820009],[-75.7342699154886,4.80207677551111],[-75.7343753079622,4.80192791633001],[-75.7344961583629,4.80175720931736],[-75.7346229941844,4.80157286636831],[-75.7347480361125,4.80147812388034],[-75.7348768817923,4.80152174880902],[-75.7348893128176,4.80160023930181],[-75.7349132940922,4.80168916909908],[-75.7349487202825,4.80177788636568],[-75.7350900694278,4.80206025097585],[-75.7352478996661,4.80234189222524]]]},"properties":{"FID":43,"ID_BAR":268,"CODSUELO":"6600101","CODCOM":"15","COMUNA":"El Oso","CODBAR":"011512","NOMBRE":"La Floresta","NOM_POPULA":"La Floresta","ACT_GEOGRA":1180656000000,"NORMA":"79","CREACION":492739200000,"ORIGEN_NOR":"Concejo Municipal","OBSERVACIO":"Ajustado a delimitacion de la Norma de creacion","COD_SISBEN":"15151","Shape_Area":6212.1848010517,"Shape__Area":6294.13916015625,"Shape__Length":333.95425142683126,"GlobalID":"97c447ec-4c62-4437-9622-31878a27df92","CreationDate":1545839815055,"Creator":"sigper_arcgis","EditDate":1545839815055,"Editor":"sigper_arcgis"}},{"type":"Feature","id":44,"geometry":{"type":"Polygon","coordinates":[[[-75.6811255979999,4.79111505923648],[-75.6810074864202,4.79123870484754],[-75.6809724809598,4.79128935809233],[-75.6809452927253,4.79134780113833],[-75.6809414155806,4.79141142041922],[-75.6809768339448,4.79149254533575],[-75.6811432646645,4.79180505558051],[-75.6812151573789,4.79198208952464],[-75.6812526885571,4.79206390402139],[-75.6812853278826,4.79211298952593],[-75.6813212067528,4.79215063017791],[-75.6813404309832,4.79218069260016],[-75.6812773645036,4.79218607570712],[-75.6811836636331,4.79218686427757],[-75.681162218928,4.79218520223863],[-75.6811431337787,4.79218163297575],[-75.6811133793498,4.7921684021427],[-75.6810817237833,4.79216076975746],[-75.6810627083427,4.79216325950771],[-75.6810427072696,4.79217272462042],[-75.6810292196101,4.79218678290366],[-75.6810213315051,4.79219614348515],[-75.6810031954889,4.79221023656857],[-75.6809832295267,4.79222016190672],[-75.6809628059943,4.79222775479149],[-75.680949811731,4.79223715104498],[-75.680937274462,4.792255377081],[-75.6809303005072,4.79228142900063],[-75.6809233262319,4.79231118928911],[-75.6809233258738,4.79232512505617],[-75.6809251906726,4.7923427522111],[-75.6809270200369,4.79236362841135],[-75.6809288857681,4.79238079631617],[-75.6809374754081,4.79241073486028],[-75.6809432146676,4.792421562515],[-75.6809487774634,4.79243452695837],[-75.6809547977684,4.79245074145432],[-75.6809571207511,4.79246374086373],[-75.6809608172664,4.79247578660588],[-75.6809617669796,4.79248739098857],[-75.6809599002115,4.79250180298716],[-75.6809598632929,4.79252176139039],[-75.6809575369153,4.79255614991324],[-75.6809491538971,4.79258822437583],[-75.6809384834594,4.79260221156738],[-75.6809254892957,4.79261155448004],[-75.6809139034845,4.79262321099497],[-75.6809041836023,4.79263995383202],[-75.6808976687363,4.79265205193533],[-75.6808985816848,4.79269196894895],[-75.6809027355785,4.79270865967652],[-75.6809180166427,4.79272298557388],[-75.6809361159281,4.79273497938394],[-75.6809574547005,4.79273955493742],[-75.6809852721963,4.79274361938579],[-75.6810187240335,4.79274582940838],[-75.6810484438559,4.79275037055403],[-75.6810879523712,4.79275487745653],[-75.6810995718137,4.79275994664177],[-75.6811125996354,4.79277663832398],[-75.6811130566538,4.79279477790609],[-75.6811153439752,4.79281335878296],[-75.681115304944,4.79287519410027],[-75.6811134726776,4.79288681630435],[-75.68109716592,4.792934255907],[-75.6810896998566,4.79295145808361],[-75.6810827264424,4.79297146921326],[-75.6810826890304,4.79300631714641],[-75.6810864200724,4.79302443900907],[-75.6810901158399,4.79304395573259],[-75.6810919459076,4.79306670510521],[-75.681095640891,4.7931043613793],[-75.681099371545,4.79312666894406],[-75.6811086299056,4.79317034844872],[-75.6811128181291,4.79320519688024],[-75.6811188385248,4.7932191503749],[-75.6811244363032,4.79323308582928],[-75.6811327808762,4.79324658030085],[-75.6811392937344,4.79326609826081],[-75.6811392925383,4.79327911461894],[-75.6811346085131,4.7932953813747],[-75.6811206272278,4.79331952501326],[-75.6811108727119,4.79333112831635],[-75.681090413069,4.79334317261209],[-75.6810750249836,4.79334825893447],[-75.6810490023214,4.79335055264365],[-75.6810373818861,4.79334774355145],[-75.6810216071352,4.79334353917302],[-75.6810076628458,4.79333747982987],[-75.6809798806018,4.79333557067751],[-75.6809673441413,4.79334761579207],[-75.680960370673,4.79335966052263],[-75.6809533973247,4.79338007756225],[-75.6809487480938,4.79340139615855],[-75.6809431828105,4.79341716840893],[-75.6809408581131,4.79343385855368],[-75.6809408158708,4.79353453410382],[-75.6809398637029,4.7935507650894],[-75.6809398630825,4.79356793279643],[-75.6809328900252,4.79358554188916],[-75.6809166546949,4.79361376536276],[-75.6809110894793,4.79362950235464],[-75.6809078487917,4.79365082021234],[-75.6809031992647,4.79367538792419],[-75.6808916131649,4.79369294328944],[-75.6808809423121,4.79370401675457],[-75.6808679836814,4.79371138169408],[-75.6808550253483,4.79371593778353],[-75.6808402002142,4.79372559787939],[-75.6808281561226,4.79373481615976],[-75.6808188948458,4.79374449485977],[-75.680804562269,4.79375878283471],[-75.6807929763317,4.79377492518394],[-75.6807832562494,4.79379619001756],[-75.6807758590928,4.79382160552354],[-75.6807735340023,4.79384336551778],[-75.6807689189451,4.79387713551362],[-75.6807665571876,4.79391694638601],[-75.6807614838155,4.79394608857137],[-75.6807568344217,4.79397058576513],[-75.6807397198344,4.79398667522445],[-75.680719366736,4.79398884580173],[-75.6806995419584,4.79398868594108],[-75.6806797169524,4.79399085669268],[-75.6806575325288,4.79399530622341],[-75.68063221399,4.79399744133365],[-75.6806017899452,4.7939935188864],[-75.6805764730223,4.79398731785186],[-75.680548372608,4.79398941743825],[-75.6804756926293,4.79399812028668],[-75.6804554446159,4.79400490076655],[-75.6804168504388,4.79401429437607],[-75.6803837844525,4.79402972922836],[-75.6803466338042,4.79404097725712],[-75.6803131455212,4.79405224362111],[-75.6802893060823,4.7940635640679],[-75.6802650080347,4.79407306464908],[-75.6802274706878,4.79408657378516],[-75.6802123640412,4.79409151781868],[-75.6801729603709,4.79409969291992],[-75.6801357737374,4.79411445576546],[-75.6801113345309,4.79413709716328],[-75.6800791131906,4.79416881637207],[-75.6800496379373,4.79419733908882],[-75.6800206558169,4.79422266522615],[-75.6799976248965,4.79424942197166],[-75.6799778684728,4.79426750663916],[-75.6799571267729,4.79429060761098],[-75.6799515263152,4.79431568775785],[-75.6799513833114,4.79434126272886],[-75.6799602898723,4.79438019078659],[-75.6799565562065,4.79439795836418],[-75.6799550761042,4.79441986020171],[-75.6799553555923,4.79444773139195],[-75.6799602126349,4.79448203152701],[-75.6799532395463,4.79449609043808],[-75.6799354924928,4.79448725783494],[-75.6799091198104,4.79445867874351],[-75.6798701766094,4.79442518850972],[-75.6798522196852,4.79440655298133],[-75.6798371847699,4.79438994938176],[-75.6798194374083,4.79438703371112],[-75.679800633167,4.79439642888842],[-75.6797740459201,4.79441488469332],[-75.6797611931029,4.79442205454838],[-75.67974295273,4.79442005727458],[-75.6797193265351,4.79439562881626],[-75.6797047844988,4.79437906057657],[-75.6796842918139,4.7943669958365],[-75.6796760871437,4.79435961203713],[-75.6796715810432,4.7943490671485],[-75.6796640124232,4.79431384838869],[-75.6796604578585,4.7942891744149],[-75.6796587696429,4.79426449973936],[-75.6796533825358,4.79424802074514],[-75.6796356724641,4.79422366315289],[-75.6796052509917,4.79419232749429],[-75.6795793713349,4.79416150558143],[-75.6795676469675,4.7941344634876],[-75.6795604296933,4.79411614735812],[-75.6795490924234,4.7940963998419],[-75.6795437062205,4.79407992084969],[-75.6795391992826,4.79406801628509],[-75.6795242000729,4.79405646362091],[-75.6794663822279,4.79402535667737],[-75.6794340218846,4.79401595807074],[-75.6794007102894,4.79401567293967],[-75.6793632083796,4.79402948223763],[-75.6793371139539,4.79404889098771],[-75.679321091371,4.79406197761088],[-75.6793055620196,4.79407004873177],[-75.6792841165834,4.79407670558132],[-75.6792449237325,4.7940813661548],[-75.6792098170202,4.79408106287521],[-75.6791915764675,4.79408226317436],[-75.6791592503486,4.79408927292772],[-75.6791281921594,4.79409674181388],[-75.6791113952949,4.79409705820347],[-75.6790713231808,4.7940967022642],[-75.6790453361859,4.79409828990558],[-75.6790285037933,4.79410588373161],[-75.6790111432098,4.79411485513495],[-75.6789841676906,4.79414742215472],[-75.6789750110603,4.79416102185023],[-75.6789599033686,4.79418730206658],[-75.6789475773553,4.79420086544057],[-75.6789360605092,4.79423263961653],[-75.6789304951499,4.79426082790097],[-75.6789326765838,4.7942818114866],[-75.6789380636155,4.79430053340125],[-75.6789460890464,4.79433932042977],[-75.6789551377642,4.79435352151054],[-75.6789623554751,4.79436452577878],[-75.678969572963,4.79437962714963],[-75.6789740444593,4.79439743139922],[-75.6789739718206,4.79442339524006],[-75.6789647795669,4.79444697363965],[-75.6789459727233,4.7944882135446],[-75.6789344557439,4.79452270706671],[-75.6789272706426,4.79454750460174],[-75.6789197337548,4.79456670270525],[-75.6788872995843,4.79460732437195],[-75.6788663477309,4.79462030415454],[-75.678845852585,4.79463736479739],[-75.6788294418067,4.79464811999593],[-75.6788098623575,4.79466336087419],[-75.6787889106949,4.79467314487755],[-75.6787607036349,4.79468557641875],[-75.678708973259,4.79472490737488],[-75.6786953102212,4.7947303280395],[-75.6786652382046,4.79473543033292],[-75.6786390042728,4.79473258494514],[-75.6786249902128,4.79472760302248],[-75.678609109284,4.79472021976682],[-75.6785861867722,4.79471271179917],[-75.6785647427826,4.7947000457029],[-75.6785447429968,4.79468270054835],[-75.6785326655343,4.79467021183845],[-75.6785149191986,4.79466281029672],[-75.678501397115,4.79465786373315],[-75.6784789309949,4.79466123589598],[-75.6784466410686,4.79466063277196],[-75.6784251615624,4.79465789384564],[-75.6783640677071,4.79464595023416],[-75.6783472715356,4.7946428222161],[-75.6783164954884,4.79464227281283],[-75.6782866707384,4.79463702526108],[-75.6782648032402,4.79463098308334],[-75.6782438164427,4.79463013369701],[-75.6782214562479,4.7946297253799],[-75.6781907513201,4.79462212913804],[-75.6781638138523,4.79461693450531],[-75.6781227905904,4.79461809714585],[-75.6780831045852,4.79462771980135],[-75.6780439121133,4.79463971023737],[-75.677990915807,4.79464438674886],[-75.677961583669,4.79464948871845],[-75.6779378496973,4.79465280763935],[-75.6778987977364,4.79465775047183],[-75.6778672118833,4.79466234065441],[-75.6778471751112,4.79466760178817],[-75.6778285110083,4.79467853405302],[-75.6778135097215,4.79469280429832],[-75.6778021341967,4.79471090695723],[-75.677792731873,4.79472388776219],[-75.6777787872837,4.79472551177323],[-75.6777546660457,4.79472694045351],[-75.6777019180475,4.7947203133559],[-75.6776751210296,4.79471607275183],[-75.6776256474037,4.79471280181926],[-75.6775899757388,4.79471776240742],[-75.6775607490742,4.7947228464934],[-75.6775181754759,4.79472814279671],[-75.6774598274112,4.79474016626235],[-75.6774173244178,4.79474265385739],[-75.6773989089028,4.79473949085652],[-75.6773753862938,4.79473858833181],[-75.6773568997577,4.79474197855584],[-75.6773448564532,4.79474503302627],[-75.6773318976173,4.79474761100007],[-75.6773117569339,4.79473973171107],[-75.6772826019906,4.79471623838674],[-75.6772653838699,4.79469861051719],[-75.6772496100673,4.79467492403322],[-75.677238766062,4.79466257796129],[-75.6772277797766,4.79465770166338],[-75.6772122509521,4.79465134247266],[-75.6771810882495,4.79464374525006],[-75.6771158387866,4.79464257457188],[-75.6770845694645,4.79464573427376],[-75.6770643211589,4.79464910641416],[-75.6770480524286,4.7946600200595],[-75.6770284376121,4.79468066604506],[-75.6770125193652,4.79470046438781],[-75.6769953348241,4.79471369229887],[-75.6769792417571,4.79471711725225],[-75.6769581496706,4.79471487267986],[-75.6769225851242,4.79470485535237],[-75.6768990977659,4.7947114247567],[-75.6768814908498,4.79472230310798],[-75.6768661719264,4.79473367613803],[-75.6768345504151,4.7947354229978],[-75.6768076835741,4.79472697844216],[-75.6767787045123,4.79470917276377],[-75.6767587414571,4.79467382915713],[-75.6767446586586,4.79464155867905],[-75.676721632403,4.7946013929825],[-75.6767085004276,4.79456997063343],[-75.6766935019691,4.79454038507827],[-75.6766861790995,4.79451466827009],[-75.676678399122,4.79449126576539],[-75.6766714632718,4.7944697697991],[-75.6766397036674,4.79443668650814],[-75.6766144929312,4.79441953403709],[-75.6765850221156,4.79438655669029],[-75.6765568539228,4.79435824142443],[-75.6765186845409,4.79433163959434],[-75.6764836489412,4.79430883481911],[-75.6764549166082,4.7942893689231],[-75.6764265359058,4.79427733855315],[-75.6764097041575,4.7942770906836],[-75.676375300201,4.79429413175494],[-75.6763318459366,4.79431104939509],[-75.6763057530055,4.79432173313717],[-75.6762727565132,4.79434018738714],[-75.6762552902936,4.79435101357663],[-75.6762382465532,4.79436369390907],[-75.6762183489782,4.79438467468486],[-75.6761989809195,4.79440009219457],[-75.676172887738,4.79441354951669],[-75.67614341348,4.79441676167714],[-75.6761265110218,4.7944220237634],[-75.676107847693,4.79442726777266],[-75.67608791762,4.79442970395447],[-75.6760725295634,4.79442945542074],[-75.6760453452207,4.79442470227914],[-75.676007632409,4.79441507376175],[-75.6759884072846,4.79440590535347],[-75.6759687234231,4.79439675498853],[-75.6759536182157,4.79439081973279],[-75.6759393572525,4.79437700661814],[-75.6759201323406,4.79436552477705],[-75.6759008370806,4.79434522933014],[-75.6758893239606,4.79433046266837],[-75.6758732677084,4.79431848649029],[-75.6758622458964,4.79431159681047],[-75.675838442287,4.79430709107195],[-75.6758101312032,4.79430910323546],[-75.6757836850573,4.79432595086169],[-75.6757723098118,4.79433947904446],[-75.6757499837555,4.79435814681276],[-75.6757221985773,4.79438288935896],[-75.6756962449682,4.79441319549129],[-75.6756702908422,4.79443933400864],[-75.6756547961891,4.79445379845479],[-75.6756346887798,4.79446321071506],[-75.6756227865319,4.79446559464805],[-75.675603102765,4.79446479848277],[-75.6755884881591,4.79447415782575],[-75.6755620068905,4.79449010494663],[-75.6755364411497,4.79450697063871],[-75.6755186570327,4.79452563867599],[-75.6754904145153,4.79455412569619],[-75.6754634403317,4.79456961345323],[-75.6754460795745,4.79458086292241],[-75.6754228718437,4.79461116924949],[-75.6753960019356,4.79464755222985],[-75.67536501121,4.79468070204985],[-75.6753495169489,4.7946993874362],[-75.6753249353821,4.79473343817201],[-75.6752946525367,4.79473410738242],[-75.6752670814419,4.79472500861126],[-75.6752427142932,4.7947135794795],[-75.6750871116669,4.79466819382126],[-75.6750690130647,4.79465591690942],[-75.675046864988,4.79464166178741],[-75.6750210559508,4.79462184293735],[-75.6750104219036,4.79461262252924],[-75.6749988731604,4.7946034011473],[-75.674983696877,4.79459653004697],[-75.6749611609125,4.79459527418031],[-75.674940947763,4.79459820425317],[-75.6749225672851,4.79459599502096],[-75.6749110172472,4.79459094305426],[-75.6748985878002,4.79458405408672],[-75.6748824607755,4.79457718193667],[-75.6748585165534,4.79457269395526],[-75.6748456289875,4.79456905405963],[-75.6748345722603,4.7945691244746],[-75.6748230919442,4.79456965327055],[-75.6747918572219,4.79458148445948],[-75.6747757654584,4.79458250733493],[-75.6747619622212,4.79457934469733],[-75.6747449191326,4.79457711831782],[-75.6747163962349,4.79457870600349],[-75.6747007618775,4.7945834553528],[-75.6746687162726,4.79459784781511],[-75.6746547715898,4.79460349924547],[-75.6745711090953,4.79456311678783],[-75.6745402640335,4.79454607020851],[-75.6745214615876,4.79452453811859],[-75.6744977302242,4.79448949411511],[-75.6744692132278,4.7944281337137],[-75.6744490408719,4.79435631718167],[-75.6744372162167,4.79427651797045],[-75.6744337363394,4.79418795860197],[-75.6744386373586,4.79410605930699],[-75.6744420903426,4.79407398484009],[-75.6744511437558,4.79403283268631],[-75.6744587888372,4.79398053448113],[-75.6744627727738,4.79391039843751],[-75.6745288103733,4.79374031563153],[-75.6746261563086,4.79350460162199],[-75.6746518342982,4.79340530609587],[-75.6746765346247,4.79319019960959],[-75.6747469390794,4.79300778831376],[-75.6747655370375,4.79293869477395],[-75.6747695891259,4.79290845762714],[-75.6747713513246,4.79288086912898],[-75.6747712127205,4.79285206170354],[-75.6747691371245,4.79282431435403],[-75.6747665680912,4.79280476199178],[-75.6747229551301,4.79260658801415],[-75.6747194745989,4.79252802547514],[-75.67473870524,4.79246463680049],[-75.6747905127756,4.79234589750863],[-75.6748103025914,4.79234282552236],[-75.6748236835888,4.79233736909401],[-75.6748407270405,4.79233011120308],[-75.674855024641,4.79232327709437],[-75.6748780900772,4.79231188655011],[-75.6749040074725,4.7922926719917],[-75.6749083399437,4.79227651127411],[-75.6748984467522,4.79225930703506],[-75.6748802426919,4.79224574166756],[-75.6748656654467,4.79223592012777],[-75.6748547849018,4.79222518043981],[-75.6748452433643,4.79221539454664],[-75.6748298568114,4.79219675969598],[-75.6748273934904,4.79217220912963],[-75.6748294373257,4.79215278104635],[-75.6748407073391,4.79213250582846],[-75.6748677537633,4.79209568113541],[-75.6748947994925,4.79205654391203],[-75.6749177612278,4.79201689385383],[-75.6749531893249,4.79197086879033],[-75.6749794583961,4.79195949566043],[-75.6750039676783,4.79194625117781],[-75.6750270684554,4.79193254726535],[-75.6750608035409,4.79191289129227],[-75.6750840103533,4.79189314681816],[-75.6751037359655,4.79181546992038],[-75.6751077525153,4.7917858501489],[-75.6751155012224,4.79175206319],[-75.6751270192111,4.79171136988675],[-75.6751577306302,4.79163743744224],[-75.6751756565609,4.79159955346915],[-75.6751912582502,4.79156304700015],[-75.6752135169509,4.79150663462867],[-75.675232078847,4.79145296023353],[-75.6752524000003,4.79140760568444],[-75.6752702553442,4.79137207024947],[-75.6752840259738,4.79133505104639],[-75.6752976202304,4.79131382230042],[-75.6753244884593,4.79129453643436],[-75.6753513218444,4.79128129217673],[-75.675403050738,4.79125895283059],[-75.6754450253967,4.79124629289223],[-75.6754851335819,4.79123546883918],[-75.6755197490647,4.79122554478919],[-75.675576548727,4.79120371847046],[-75.6756637025165,4.79117933358267],[-75.6756833505345,4.79118878399612],[-75.6756951811315,4.79119676830394],[-75.6757184558249,4.79121135927767],[-75.6757412021884,4.79122872275457],[-75.675775250402,4.7912610296385],[-75.6758133126276,4.79130033115346],[-75.6758346502838,4.79131999161186],[-75.6758563739909,4.79134523258102],[-75.6758744717153,4.79136764732676],[-75.6759072185081,4.79139250046223],[-75.6759431334537,4.79142019786593],[-75.6759605269514,4.79143794904529],[-75.6759785205219,4.79144558075421],[-75.6759891186634,4.79144941390408],[-75.676008591441,4.79145155300056],[-75.6760276420481,4.7914472626198],[-75.6760352136481,4.79143359191709],[-75.6760427499628,4.79142175905024],[-75.67606891454,4.79140150257927],[-75.6760987413566,4.79138175806717],[-75.6761245189733,4.79135415368615],[-75.6761418803394,4.79133193638853],[-75.6761588200582,4.79130834047249],[-75.6761881570657,4.79124590629291],[-75.6762103434714,4.79120680422641],[-75.6762594698006,4.79115346725162],[-75.6762694362521,4.79113206108177],[-75.6762862337596,4.79111810914226],[-75.6763356755347,4.79107581200921],[-75.6763616988243,4.79106385610525],[-75.676395187611,4.79104607270365],[-75.676412336029,4.79103946859349],[-75.676430400568,4.79103747424056],[-75.6764570201693,4.79105441440872],[-75.6764857160539,4.79109615206661],[-75.6765030036557,4.791121657853],[-75.6765253971809,4.79114723467292],[-75.6765588468838,4.79117298873911],[-75.6765831422617,4.7911921896607],[-75.6766067000668,4.79119256157908],[-75.6766394830607,4.79119079807757],[-75.6766602942505,4.79118931560877],[-75.6766898727355,4.79118795777985],[-75.6767225850353,4.79119214631456],[-75.6767501202446,4.79120864537252],[-75.6767721623022,4.79122228183954],[-75.6767850150855,4.79122661048943],[-75.6768006841083,4.79122869566293],[-75.6768255802599,4.79122680750938],[-75.6768663221368,4.79121280426151],[-75.6768867112149,4.79120397470898],[-75.6769158686572,4.79119253146468],[-75.6769399897342,4.79117872107443],[-75.6769589703404,4.79116941491789],[-75.6769729153499,4.79115957771912],[-75.6769835501792,4.79115424488829],[-75.6769948194025,4.79113564750385],[-75.6770005968004,4.79110689375511],[-75.6770057416074,4.79105111611155],[-75.6770105669605,4.7910283144061],[-75.6770108510311,4.79099855315414],[-75.6770202540145,4.79097857780767],[-75.6770403631802,4.79095053234728],[-75.6770579707441,4.79092732469323],[-75.6770744168436,4.79090625542129],[-75.6770957216339,4.79089426360164],[-75.6771248075933,4.79088561186648],[-75.677153472038,4.79087374450732],[-75.6771747413507,4.79086722837023],[-75.6771950234081,4.79086758361157],[-75.6772257636021,4.79087724655016],[-75.6772780531801,4.79089643155616],[-75.6773210812992,4.79092185082351],[-75.677353617108,4.79093748499041],[-75.677414568126,4.79096320493693],[-75.6774338650445,4.79096718063542],[-75.6774571741671,4.79098037579406],[-75.677480448585,4.7910008836457],[-75.6775240730971,4.79105784782512],[-75.6775531912219,4.79109628296623],[-75.6775820971899,4.79115439406358],[-75.6776030112477,4.79117942269568],[-75.6776345256872,4.79120143275258],[-75.6777345283937,4.79122270521852],[-75.6777707979133,4.79122101208349],[-75.6777974894401,4.79121458477727],[-75.6778393937903,4.79119971596862],[-75.6778697475547,4.79119336034357],[-75.6778918613105,4.79118594368366],[-75.6779185184592,4.79118135330743],[-75.677948698611,4.79114117363326],[-75.6779714482477,4.79110911870706],[-75.6780020510099,4.79106895616643],[-75.6780326183241,4.79103292771816],[-75.6780610738362,4.7909735843156],[-75.6780658296564,4.79095083578824],[-75.678071117274,4.79086556234319],[-75.6780715793861,4.79080761262108],[-75.6780742230142,4.79076794340378],[-75.6780746498154,4.79071228896259],[-75.6780797602677,4.79064987105187],[-75.6780825466863,4.79058651632057],[-75.6780811411037,4.79053632032854],[-75.6780741017426,4.79049834625348],[-75.6780673775723,4.79047953482123],[-75.6780819965053,4.79039177176503],[-75.6780873924772,4.79028023531902],[-75.6780923611126,4.79022860862235],[-75.6781014137053,4.7901783951588],[-75.6781163826636,4.79013874483453],[-75.6781359274954,4.79010278511793],[-75.678162727062,4.79007466921874],[-75.6781835388419,4.79005427059363],[-75.67820526721,4.79003205310963],[-75.6782476650969,4.79000178315855],[-75.6782647793225,4.78998272669306],[-75.6782833032356,4.7899586719704],[-75.6782958408113,4.78993364490934],[-75.6783033070002,4.78991771385099],[-75.6783015833632,4.78989761445277],[-75.6782920408299,4.78988563901898],[-75.6782687665248,4.78987083568132],[-75.6782330977644,4.7898545487682],[-75.6782038724911,4.78983467696531],[-75.6781897531187,4.78981948644538],[-75.6781661273247,4.78979051791206],[-75.6781551771268,4.78977900156067],[-75.6781557410639,4.78976713268998],[-75.6781759887282,4.78976045801959],[-75.6782700774813,4.78975438826338],[-75.6782962410013,4.78975232363293],[-75.6783347287185,4.78975172615787],[-75.6783962462418,4.78973947301843],[-75.6784384669063,4.78973297618657],[-75.6784811089067,4.7897333328261],[-75.6785205475529,4.78972909672224],[-75.6785700927035,4.7897249490929],[-75.6785952692188,4.78972698224645],[-75.6786204819105,4.78972717846666],[-75.6786329121415,4.78971771239161],[-75.678637596456,4.78970086255721],[-75.6786304146534,4.78967797207357],[-75.678614535716,4.78965502763834],[-75.6786024256635,4.78961337912129],[-75.678587674991,4.78955896017782],[-75.6785706720829,4.7894935552708],[-75.6785414869461,4.78940206291664],[-75.6785257497661,4.78935903645869],[-75.6785168085077,4.78932657222431],[-75.6785037107829,4.7892991069576],[-75.6784960710936,4.789277593293],[-75.678490755869,4.78924882133728],[-75.6784955473303,4.78921694117748],[-75.6785048802937,4.78919103063344],[-75.6785146718276,4.78916739920425],[-75.6785217512951,4.78913555536506],[-75.6785241477106,4.78911550869082],[-75.6785266846498,4.78907997250666],[-75.678532004594,4.78903991458941],[-75.6785378159332,4.78902589127652],[-75.6785724354543,4.78894563554225],[-75.6786051507799,4.78891105517303],[-75.6786608581001,4.78889449230334],[-75.6787185026932,4.78888204405398],[-75.6787812152434,4.7888905617798],[-75.6788183279455,4.78891424935546],[-75.6788910039064,4.7889569094847],[-75.6789777984902,4.78902489709829],[-75.6790030450172,4.78904568736943],[-75.6790232902208,4.78907214748973],[-75.6790555073079,4.78910537260141],[-75.6790909633045,4.78915141998883],[-75.6791149060427,4.78917876368188],[-75.679133813912,4.78920522287497],[-75.6791444119255,4.78921843446973],[-75.6791605025436,4.78923344909925],[-75.6791801856652,4.78924293473973],[-75.6791953269825,4.78924970078565],[-75.6792224049062,4.78926418551],[-75.6792485312889,4.78927773441614],[-75.6792742008643,4.78928902229044],[-75.6793035668519,4.78930484966778],[-75.67931553832,4.7893167016825],[-75.6793353271554,4.78933581374205],[-75.6793610654322,4.7893576464644],[-75.6793859239699,4.78938179263145],[-75.6794135639352,4.7894137282592],[-75.6794444435751,4.78944746502639],[-75.679471202877,4.78948261451952],[-75.6794979971004,4.78952053767528],[-75.679528383153,4.78955015915086],[-75.6795578196839,4.78957518887903],[-75.6795776772843,4.78960260196209],[-75.6795906339522,4.78962455772025],[-75.6796072880884,4.78964787257451],[-75.6796335200684,4.78967155958144],[-75.6796542584374,4.78969438104201],[-75.6796749978668,4.78971490624538],[-75.6796879548571,4.78973226858152],[-75.6797017575285,4.78974412072022],[-75.6797201029264,4.78974581803298],[-75.6797411603785,4.78974198636147],[-75.6797534851298,4.78974007962055],[-75.6798107065327,4.78973414945496],[-75.6798514826498,4.78973385219159],[-75.6799087042703,4.78972426517963],[-75.6799380011549,4.78972221864057],[-75.6799553615164,4.78971151594145],[-75.6799768072866,4.78969574541072],[-75.679995471065,4.78968089221795],[-75.6800173745367,4.78966649947234],[-75.680045193877,4.78964606627222],[-75.6800762177991,4.78962563238632],[-75.6800990363771,4.78960615267037],[-75.680103967973,4.78958910895205],[-75.6801088985109,4.78957436149098],[-75.6801142523604,4.7895504117758],[-75.6801140784764,4.78952375944117],[-75.6801203121226,4.78949613570004],[-75.6801255963681,4.78946252527939],[-75.6801281692717,4.78943631430374],[-75.6801290156073,4.78942160189101],[-75.6801265516487,4.78939770400467],[-75.6801217997191,4.78937108661391],[-75.6801148291807,4.78935596768487],[-75.6801054990209,4.78933214074938],[-75.6800928955417,4.78929822799293],[-75.6800808185341,4.78927487729803],[-75.6800710662195,4.78925702067891],[-75.680057089502,4.78922037039834],[-75.6800523026163,4.78919099742527],[-75.6800452965333,4.78916853039342],[-75.6800392056385,4.78915203369812],[-75.6800228703326,4.7891052804813],[-75.6800098440165,4.78907368120184],[-75.6800004788355,4.78904757601664],[-75.6799915365294,4.78902890651357],[-75.6800158404187,4.78891966687703],[-75.6800541890591,4.78888990831909],[-75.6801399365327,4.7888296502899],[-75.6802036743672,4.78878104826405],[-75.6802758254752,4.78877333503079],[-75.6803744175659,4.78882708809163],[-75.6803659638433,4.78886739278504],[-75.6803708210537,4.78889498132948],[-75.6803983547052,4.78893802644734],[-75.6804874400228,4.78898349535469],[-75.6808392424734,4.78908618947204],[-75.6809104762911,4.7891108687535],[-75.6809985385245,4.78918359050523],[-75.681034804168,4.78922774823311],[-75.6810438867478,4.78927190470088],[-75.6810581053672,4.78937190965866],[-75.6810608410525,4.78954394041077],[-75.6810765053185,4.78962743151904],[-75.6811166228025,4.79000016125489],[-75.6811750000652,4.79008236544493],[-75.6812540136744,4.7901368948206],[-75.6813563369226,4.79020574928126],[-75.681465421258,4.79027750051853],[-75.6815560883598,4.79037229970442],[-75.6815911191837,4.79045436129497],[-75.6815923843589,4.79050370998247],[-75.6815703728232,4.79054915361176],[-75.6815276212011,4.79060499926636],[-75.6814445482487,4.7906910090444],[-75.6812734000756,4.79091087548038],[-75.6811255979999,4.79111505923648]]]},"properties":{"FID":44,"ID_BAR":391,"CODSUELO":"6600101","CODCOM":"01","COMUNA":"Villa Santana","CODBAR":"010102","NOMBRE":"Ciudadela Tokio *2","NOM_POPULA":"Ciudadela Tokio *2","ACT_GEOGRA":1168041600000,"NORMA":"Sin","CREACION":null,"ORIGEN_NOR":"Sin","OBSERVACIO":"Ajustado SPM","COD_SISBEN":"01498","Shape_Area":323221.17606893479,"Shape__Area":327460.64892578125,"Shape__Length":3102.5918905133872,"GlobalID":"59cec48c-02f6-47bb-82df-0e4a181a5d42","CreationDate":1545839815055,"Creator":"sigper_arcgis","EditDate":1545839815055,"Editor":"sigper_arcgis"}},{"type":"Feature","id":45,"geometry":{"type":"Polygon","coordinates":[[[-75.7040707564968,4.80250865227289],[-75.7039741315746,4.80249326517526],[-75.7038390536154,4.80248086172995],[-75.7037287647375,4.80247850876439],[-75.7036596782651,4.80243680601621],[-75.7036145008786,4.80239095302461],[-75.7034431920319,4.80225425856641],[-75.7035172485775,4.80216900597043],[-75.7034577056276,4.80209996143288],[-75.7032181541529,4.80195840764191],[-75.7031316005051,4.80192940318388],[-75.7031033926221,4.80198581587605],[-75.7028968355687,4.80184495136773],[-75.7028406373982,4.80179194501557],[-75.7028083829658,4.80175077297892],[-75.7027772566544,4.80170294309743],[-75.7027485946477,4.80164815340008],[-75.7026458164721,4.80138213824809],[-75.7026408168751,4.80135320679124],[-75.7026370503826,4.80131334336576],[-75.7026369110836,4.80127084743139],[-75.702640187464,4.8012327855005],[-75.7026826257698,4.80104155740203],[-75.7026902699139,4.80097126141809],[-75.7028119318706,4.80098430063695],[-75.7028521163307,4.800800208135],[-75.7028874357236,4.80078420713476],[-75.7029260315724,4.80073279395776],[-75.7028955785567,4.80054131590842],[-75.7028368783659,4.80052405781587],[-75.7027636437735,4.80028255851949],[-75.7027638574806,4.80019246338356],[-75.7026996638318,4.80020840983013],[-75.7026681923547,4.79992517615413],[-75.7026971738914,4.79990721506518],[-75.7026913644286,4.79987452204499],[-75.7024524762295,4.79991840416572],[-75.7024374061682,4.79989196296011],[-75.7024288152489,4.79985990621049],[-75.7024285343798,4.799830497887],[-75.7024318859969,4.79966842883138],[-75.7024261833712,4.79960083527844],[-75.7024124528986,4.79953098080139],[-75.7023971019509,4.79947649186541],[-75.7023767857447,4.7994204840705],[-75.7023602721331,4.7993795598315],[-75.7022628782615,4.79922727209226],[-75.7022346384531,4.79919256486493],[-75.7022036518324,4.79916054164324],[-75.7021478754129,4.79911440601338],[-75.7021351994029,4.79910709294546],[-75.7025904475834,4.79876513205256],[-75.7033823265563,4.79863214464582],[-75.7033978525212,4.79870775791067],[-75.7034714651056,4.79924831513067],[-75.7034880832078,4.79933074530994],[-75.7035113559646,4.7994094669218],[-75.7035311442392,4.79946183666206],[-75.7035473414133,4.79949880414283],[-75.7037707251365,4.79976678418303],[-75.7038913909357,4.80005747416048],[-75.7039970903114,4.80036858087156],[-75.7040679310456,4.80062802431157],[-75.7043055004014,4.80108693438791],[-75.7044814882312,4.80133090875056],[-75.7044976836585,4.80140168220626],[-75.7044831017841,4.80153393679708],[-75.7044257335966,4.80168871008734],[-75.7042449110602,4.80175997112445],[-75.7041189480721,4.8018975206718],[-75.7040043167434,4.80226837262022],[-75.7040707564968,4.80250865227289]]]},"properties":{"FID":45,"ID_BAR":269,"CODSUELO":"6600101","CODCOM":"19","COMUNA":"El Poblado","CODBAR":"011904","NOMBRE":"Hamburgo","NOM_POPULA":"Hamburgo","ACT_GEOGRA":1168041600000,"NORMA":"Sin","CREACION":null,"ORIGEN_NOR":"Sin","OBSERVACIO":"Ajustado SPM","COD_SISBEN":"19181","Shape_Area":56470.708614548072,"Shape__Area":57213.98828125,"Shape__Length":1211.0265561527774,"GlobalID":"276a7076-f1ec-45d4-ba52-08b0b0cdb3d3","CreationDate":1545839815055,"Creator":"sigper_arcgis","EditDate":1545839815055,"Editor":"sigper_arcgis"}},{"type":"Feature","id":46,"geometry":{"type":"Polygon","coordinates":[[[-75.735000645715,4.79469447870736],[-75.7349576504291,4.79465975517295],[-75.7349123655042,4.79463225509388],[-75.7348813781777,4.79460567360958],[-75.7348498974745,4.79458576853887],[-75.7347888021983,4.79455440145801],[-75.7347511242073,4.7945237403609],[-75.7346936912598,4.79449246093337],[-75.734588051769,4.79441243388505],[-75.734533964306,4.79435798184397],[-75.7345218505324,4.79434865616497],[-75.7345116040632,4.79434070832666],[-75.7344431845205,4.7942757826072],[-75.7344209294846,4.79425124969793],[-75.7343797302576,4.79420965610956],[-75.7343424039533,4.79417567417709],[-75.7352762448092,4.7936523292602],[-75.7352192336707,4.79355086042506],[-75.7354462145009,4.79341897268195],[-75.7359929956861,4.79304821725561],[-75.7361309952628,4.79311038641069],[-75.7362292053939,4.79317513448519],[-75.7362492064768,4.79320249353302],[-75.7362699467282,4.79322190372668],[-75.7362927654098,4.79323702280947],[-75.7363359367657,4.79325772191565],[-75.7363696706864,4.79327706177766],[-75.7363982992601,4.79329596038274],[-75.7364333716305,4.7933226121958],[-75.7364600630616,4.79334590796277],[-75.7365127063274,4.79336832076158],[-75.7366082047134,4.79344098214364],[-75.7367365231147,4.79358759495254],[-75.7368077247339,4.79363688931609],[-75.7368918130393,4.79367535661722],[-75.736567328829,4.7938777537784],[-75.7359599458062,4.79422302445479],[-75.7350757904918,4.79473568333373],[-75.735000645715,4.79469447870736]]]},"properties":{"FID":46,"ID_BAR":392,"CODSUELO":"6600101","CODCOM":"13","COMUNA":"San Joaquin","CODBAR":"011314","NOMBRE":"El Eden","NOM_POPULA":"El Eden","ACT_GEOGRA":1180656000000,"NORMA":"75","CREACION":807494400000,"ORIGEN_NOR":"Concejo Municipal","OBSERVACIO":"Ajustado a delimitacion de la Norma de creacion","COD_SISBEN":"13112","Shape_Area":23571.98372774314,"Shape__Area":23882.41943359375,"Shape__Length":696.71733953711487,"GlobalID":"ade56145-7e80-4d43-bc55-a84366889ccb","CreationDate":1545839815055,"Creator":"sigper_arcgis","EditDate":1545839815055,"Editor":"sigper_arcgis"}},{"type":"Feature","id":47,"geometry":{"type":"Polygon","coordinates":[[[-75.6599849158904,4.80104701246053],[-75.6600698487021,4.8010601617638],[-75.6606106138723,4.80111948926142],[-75.6608207270146,4.80116385970698],[-75.6609911199104,4.80120852641699],[-75.6608746160293,4.80140449551205],[-75.6608900726213,4.80142090594618],[-75.6607600103499,4.80162778924293],[-75.6609238480059,4.80173059963879],[-75.6608296722565,4.80189225282314],[-75.6605793261279,4.80240466488962],[-75.6604256573214,4.80238264256703],[-75.6602210097386,4.80225439458278],[-75.659978058827,4.80203685988131],[-75.6601081545735,4.80184795627006],[-75.6602646260605,4.8016603811882],[-75.660115687699,4.80151617168206],[-75.6602182037399,4.80141181447085],[-75.6599335973546,4.80117347019553],[-75.6599849158904,4.80104701246053]]]},"properties":{"FID":47,"ID_BAR":270,"CODSUELO":"6600101","CODCOM":"05","COMUNA":"Oriente","CODBAR":"010517","NOMBRE":"Pimpollo - Libare *2","NOM_POPULA":"Pimpollo - Libare *2","ACT_GEOGRA":1180656000000,"NORMA":"Sin","CREACION":null,"ORIGEN_NOR":"Sin","OBSERVACIO":"Ajustado SPM, Visita de campo","COD_SISBEN":"05295","Shape_Area":10739.668940201071,"Shape__Area":10880.6630859375,"Shape__Length":504.43352896337467,"GlobalID":"4e5298ad-42b3-4678-995a-a3bf7bba8e8f","CreationDate":1545839815055,"Creator":"sigper_arcgis","EditDate":1545839815055,"Editor":"sigper_arcgis"}},{"type":"Feature","id":48,"geometry":{"type":"Polygon","coordinates":[[[-75.7311916523275,4.79372739671198],[-75.7313796520035,4.79339718189857],[-75.7314140550546,4.79342678344444],[-75.7314721216587,4.79348455595231],[-75.7318213645863,4.79358088413337],[-75.7320926455559,4.79371458523343],[-75.7315287520992,4.79466457395287],[-75.7313777230485,4.79457356046462],[-75.7316157582342,4.79395484888421],[-75.7311916523275,4.79372739671198]]]},"properties":{"FID":48,"ID_BAR":393,"CODSUELO":"6600101","CODCOM":"15","COMUNA":"El Oso","CODBAR":"011526","NOMBRE":"Olimpia","NOM_POPULA":"Olimpia","ACT_GEOGRA":1180656000000,"NORMA":"48","CREACION":772329600000,"ORIGEN_NOR":"Concejo Municipal","OBSERVACIO":"Ajustado a delimitacion de la Norma de creacion","COD_SISBEN":"15157","Shape_Area":5682.98525741798,"Shape__Area":5757.80859375,"Shape__Length":401.21791769404194,"GlobalID":"ddf9da46-5a3d-4c32-a95c-3367a28ca435","CreationDate":1545839815055,"Creator":"sigper_arcgis","EditDate":1545839815055,"Editor":"sigper_arcgis"}},{"type":"Feature","id":49,"geometry":{"type":"Polygon","coordinates":[[[-75.6958372169376,4.80213491210413],[-75.6957978176326,4.80203631943642],[-75.6959442842464,4.80172004759946],[-75.6958758371763,4.80155714564085],[-75.696024527003,4.80112121162387],[-75.6961250591155,4.80115885439282],[-75.6961576319848,4.80115885615543],[-75.6962847174762,4.80113533525587],[-75.6962945071197,4.80111968706988],[-75.6963107764031,4.80110760670626],[-75.6963228551026,4.80110359821344],[-75.6964196560678,4.80110685165054],[-75.6964394812989,4.80109620235226],[-75.6964608915902,4.80108920950798],[-75.6964970554642,4.80108620805202],[-75.6965253322937,4.80109115526763],[-75.6966306485913,4.80122977322541],[-75.6967218496126,4.80126794578948],[-75.6968183665049,4.80132957370744],[-75.6968916091082,4.80134995898254],[-75.6968807253124,4.80142346928682],[-75.696951356284,4.80158276848845],[-75.6968997690709,4.80239153959762],[-75.6967901150094,4.80238111458527],[-75.6964374554516,4.80233212100222],[-75.696215015947,4.80225653450059],[-75.6959624335237,4.80218124579607],[-75.6958372169376,4.80213491210413]]]},"properties":{"FID":49,"ID_BAR":271,"CODSUELO":"6600101","CODCOM":"07","COMUNA":"Boston","CODBAR":"010729","NOMBRE":"Santa Catalina II","NOM_POPULA":"Santa Catalina II","ACT_GEOGRA":1180656000000,"NORMA":"Sin","CREACION":null,"ORIGEN_NOR":"Sin","OBSERVACIO":"Ajustado SPM","COD_SISBEN":" ","Shape_Area":14026.36068269428,"Shape__Area":14210.94287109375,"Shape__Length":472.89615911246483,"GlobalID":"68c82fc2-4143-4e7d-a274-79867e6ad244","CreationDate":1545839815055,"Creator":"sigper_arcgis","EditDate":1545839815055,"Editor":"sigper_arcgis"}},{"type":"Feature","id":50,"geometry":{"type":"Polygon","coordinates":[[[-75.6921569851299,4.79402910327548],[-75.6923081630504,4.79384598834796],[-75.6923430968784,4.79380247069771],[-75.6923808116686,4.79375542025439],[-75.6924220488463,4.79370227646006],[-75.6926140751922,4.79349742150375],[-75.6926811532866,4.79354747965072],[-75.6931485146114,4.79394859539865],[-75.6926870933646,4.79447803488288],[-75.6921569851299,4.79402910327548]]]},"properties":{"FID":50,"ID_BAR":394,"CODSUELO":"6600101","CODCOM":"06","COMUNA":"Universidad","CODBAR":"010603","NOMBRE":"Canaan","NOM_POPULA":"Canaan","ACT_GEOGRA":1180656000000,"NORMA":"Sin","CREACION":null,"ORIGEN_NOR":"Sin","OBSERVACIO":"Ajustado SPM","COD_SISBEN":" ","Shape_Area":6070.61081704026,"Shape__Area":6150.33984375,"Shape__Length":312.03038716912619,"GlobalID":"882a12c7-a491-4e37-9034-2173ef0f0ad8","CreationDate":1545839815055,"Creator":"sigper_arcgis","EditDate":1545839815055,"Editor":"sigper_arcgis"}},{"type":"Feature","id":51,"geometry":{"type":"Polygon","coordinates":[[[-75.6684957847178,4.80198234003428],[-75.6686191057977,4.80193192542776],[-75.6687857250806,4.80164141269745],[-75.6691372217518,4.80124990492022],[-75.6691447552008,4.80127825291882],[-75.669194465113,4.80141335594119],[-75.6692187593264,4.80144366684546],[-75.6693395344435,4.80152637135121],[-75.6694469970061,4.80162589053491],[-75.6694692143059,4.80165824930771],[-75.6694775914676,4.80169661213861],[-75.6694344181952,4.80172168954766],[-75.6693960697452,4.80172837980452],[-75.6692341454278,4.80189697076428],[-75.6692039995053,4.80193444766553],[-75.669183069691,4.80208454020792],[-75.6691319676756,4.80217509039248],[-75.6690974212164,4.80220730304416],[-75.6690771022263,4.80221471937526],[-75.6690181200953,4.80221264848667],[-75.6688837443838,4.80222734904508],[-75.6688091566972,4.80229318772251],[-75.6687907039197,4.80230374851356],[-75.6687694709165,4.80230379958482],[-75.668657038834,4.80225629630986],[-75.668581683347,4.80224221310777],[-75.6685657312367,4.80223922667707],[-75.6685409783667,4.80221855994633],[-75.6685304866168,4.80219798233955],[-75.6684957847178,4.80198234003428]]]},"properties":{"FID":51,"ID_BAR":272,"CODSUELO":"6600101","CODCOM":"01","COMUNA":"Villa Santana","CODBAR":"010114","NOMBRE":"Veracruz II","NOM_POPULA":"Veracruz II","ACT_GEOGRA":1168041600000,"NORMA":"Sin","CREACION":null,"ORIGEN_NOR":"Sin","OBSERVACIO":"Ajustado SPM, Visita de campo","COD_SISBEN":" ","Shape_Area":6215.83948278872,"Shape__Area":6297.4931640625,"Shape__Length":345.48820604825642,"GlobalID":"54bedf77-2d13-4f34-b910-5555c1341f40","CreationDate":1545839815055,"Creator":"sigper_arcgis","EditDate":1545839815055,"Editor":"sigper_arcgis"}},{"type":"Feature","id":52,"geometry":{"type":"Polygon","coordinates":[[[-75.6958644324746,4.79441714538293],[-75.6957039030342,4.79427628151108],[-75.6955415779812,4.79412580941453],[-75.69545872842,4.79397952648171],[-75.6952714394599,4.793788376087],[-75.6951554521439,4.79370051871455],[-75.6953461115539,4.79334956000893],[-75.6954560176673,4.793200636579],[-75.695505812242,4.79312105295014],[-75.6957093051719,4.79316520032519],[-75.6958865298685,4.79320420657432],[-75.6961797104509,4.79326467777469],[-75.696150899431,4.79341860374611],[-75.696110007741,4.79362468496908],[-75.6960777470537,4.79375791035961],[-75.6960572490051,4.79384251195302],[-75.6960287197243,4.79398983170986],[-75.6959852606605,4.79414063077692],[-75.6959142285805,4.79431352318326],[-75.6958644324746,4.79441714538293]]]},"properties":{"FID":52,"ID_BAR":395,"CODSUELO":"6600101","CODCOM":"07","COMUNA":"Boston","CODBAR":"010711","NOMBRE":"La Arboleda","NOM_POPULA":"La Arboleda","ACT_GEOGRA":1168041600000,"NORMA":"Sin","CREACION":null,"ORIGEN_NOR":"Sin","OBSERVACIO":"Ajustado SPM","COD_SISBEN":" ","Shape_Area":9558.97806571356,"Shape__Area":9684.54052734375,"Shape__Length":399.72488526184094,"GlobalID":"7128b451-f41c-41a9-b1f8-b0ddc830cca0","CreationDate":1545839815055,"Creator":"sigper_arcgis","EditDate":1545839815055,"Editor":"sigper_arcgis"}},{"type":"Feature","id":53,"geometry":{"type":"Polygon","coordinates":[[[-75.7334909987523,4.80226534585895],[-75.7334557848383,4.80224920321104],[-75.733429269359,4.80222481189155],[-75.7333592290062,4.80214699171828],[-75.7332172820388,4.80195908453938],[-75.7332926366344,4.80168858584906],[-75.7333215107037,4.80159783636157],[-75.7333867243797,4.80153605309347],[-75.7334438052745,4.80149740764519],[-75.7334937378092,4.80148451378637],[-75.7335536701864,4.80147161973339],[-75.7340666929013,4.8014551004663],[-75.7346090836141,4.80144128208401],[-75.7347480361125,4.80147812388034],[-75.7346229941844,4.80157286636831],[-75.7344961583629,4.80175720931736],[-75.7343753079622,4.80192791633001],[-75.7341031435171,4.80187224726055],[-75.7340661704024,4.80195835207322],[-75.7340312740162,4.80199915224223],[-75.7338189393695,4.80211609625018],[-75.7337051301958,4.80216466863843],[-75.733554171349,4.80225460625359],[-75.7334909987523,4.80226534585895]]]},"properties":{"FID":53,"ID_BAR":273,"CODSUELO":"6600101","CODCOM":"15","COMUNA":"El Oso","CODBAR":"011536","NOMBRE":"Sauces III","NOM_POPULA":"Sauces III","ACT_GEOGRA":1168041600000,"NORMA":"Sin","CREACION":null,"ORIGEN_NOR":"Sin","OBSERVACIO":"Ajustado SPM","COD_SISBEN":"15200","Shape_Area":9156.78906439713,"Shape__Area":9277.5810546875,"Shape__Length":432.76453399559585,"GlobalID":"54788b45-7d8d-46d7-97ff-0967fcf42195","CreationDate":1545839815055,"Creator":"sigper_arcgis","EditDate":1545839815055,"Editor":"sigper_arcgis"}},{"type":"Feature","id":54,"geometry":{"type":"Polygon","coordinates":[[[-75.7291965237175,4.79372528725359],[-75.7294218157037,4.793528917517],[-75.7291898319779,4.79329247278847],[-75.7296998536954,4.79281115595518],[-75.7298644747089,4.79308668661604],[-75.7299507819646,4.7931651780436],[-75.730072125624,4.7932544778512],[-75.7301934706363,4.79335460464576],[-75.7303179136875,4.79349169904034],[-75.7305305298155,4.79370996812235],[-75.7300052959805,4.79419052686877],[-75.7300056136237,4.7942303195991],[-75.7298132460395,4.79441100576785],[-75.7291965237175,4.79372528725359]]]},"properties":{"FID":54,"ID_BAR":396,"CODSUELO":"6600101","CODCOM":"14","COMUNA":"Perla Del Otun","CODBAR":"011412","NOMBRE":"La Francia","NOM_POPULA":"La Francia","ACT_GEOGRA":1180656000000,"NORMA":"95","CREACION":565401600000,"ORIGEN_NOR":"Concejo Municipal","OBSERVACIO":"Ajustado a delimitacion de la Norma de creacion","COD_SISBEN":"14137","Shape_Area":13425.32038885265,"Shape__Area":13602.05126953125,"Shape__Length":502.35839173592228,"GlobalID":"2c7d3a63-2843-408b-81f4-2e9ba48980a0","CreationDate":1545839815055,"Creator":"sigper_arcgis","EditDate":1545839815055,"Editor":"sigper_arcgis"}},{"type":"Feature","id":55,"geometry":{"type":"Polygon","coordinates":[[[-75.7308915129308,4.80224924098267],[-75.7306003318641,4.80188022454639],[-75.7309072851234,4.80163356888742],[-75.7317437370204,4.8008564582391],[-75.7321250634471,4.80113375267119],[-75.7316542294706,4.80153472586128],[-75.7312484337564,4.80193285438284],[-75.7310435985641,4.80210825954882],[-75.7308915129308,4.80224924098267]]]},"properties":{"FID":55,"ID_BAR":274,"CODSUELO":"6600101","CODCOM":"15","COMUNA":"El Oso","CODBAR":"011532","NOMBRE":"San Felipe","NOM_POPULA":"San Felipe","ACT_GEOGRA":1180656000000,"NORMA":"Sin","CREACION":null,"ORIGEN_NOR":"Sin","OBSERVACIO":"Ajustado SPM, Visita de campo","COD_SISBEN":"15158","Shape_Area":8813.56027723852,"Shape__Area":8929.7998046875,"Shape__Length":461.71776350973369,"GlobalID":"b14b13f5-3657-4b8f-bda6-04082000e02a","CreationDate":1545839815055,"Creator":"sigper_arcgis","EditDate":1545839815055,"Editor":"sigper_arcgis"}},{"type":"Feature","id":56,"geometry":{"type":"Polygon","coordinates":[[[-75.7269754339512,4.79368680542689],[-75.7271683647733,4.79347459324388],[-75.7277802941515,4.79293409122036],[-75.7279251249008,4.79282658018472],[-75.7279533659683,4.792873773487],[-75.728195455035,4.7932783632282],[-75.7285048004561,4.79356417418354],[-75.7276297255961,4.79438711508361],[-75.7274168981314,4.79416225611787],[-75.7269754339512,4.79368680542689]]]},"properties":{"FID":56,"ID_BAR":397,"CODSUELO":"6600101","CODCOM":"14","COMUNA":"Perla Del Otun","CODBAR":"011420","NOMBRE":"Villa Rocio","NOM_POPULA":"Villa Rocio","ACT_GEOGRA":1180656000000,"NORMA":"58","CREACION":595814400000,"ORIGEN_NOR":"Concejo Municipal","OBSERVACIO":"Ajustado a delimitacion de la Norma de creacion","COD_SISBEN":"14145","Shape_Area":14347.649659832619,"Shape__Area":14536.49658203125,"Shape__Length":489.67162327351275,"GlobalID":"d7834e29-081b-4d76-84c3-24899f158d84","CreationDate":1545839815055,"Creator":"sigper_arcgis","EditDate":1545839815055,"Editor":"sigper_arcgis"}},{"type":"Feature","id":57,"geometry":{"type":"Polygon","coordinates":[[[-75.6991756082297,4.80152561821483],[-75.6992123140588,4.80118355430304],[-75.6991891472848,4.80111156170146],[-75.699162986174,4.8010519683722],[-75.6991209446499,4.80097372232309],[-75.6990865783466,4.80092031055768],[-75.6990523914128,4.80080179517884],[-75.6990543646048,4.8007521814992],[-75.6991736700429,4.80068824879933],[-75.6994878199931,4.8012771227167],[-75.6997131745541,4.80154256016444],[-75.7002701695187,4.80178029913936],[-75.7002829531132,4.8017483659988],[-75.7003816910147,4.8017709422902],[-75.7005726133264,4.80187045910918],[-75.700470240931,4.80206843213614],[-75.7003969619777,4.80206826973807],[-75.7003523100388,4.80210654280774],[-75.7003298410177,4.80217362290046],[-75.7001927225243,4.80211388329514],[-75.6998393310808,4.80185538264367],[-75.6995757286435,4.80175964240907],[-75.6994138255922,4.8015485885185],[-75.6991756082297,4.80152561821483]]]},"properties":{"FID":57,"ID_BAR":275,"CODSUELO":"6600101","CODCOM":"07","COMUNA":"Boston","CODBAR":"010713","NOMBRE":"La Laguna","NOM_POPULA":"La Laguna","ACT_GEOGRA":1168041600000,"NORMA":"28","CREACION":549676800000,"ORIGEN_NOR":"Concejo Municipal","OBSERVACIO":"Ajustado a delimitacion de la Norma de creacion","COD_SISBEN":"07065","Shape_Area":6465.23140437207,"Shape__Area":6550.326171875,"Shape__Length":525.94969351109933,"GlobalID":"ce1a5d16-3d0a-484c-adc4-b8146402b00a","CreationDate":1545839815055,"Creator":"sigper_arcgis","EditDate":1545839815055,"Editor":"sigper_arcgis"}},{"type":"Feature","id":58,"geometry":{"type":"Polygon","coordinates":[[[-75.6919518569296,4.79427023693476],[-75.6918786523808,4.79420641849723],[-75.6918245676146,4.79416173042355],[-75.6917752362441,4.79413779526649],[-75.6916890009658,4.79410776523153],[-75.6920959471328,4.79360091394744],[-75.6923430968784,4.79380247069771],[-75.6923081630504,4.79384598834796],[-75.6921569851299,4.79402910327548],[-75.6920220061553,4.79418394177267],[-75.6919518569296,4.79427023693476]]]},"properties":{"FID":58,"ID_BAR":398,"CODSUELO":"6600101","CODCOM":"06","COMUNA":"Universidad","CODBAR":"010607","NOMBRE":"Favi Utp","NOM_POPULA":"Favi Utp","ACT_GEOGRA":1180656000000,"NORMA":"Sin","CREACION":null,"ORIGEN_NOR":"Sin","OBSERVACIO":"Ajustado SPM","COD_SISBEN":" ","Shape_Area":2370.2627954479,"Shape__Area":2401.392578125,"Shape__Length":211.02177563870461,"GlobalID":"706874d7-b8af-499b-9b84-6dca9ecb6157","CreationDate":1545839815055,"Creator":"sigper_arcgis","EditDate":1545839815055,"Editor":"sigper_arcgis"}},{"type":"Feature","id":59,"geometry":{"type":"Polygon","coordinates":[[[-75.7044257335966,4.80168871008734],[-75.7044831017841,4.80153393679708],[-75.7044976836585,4.80140168220626],[-75.7044814882312,4.80133090875056],[-75.7043055004014,4.80108693438791],[-75.7040679310456,4.80062802431157],[-75.7039970903114,4.80036858087156],[-75.7038913909357,4.80005747416048],[-75.7037707251365,4.79976678418303],[-75.7035473414133,4.79949880414283],[-75.7035311442392,4.79946183666206],[-75.7035113559646,4.7994094669218],[-75.7034880832078,4.79933074530994],[-75.7034714651056,4.79924831513067],[-75.7033978525212,4.79870775791067],[-75.7037827423976,4.79841461214819],[-75.7039120046837,4.79856511689385],[-75.7040497887562,4.79872462953472],[-75.7048299795801,4.79958182366413],[-75.7050863613931,4.7997622873948],[-75.7054588402568,4.79999646619436],[-75.7055541965777,4.80002827881194],[-75.705756968424,4.80073421141032],[-75.7057524842492,4.80110084563838],[-75.7057916337529,4.8013523221901],[-75.7057965257773,4.8014432829331],[-75.7057759239967,4.80152733701541],[-75.705715530814,4.8016004398985],[-75.7052071458833,4.80191474137464],[-75.7051680238143,4.80193007127182],[-75.7051286900033,4.80193861856953],[-75.7050837219751,4.80194080720587],[-75.7050419595438,4.80193577261425],[-75.7047786276733,4.80213850895281],[-75.7047438434999,4.80191478013721],[-75.7047256055218,4.80185953140326],[-75.7046088064387,4.80174180896123],[-75.7044257335966,4.80168871008734]]]},"properties":{"FID":59,"ID_BAR":276,"CODSUELO":"6600101","CODCOM":"19","COMUNA":"El Poblado","CODBAR":"011902","NOMBRE":"Barajas","NOM_POPULA":"Barajas","ACT_GEOGRA":1180656000000,"NORMA":"Sin","CREACION":null,"ORIGEN_NOR":"Sin","OBSERVACIO":"Ajustado SPM","COD_SISBEN":" ","Shape_Area":52392.243928983124,"Shape__Area":53081.865234375,"Shape__Length":1063.5513237176785,"GlobalID":"42e26ed6-8d67-47fa-9572-69b4cdb73fee","CreationDate":1545839815055,"Creator":"sigper_arcgis","EditDate":1545839815055,"Editor":"sigper_arcgis"}},{"type":"Feature","id":60,"geometry":{"type":"Polygon","coordinates":[[[-75.6675992868008,4.79424061716725],[-75.6676677849552,4.79412694782992],[-75.66784419785,4.79335445012374],[-75.6677660943144,4.79337574445074],[-75.6677248578069,4.79340235732177],[-75.6677086580877,4.79341387203538],[-75.6676849944853,4.79342731140732],[-75.6676447082808,4.79345765175762],[-75.667616678994,4.79345457535687],[-75.66759801568,4.7934576295513],[-75.667576605318,4.79346960270361],[-75.6675586468698,4.79346467392042],[-75.6675409344103,4.79347118891013],[-75.6675161429454,4.79348662386317],[-75.6674451170214,4.7935110977737],[-75.667416523151,4.79351702980438],[-75.6673127532528,4.79227382469805],[-75.6678362646035,4.7922452224274],[-75.6678438860014,4.79207144385752],[-75.6678607413994,4.79179623087224],[-75.6678266682903,4.79123182977392],[-75.667828686789,4.79109950408764],[-75.6678186621467,4.79096754772837],[-75.6678110950659,4.79092264952849],[-75.6677966660199,4.7908370574391],[-75.6677079515858,4.79057988646726],[-75.6676708071031,4.79051608720731],[-75.6676243664788,4.79045871635245],[-75.6676106027196,4.79041085008966],[-75.66760434465,4.79029445451348],[-75.6676137917632,4.79017827303005],[-75.6676033083249,4.79006396158131],[-75.6675789154287,4.78995178661722],[-75.6675868773123,4.78991526196359],[-75.6676180048475,4.78991650048107],[-75.6676477606632,4.78990724846612],[-75.6677635465425,4.78982906760478],[-75.6678563409444,4.789723542907],[-75.6679192418504,4.78960208534392],[-75.6679919982852,4.78951830111874],[-75.6680476022658,4.7894831402877],[-75.668101584451,4.78946454706208],[-75.6681581017024,4.78945648021014],[-75.6683029363177,4.78939917809138],[-75.6683245592331,4.78937706656325],[-75.6683545258488,4.78936959860251],[-75.668445015488,4.78944514718377],[-75.6685179734553,4.78947726416401],[-75.668691914264,4.78960082616839],[-75.6687258214296,4.78962871768818],[-75.6688562712555,4.78978466933905],[-75.6688964813526,4.78982262941792],[-75.66893619966,4.78984329791137],[-75.6689752818306,4.78989254344443],[-75.6690223929172,4.78993412392907],[-75.6690760892484,4.78996671559512],[-75.6692463746217,4.79000730037243],[-75.66935017668,4.79006298029801],[-75.6694600309621,4.79018035589287],[-75.6695543200167,4.79031060543675],[-75.6696079106638,4.79034731202702],[-75.6696431933364,4.79035614658141],[-75.6696795328464,4.79035540776967],[-75.6699723635657,4.79033340701809],[-75.6700715565016,4.7903497527451],[-75.6701672974592,4.79038044020343],[-75.6702575438829,4.79042483327167],[-75.6705400791279,4.79057807735668],[-75.670586980842,4.79059828684782],[-75.6706374043543,4.79060659201085],[-75.6706808567698,4.79060942154855],[-75.6707235000819,4.79060071754124],[-75.6707624123564,4.79058108058477],[-75.6707809713922,4.79055626592556],[-75.6707898825136,4.79052657674537],[-75.6708822157733,4.79046225833339],[-75.6709223624623,4.79040964558727],[-75.6709396526247,4.79039894392308],[-75.6709544454031,4.79035925735401],[-75.6709848012649,4.79032979941529],[-75.6710457230189,4.79028584304209],[-75.671114988578,4.79025695330486],[-75.6712208043738,4.79023313533391],[-75.6713292245064,4.79023007032172],[-75.6713891916159,4.79024093810246],[-75.6714456706557,4.79026397426091],[-75.6714898916725,4.79034006658069],[-75.671517773643,4.79042359444816],[-75.6715280485129,4.79051107652633],[-75.6715440304438,4.79056860335881],[-75.6715752955797,4.79061942022191],[-75.6716193783201,4.79065955332693],[-75.6716728291279,4.79068583868542],[-75.6717242743194,4.79069649365593],[-75.6717762842293,4.79068877886922],[-75.6718570318055,4.79063380320266],[-75.6719280607722,4.79056663921938],[-75.6720626163182,4.79048088140858],[-75.6720765598057,4.79049165634556],[-75.6720896225904,4.79050432161973],[-75.6721054663875,4.79052449339738],[-75.6721174371181,4.79054590116792],[-75.6721308845526,4.79058952775686],[-75.6721359178179,4.79061898888643],[-75.6721404580613,4.79065378371979],[-75.6721436941884,4.79069348930891],[-75.6721449237338,4.79072861906311],[-75.6721531541596,4.7908428952958],[-75.6721644908892,4.79087159733561],[-75.6721787845179,4.79089978744058],[-75.6721991355127,4.79093122825356],[-75.6723343780131,4.79104703300619],[-75.6724018774179,4.79109665144322],[-75.6724657855509,4.7911388168535],[-75.6725279324442,4.79117585908334],[-75.6725816650449,4.79120497098866],[-75.6726423701136,4.79123537281419],[-75.6727302937806,4.79126646519897],[-75.6728594875786,4.79129054930165],[-75.6728934662746,4.79130561798208],[-75.6729239599473,4.79132209883821],[-75.6729463892196,4.79133626596849],[-75.6729678680055,4.79135163351393],[-75.6729781486743,4.79137146930552],[-75.6729749776763,4.79139209922981],[-75.6729520176254,4.7914079404976],[-75.6727113345228,4.7914572872904],[-75.6726330188843,4.79148502852925],[-75.6726163970829,4.79149852146517],[-75.6726148117904,4.79151358668379],[-75.6726456548349,4.7915540360808],[-75.6727223789187,4.79160798300502],[-75.6728196699594,4.79163971209948],[-75.6729688288426,4.79166450350239],[-75.6731372875962,4.79165738135686],[-75.6731902823576,4.79166611111813],[-75.6732023595173,4.79167381300607],[-75.6732135566963,4.791686141753],[-75.6732258788232,4.79171687537773],[-75.6731989946976,4.79192668317918],[-75.6732029343217,4.79198378569679],[-75.6732219457283,4.79203136984096],[-75.6732513798958,4.79207377899611],[-75.6734516928996,4.79224623135975],[-75.6735054573439,4.79230969668324],[-75.6735331308911,4.7923572805395],[-75.6735520008028,4.79241989490568],[-75.6735679820826,4.79248268595406],[-75.6735834349828,4.79255754028609],[-75.6734123375652,4.79252790706799],[-75.6732745825989,4.79256592265956],[-75.6728772304809,4.79268799091384],[-75.6721739366427,4.79252561858634],[-75.6721352599906,4.79313773780858],[-75.6720528966472,4.79314401872232],[-75.6719127132247,4.79314967715531],[-75.6717724606999,4.79314593886753],[-75.671596502869,4.7931279798402],[-75.6714485102292,4.79304354217888],[-75.6714171379056,4.7930151569029],[-75.6713359731435,4.79300690149582],[-75.6712350135444,4.79305089025211],[-75.6711548657489,4.79309618746837],[-75.6710936621992,4.79314162762374],[-75.671014600117,4.79324826586815],[-75.6709849846243,4.79327343202732],[-75.6708586375589,4.79330745751403],[-75.6707423985139,4.79332850103951],[-75.6706504220048,4.79332656871042],[-75.6706347157739,4.79334399962836],[-75.6706268266169,4.79336614762374],[-75.6706098820435,4.79345235591214],[-75.6706155125171,4.79349820752592],[-75.6706344881114,4.79354029870692],[-75.6705819119148,4.79358243603458],[-75.6705422201551,4.79366934963877],[-75.6704711176491,4.79375811420901],[-75.6704253396175,4.79377397074249],[-75.6703584710315,4.79377059207339],[-75.670331392992,4.79376327781008],[-75.6703192438923,4.79377004119162],[-75.6702941012479,4.79377125777386],[-75.6702636068128,4.79377628921063],[-75.6702124766709,4.79378818949544],[-75.6701693052968,4.79378753194149],[-75.669607582536,4.7938618436155],[-75.6686024529944,4.79400676605052],[-75.6684051338917,4.79425214897291],[-75.6675992868008,4.79424061716725]]]},"properties":{"FID":60,"ID_BAR":399,"CODSUELO":"6600101","CODCOM":"01","COMUNA":"Villa Santana","CODBAR":"010108","NOMBRE":"Las Brisas","NOM_POPULA":"Las Brisas","ACT_GEOGRA":1168041600000,"NORMA":"Sin","CREACION":null,"ORIGEN_NOR":"Sin","OBSERVACIO":"Ajustado SPM","COD_SISBEN":"01500","Shape_Area":214715.31186588272,"Shape__Area":217529.845703125,"Shape__Length":2438.0728977012682,"GlobalID":"3a8044d9-16a2-41a3-b805-8b476ea32daf","CreationDate":1545839815055,"Creator":"sigper_arcgis","EditDate":1545839815055,"Editor":"sigper_arcgis"}},{"type":"Feature","id":61,"geometry":{"type":"Polygon","coordinates":[[[-75.6957978176326,4.80203631943642],[-75.6957775721274,4.80198576944305],[-75.6956338043957,4.80179619293752],[-75.6954526727883,4.80166719760997],[-75.695057513501,4.80157787831974],[-75.6947306703802,4.8014268859755],[-75.6944648533297,4.8012537479049],[-75.6942988320513,4.80104177456025],[-75.6942065825908,4.80085315487534],[-75.6941256747763,4.80058309475951],[-75.6942077924024,4.80057605148674],[-75.694295792093,4.80055113361079],[-75.6943767841304,4.8005091901148],[-75.6944396068842,4.80045977401448],[-75.694498240434,4.80039267715544],[-75.6945345133202,4.80033193831664],[-75.6945639901645,4.80026275639082],[-75.6946539088111,4.79984292860298],[-75.6947095538229,4.79967561593301],[-75.6947396252097,4.79969649429451],[-75.6947860341,4.79973540618662],[-75.6948354710811,4.79978860721153],[-75.69486349864,4.79982645938561],[-75.6949166318796,4.79991390768039],[-75.6949513484183,4.7999936894316],[-75.6949754652582,4.80007518457046],[-75.6950395858704,4.80014474148108],[-75.6950980008284,4.80023051262342],[-75.6951312033955,4.8002964124152],[-75.6951845850988,4.80033477701146],[-75.6952497984603,4.8003588888988],[-75.6953387461329,4.80039891574496],[-75.6953875850073,4.80042470490739],[-75.6955085739119,4.8005085713865],[-75.6955464611826,4.80056495112494],[-75.6955748755164,4.80062514573151],[-75.695601210581,4.80073112057181],[-75.695666878138,4.80083900485895],[-75.6958254352392,4.80102144579795],[-75.695954030827,4.80109480275562],[-75.696024527003,4.80112121162387],[-75.6958758371763,4.80155714564085],[-75.6959442842464,4.80172004759946],[-75.6957978176326,4.80203631943642]]]},"properties":{"FID":61,"ID_BAR":277,"CODSUELO":"6600101","CODCOM":"07","COMUNA":"Boston","CODBAR":"010702","NOMBRE":"Bosques de La Salle","NOM_POPULA":"Bosques de La Salle","ACT_GEOGRA":1180656000000,"NORMA":"Sin","CREACION":null,"ORIGEN_NOR":"Sin","OBSERVACIO":"Ajustado SPM","COD_SISBEN":" ","Shape_Area":24629.945625017888,"Shape__Area":24953.98388671875,"Shape__Length":732.13242846879348,"GlobalID":"fe792f98-4919-4ffc-87b4-8fa3a4d0d999","CreationDate":1545839815055,"Creator":"sigper_arcgis","EditDate":1545839815055,"Editor":"sigper_arcgis"}},{"type":"Feature","id":62,"geometry":{"type":"Polygon","coordinates":[[[-75.733681416933,4.79366766015784],[-75.7336255330537,4.79363373211422],[-75.7335306343787,4.79358689240755],[-75.7338772311944,4.79322422897617],[-75.7340036441527,4.79312196260939],[-75.734368447185,4.79287387438771],[-75.7353566881244,4.79222844753608],[-75.7353967260397,4.79231281978591],[-75.7354062002593,4.79240524686411],[-75.7354244062211,4.79249859153166],[-75.7354480352777,4.79258102128541],[-75.7355781134754,4.79277881919935],[-75.7356212849497,4.7928091275898],[-75.7356573788288,4.79283782822504],[-75.7357290374388,4.79290593252299],[-75.7358461561853,4.7929620622874],[-75.735897919482,4.79299989394382],[-75.7359492609472,4.79302852415109],[-75.7359929956861,4.79304821725561],[-75.7354462145009,4.79341897268195],[-75.7352192336707,4.79355086042506],[-75.7352762448092,4.7936523292602],[-75.7343424039533,4.79417567417709],[-75.7342977884213,4.79413815931474],[-75.7342284534944,4.79406805875753],[-75.7341769710578,4.79399536157869],[-75.734092600428,4.79389670115126],[-75.734052316095,4.79385826813611],[-75.7339074489801,4.7937433413487],[-75.7338883282122,4.79373410404456],[-75.7337144464063,4.79368772470977],[-75.733681416933,4.79366766015784]]]},"properties":{"FID":62,"ID_BAR":400,"CODSUELO":"6600101","CODCOM":"13","COMUNA":"San Joaquin","CODBAR":"011328","NOMBRE":"Los Girasoles","NOM_POPULA":"Los Girasoles","ACT_GEOGRA":1168041600000,"NORMA":"Sin","CREACION":null,"ORIGEN_NOR":"Sin","OBSERVACIO":"Ajustado SPM","COD_SISBEN":"13238","Shape_Area":26195.131653423639,"Shape__Area":26540.04638671875,"Shape__Length":727.38502281273077,"GlobalID":"493e7136-baaa-4e3b-90e5-b22be32b41b7","CreationDate":1545839815055,"Creator":"sigper_arcgis","EditDate":1545839815055,"Editor":"sigper_arcgis"}},{"type":"Feature","id":63,"geometry":{"type":"Polygon","coordinates":[[[-75.7242318234162,4.80203300931928],[-75.7236717905644,4.80187998061945],[-75.7232476471653,4.80176648080377],[-75.7231085547191,4.80156502438787],[-75.7225510258367,4.80099620699939],[-75.7224874664817,4.80090256082033],[-75.7222998526528,4.80054899659951],[-75.7217618692693,4.7998612234049],[-75.7213602999791,4.7995903510168],[-75.7209492580638,4.79934478854199],[-75.720413453947,4.79935050650408],[-75.7199542136269,4.79824805770566],[-75.720852400707,4.79763875222956],[-75.7209903671067,4.79747507699824],[-75.7212897854161,4.79741965477388],[-75.7212976713793,4.79753631426069],[-75.7213269337377,4.79759869790179],[-75.7214348960511,4.79773653565715],[-75.7214723973051,4.79780983403939],[-75.7215013419224,4.79788025409423],[-75.7215229266739,4.79794689414434],[-75.721555850102,4.79808626711246],[-75.7215604962275,4.79836914688019],[-75.721560601838,4.79839097729565],[-75.7215663759769,4.7984192196768],[-75.72157232767,4.7984369518722],[-75.7215820807762,4.79845141803669],[-75.721634653592,4.79852070704455],[-75.7217013825568,4.79859271734636],[-75.7217915273471,4.79866983143261],[-75.7218344521948,4.7986946823558],[-75.7220392511306,4.79876572104476],[-75.7220833027336,4.79878497357467],[-75.7221152410166,4.79880754614849],[-75.7221383412608,4.79883054235126],[-75.7221867231231,4.79887264984327],[-75.722217957558,4.79890984681536],[-75.7224706444653,4.79929078924791],[-75.7224993078225,4.7993521835655],[-75.7225389577633,4.79941769325523],[-75.7225688884412,4.79945796322952],[-75.7226601612493,4.79953716153645],[-75.7226991059802,4.79958967132165],[-75.7227572778031,4.79965458041673],[-75.7228214364453,4.79971258446869],[-75.7230054956131,4.79982514664674],[-75.7230506737926,4.79984441674528],[-75.7231107827715,4.79985976575267],[-75.72316001077,4.7998645166209],[-75.723199273846,4.79986347531857],[-75.7232812151266,4.79985339045913],[-75.7233510071754,4.79983694676739],[-75.7234107646086,4.79981668883763],[-75.7234570344524,4.79979330413601],[-75.7234884804144,4.79976806473212],[-75.7235413360575,4.79965930054866],[-75.7236338062674,4.79959107141631],[-75.7237937799908,4.79952393807549],[-75.7238269860098,4.79951606090722],[-75.7238692418363,4.79951143368418],[-75.7239155830523,4.79951309412979],[-75.7239806209653,4.79954296111508],[-75.7240530547148,4.79958353141029],[-75.7241030929144,4.79961663137714],[-75.7241455950074,4.79964847603342],[-75.7241972170103,4.79970425375298],[-75.7242548613351,4.79980279258247],[-75.7243223998172,4.79990463365588],[-75.7243938469702,4.80000000944006],[-75.724406910657,4.80005179614078],[-75.7244222287665,4.80010149713527],[-75.7244479338638,4.80016965603486],[-75.7244684982047,4.80021554327669],[-75.7245693840032,4.80038375932984],[-75.724592940844,4.80040332911682],[-75.7246134353148,4.80042750893996],[-75.7246233303428,4.80044317504934],[-75.7246314289487,4.80045945958735],[-75.7246996372792,4.80052371496457],[-75.724736153475,4.80054008838701],[-75.7247788665122,4.80055181639788],[-75.7248260876151,4.80055656770465],[-75.7248690834318,4.80055375905485],[-75.7249380658951,4.80053751068957],[-75.7252449854701,4.80042816410603],[-75.7253458006566,4.8004145110364],[-75.7253642521914,4.80041256862051],[-75.7253839015472,4.80041422852833],[-75.7254060507833,4.80042095791044],[-75.7254206998196,4.8004287826114],[-75.7254949284434,4.8004989198935],[-75.7242318234162,4.80203300931928]]]},"properties":{"FID":63,"ID_BAR":278,"CODSUELO":"6600101","CODCOM":"10","COMUNA":"Consota","CODBAR":"011003","NOMBRE":"Antonio Jose Valencia","NOM_POPULA":"Padre Valencia","ACT_GEOGRA":1168041600000,"NORMA":"Sin","CREACION":null,"ORIGEN_NOR":"Sin","OBSERVACIO":"Ajustado SPM","COD_SISBEN":"10088","Shape_Area":101329.9174365139,"Shape__Area":102665.0849609375,"Shape__Length":1792.5681972758466,"GlobalID":"a33604d8-3c39-4920-8036-e8f4d064c0be","CreationDate":1545839815055,"Creator":"sigper_arcgis","EditDate":1545839815055,"Editor":"sigper_arcgis"}},{"type":"Feature","id":64,"geometry":{"type":"Polygon","coordinates":[[[-75.6916890009658,4.79410776523153],[-75.6915914620676,4.79408133747404],[-75.6914831494991,4.7940347918692],[-75.6913709643128,4.79398434196816],[-75.6918476013262,4.79338342547556],[-75.6920959471328,4.79360091394744],[-75.6916890009658,4.79410776523153]]]},"properties":{"FID":64,"ID_BAR":401,"CODSUELO":"6600101","CODCOM":"06","COMUNA":"Universidad","CODBAR":"010613","NOMBRE":"La Sierra","NOM_POPULA":"La Sierra","ACT_GEOGRA":1180656000000,"NORMA":"Sin","CREACION":null,"ORIGEN_NOR":"Sin","OBSERVACIO":"Ajustado SPM","COD_SISBEN":" ","Shape_Area":2873.4114100424,"Shape__Area":2911.146484375,"Shape__Length":232.96671049583392,"GlobalID":"726136ec-e3c0-4232-8b2c-78bd261e54cc","CreationDate":1545839815055,"Creator":"sigper_arcgis","EditDate":1545839815055,"Editor":"sigper_arcgis"}},{"type":"Feature","id":65,"geometry":{"type":"Polygon","coordinates":[[[-75.7320926455559,4.79371458523343],[-75.7318213645863,4.79358088413337],[-75.7314721216587,4.79348455595231],[-75.7314140550546,4.79342678344444],[-75.7325889218829,4.79197096018503],[-75.732597232058,4.79198698018427],[-75.732612267905,4.79201082358028],[-75.7326258254295,4.79202885729786],[-75.7326581161659,4.79209668003732],[-75.7326639264669,4.79211912840076],[-75.7326714267372,4.79213869794965],[-75.7326780118623,4.79215203311646],[-75.7327450228111,4.79224535986081],[-75.7328464024958,4.79244764539786],[-75.7329047508948,4.79252451117039],[-75.7329204911249,4.79254946794367],[-75.7329332383927,4.79257769242635],[-75.7329421825534,4.79260455695527],[-75.7329474648998,4.79263154446504],[-75.7329491899505,4.79265174995923],[-75.7329486651444,4.79295939203862],[-75.7329524325577,4.79298454313697],[-75.7329846881989,4.79304268695691],[-75.7330102534431,4.79306020728732],[-75.7330459242074,4.79308860795773],[-75.7330708900942,4.79311169249452],[-75.7330937083582,4.79312651151523],[-75.7331164908924,4.79314623950531],[-75.7331370904193,4.79316750462119],[-75.7331504715684,4.79318357708713],[-75.7331885726297,4.79324207504186],[-75.7326865140924,4.79407326612476],[-75.7324506570515,4.7939645390284],[-75.732342975911,4.79391489131171],[-75.7322376175508,4.79382313710456],[-75.7321215200814,4.79372883851709],[-75.7320926455559,4.79371458523343]]]},"properties":{"FID":65,"ID_BAR":402,"CODSUELO":"6600101","CODCOM":"15","COMUNA":"El Oso","CODBAR":"011544","NOMBRE":"Villa Ligia","NOM_POPULA":"Villa Ligia","ACT_GEOGRA":1180656000000,"NORMA":"67","CREACION":806544000000,"ORIGEN_NOR":"Concejo Municipal","OBSERVACIO":"Ajustado a delimitacion de la Norma de creacion","COD_SISBEN":"15166","Shape_Area":22624.355050443119,"Shape__Area":22922.20654296875,"Shape__Length":641.72853953673268,"GlobalID":"aa76a40e-dd1f-449d-b331-23e7b2545879","CreationDate":1545839815055,"Creator":"sigper_arcgis","EditDate":1545839815055,"Editor":"sigper_arcgis"}},{"type":"Feature","id":66,"geometry":{"type":"Polygon","coordinates":[[[-75.6673914163716,4.80125266860983],[-75.6674104136011,4.80105335209936],[-75.6674448372918,4.80081235262209],[-75.6674815787883,4.80065122300553],[-75.6675370655471,4.80036031191596],[-75.667578220288,4.80005730143502],[-75.6684562593867,4.80009505125826],[-75.6687168714983,4.80010685359782],[-75.668944737304,4.80009798891546],[-75.6689054308395,4.80019657683264],[-75.6688842306123,4.80022285675054],[-75.6688551431599,4.80023993358601],[-75.6688219011439,4.80024563541641],[-75.6688010532362,4.80026885951668],[-75.6687891839227,4.80029775417574],[-75.6687670190964,4.80048057472193],[-75.6687628850587,4.80064720054945],[-75.6687672073869,4.80074942956506],[-75.6687826216021,4.80085996153442],[-75.6688236053898,4.80091724441899],[-75.6688386402445,4.80092717192691],[-75.6690168449603,4.80104071954249],[-75.6690761395244,4.80110130649883],[-75.6691158890091,4.80116943343686],[-75.6691372217518,4.80124990492022],[-75.6687857250806,4.80164141269745],[-75.6686191057977,4.80193192542776],[-75.6684957847178,4.80198234003428],[-75.6684887454015,4.8019385024255],[-75.6684648016512,4.80192844982694],[-75.6684389545198,4.8019307261334],[-75.6683977892406,4.801940348621],[-75.6683631025025,4.8019640666323],[-75.6683229929831,4.80197653267541],[-75.6681699558588,4.8019748414744],[-75.6680697431773,4.80192949328022],[-75.6679632948687,4.80190186030147],[-75.6677879790951,4.80177223921728],[-75.6677592492879,4.8017178021921],[-75.6677251652071,4.80169775260079],[-75.6676864665374,4.80168980120066],[-75.667635937319,4.80165804021132],[-75.6676061850788,4.80162622723658],[-75.667595589322,4.80158390739119],[-75.6675989506605,4.80140140341597],[-75.6675477903983,4.80134869465361],[-75.667474940567,4.80127659111773],[-75.6673914163716,4.80125266860983]]]},"properties":{"FID":66,"ID_BAR":279,"CODSUELO":"6600101","CODCOM":"01","COMUNA":"Villa Santana","CODBAR":"010111","NOMBRE":"Nuevo Plan","NOM_POPULA":"Nuevo Plan","ACT_GEOGRA":1168041600000,"NORMA":"70","CREACION":628214400000,"ORIGEN_NOR":"Concejo Municipal","OBSERVACIO":"Ajustado a delimitacion de la Norma de creacion","COD_SISBEN":"01008","Shape_Area":29871.195314613731,"Shape__Area":30263.50048828125,"Shape__Length":724.96217149355255,"GlobalID":"5c4e585d-0847-4f5e-a53f-e07fed143f69","CreationDate":1545839815055,"Creator":"sigper_arcgis","EditDate":1545839815055,"Editor":"sigper_arcgis"}},{"type":"Feature","id":67,"geometry":{"type":"Polygon","coordinates":[[[-75.7206019265377,4.8018988412521],[-75.7206447473969,4.80182543676938],[-75.7206887994117,4.80179574665275],[-75.7207578525553,4.80178984852695],[-75.7208797616659,4.80174191392475],[-75.72091620742,4.80171909484406],[-75.7209826915793,4.80156569784129],[-75.7209883967063,4.80153717361622],[-75.7210180109724,4.80147894179226],[-75.721023715663,4.80144926851235],[-75.7210134009035,4.80116213301603],[-75.7210331205772,4.80110492479189],[-75.7210692150624,4.80108198204189],[-75.721103970299,4.80106590924782],[-75.7211299576704,4.80105714909368],[-75.7211716156219,4.80101989988781],[-75.7211943285469,4.80099079290188],[-75.7212074630489,4.80096325710583],[-75.7212148580227,4.8009346792781],[-75.7212166898141,4.8009033818446],[-75.7212084847541,4.80087579368403],[-75.7211936248409,4.80084838124225],[-75.7211712293964,4.80082307111634],[-75.7211421438162,4.80080302465627],[-75.7210191441462,4.8007434479562],[-75.7209114274051,4.80070381342041],[-75.7208621991643,4.800673186536],[-75.720774518482,4.80064838757141],[-75.7207241284752,4.80061143812691],[-75.7207158187509,4.80059487017936],[-75.7207031416257,4.80057701431085],[-75.7206889509871,4.80056254834813],[-75.7206728584939,4.80055052045386],[-75.7205709517627,4.80051505336804],[-75.7204977441445,4.80045394108551],[-75.720430945453,4.80037573232062],[-75.7204071414865,4.80032168492505],[-75.7203680555424,4.80025772944217],[-75.7203454836686,4.80022869244094],[-75.720258296194,4.80016003875019],[-75.720200124087,4.80014693269622],[-75.7201241343857,4.80013741193346],[-75.7200515242997,4.80013605064422],[-75.7199918024323,4.80014057235143],[-75.71986837955,4.80017029620242],[-75.7198348214775,4.80019030757092],[-75.7197940091546,4.80019140254578],[-75.7197762972956,4.8001770597495],[-75.7197517188764,4.80016058057244],[-75.7197226330302,4.80014526769641],[-75.7196996032647,4.80013588842209],[-75.7197340806879,4.79980129436629],[-75.7197693324631,4.79946290300228],[-75.720413453947,4.79935050650408],[-75.7209492580638,4.79934478854199],[-75.7213602999791,4.7995903510168],[-75.7217618692693,4.7998612234049],[-75.7222998526528,4.80054899659951],[-75.7216194188998,4.8015209119974],[-75.7208564133533,4.80192424144712],[-75.7208317990739,4.8019304232364],[-75.7208020084907,4.80193238364539],[-75.7207760210038,4.8019293277878],[-75.7206019265377,4.8018988412521]]]},"properties":{"FID":67,"ID_BAR":280,"CODSUELO":"6600101","CODCOM":"10","COMUNA":"Consota","CODBAR":"011022","NOMBRE":"Sanai II","NOM_POPULA":"Sanai II","ACT_GEOGRA":1180656000000,"NORMA":"23","CREACION":891820800000,"ORIGEN_NOR":"Concejo Municipal","OBSERVACIO":"Ajustado a delimitacion de la Norma de creacion","COD_SISBEN":"10099","Shape_Area":38931.236253481737,"Shape__Area":39444.212890625,"Shape__Length":1022.3811758075326,"GlobalID":"254990e5-3f15-4de2-8147-cff478d74efa","CreationDate":1545839815055,"Creator":"sigper_arcgis","EditDate":1545839815055,"Editor":"sigper_arcgis"}},{"type":"Feature","id":68,"geometry":{"type":"Polygon","coordinates":[[[-75.7289315471855,4.79399568052563],[-75.7285048004561,4.79356417418354],[-75.7285993473801,4.79347810562281],[-75.7289536581263,4.79314917925857],[-75.729001617903,4.79309643987467],[-75.7291898319779,4.79329247278847],[-75.7294218157037,4.793528917517],[-75.7291965237175,4.79372528725359],[-75.7289315471855,4.79399568052563]]]},"properties":{"FID":68,"ID_BAR":403,"CODSUELO":"6600101","CODCOM":"14","COMUNA":"Perla Del Otun","CODBAR":"011414","NOMBRE":"Los Almendros","NOM_POPULA":"Los Almendros","ACT_GEOGRA":1180656000000,"NORMA":"80","CREACION":597888000000,"ORIGEN_NOR":"Concejo Municipal","OBSERVACIO":"Ajustado a delimitacion de la Norma de creacion","COD_SISBEN":"14139","Shape_Area":4958.1604639811,"Shape__Area":5023.42578125,"Shape__Length":286.57583406783885,"GlobalID":"f3cd0ffe-cb9a-40e9-ac4c-c3c1f06d96c8","CreationDate":1545839815055,"Creator":"sigper_arcgis","EditDate":1545839815055,"Editor":"sigper_arcgis"}},{"type":"Feature","id":69,"geometry":{"type":"Polygon","coordinates":[[[-75.6990791941692,4.80152033363468],[-75.6990089281073,4.80192091097535],[-75.6987441951692,4.8018837919247],[-75.6985597143955,4.80183259899732],[-75.6984896420257,4.80178307113087],[-75.6982664668671,4.8016164355384],[-75.6982265006818,4.80160020214955],[-75.6981547716322,4.80157775069861],[-75.6980411042337,4.80156077251363],[-75.6979430694611,4.80157004143989],[-75.6978620433141,4.80158678142798],[-75.6977829530089,4.80161155866966],[-75.697671608725,4.80160678431324],[-75.6976459740385,4.80160010761758],[-75.697622839057,4.80158860837405],[-75.697605056948,4.80157499002602],[-75.697566851891,4.80154522750851],[-75.6975218160282,4.80149739557563],[-75.6974873791664,4.80144507841487],[-75.6974357571553,4.80142693737914],[-75.6973881498537,4.80140213712668],[-75.6973421627226,4.80136891263792],[-75.6972925480862,4.80135774765323],[-75.6972285993818,4.80137687353977],[-75.6971670127006,4.80134804549542],[-75.6971536313574,4.80135405021204],[-75.6971341229939,4.80136980441327],[-75.6971221842124,4.80138758995069],[-75.6970619339548,4.80139733659997],[-75.6968916091082,4.80134995898254],[-75.6968183665049,4.80132957370744],[-75.6967218496126,4.80126794578948],[-75.6966306485913,4.80122977322541],[-75.6965253322937,4.80109115526763],[-75.6964970554642,4.80108620805202],[-75.6964608915902,4.80108920950798],[-75.6964394812989,4.80109620235226],[-75.6964196560678,4.80110685165054],[-75.6963228551026,4.80110359821344],[-75.6963107764031,4.80110760670626],[-75.6962945071197,4.80111968706988],[-75.6962847174762,4.80113533525587],[-75.6961576319848,4.80115885615543],[-75.6961250591155,4.80115885439282],[-75.696024527003,4.80112121162387],[-75.695954030827,4.80109480275562],[-75.6958254352392,4.80102144579795],[-75.695666878138,4.80083900485895],[-75.695601210581,4.80073112057181],[-75.6955748755164,4.80062514573151],[-75.6955464611826,4.80056495112494],[-75.6955085739119,4.8005085713865],[-75.6953875850073,4.80042470490739],[-75.6953387461329,4.80039891574496],[-75.6952497984603,4.8003588888988],[-75.6951845850988,4.80033477701146],[-75.6951312033955,4.8002964124152],[-75.6950980008284,4.80023051262342],[-75.6950395858704,4.80014474148108],[-75.6949754652582,4.80007518457046],[-75.6949513484183,4.7999936894316],[-75.6949166318796,4.79991390768039],[-75.69486349864,4.79982645938561],[-75.6948354710811,4.79978860721153],[-75.6947860341,4.79973540618662],[-75.6947396252097,4.79969649429451],[-75.6947095538229,4.79967561593301],[-75.6946539088111,4.79984292860298],[-75.6945639901645,4.80026275639082],[-75.6945345133202,4.80033193831664],[-75.694498240434,4.80039267715544],[-75.6944396068842,4.80045977401448],[-75.6943767841304,4.8005091901148],[-75.694295792093,4.80055113361079],[-75.6942077924024,4.80057605148674],[-75.6941256747763,4.80058309475951],[-75.6941226483574,4.80054383140663],[-75.6941202903241,4.80051366409391],[-75.6941566076071,4.80025464767786],[-75.6942972023582,4.79977178517719],[-75.6946102658218,4.79862988010116],[-75.6946384423827,4.79849923314308],[-75.6947755518204,4.79798113445203],[-75.6947910917595,4.79774615592603],[-75.6949709946091,4.79776425037168],[-75.6954203440897,4.79788539901068],[-75.6955825694135,4.79792267390143],[-75.6956270796452,4.79789831952606],[-75.6957254640727,4.79792729078996],[-75.6960138556034,4.79801070483029],[-75.6963130205147,4.7981526349969],[-75.6967250383372,4.79841299544874],[-75.6971595543068,4.79873909550406],[-75.6976217344348,4.79939952580071],[-75.6977616267954,4.79963604749669],[-75.6979625102097,4.79983452729117],[-75.6981005771015,4.79993815778952],[-75.6981748026801,4.80002548314488],[-75.6981906453625,4.80010911499273],[-75.6982009232688,4.80021736812891],[-75.6982007076078,4.8003112781614],[-75.6987259215327,4.80097690377816],[-75.6990333924049,4.80127443729012],[-75.6990128884992,4.80151672721807],[-75.6990791941692,4.80152033363468]]]},"properties":{"FID":69,"ID_BAR":281,"CODSUELO":"6600101","CODCOM":"07","COMUNA":"Boston","CODBAR":"010703","NOMBRE":"Boston","NOM_POPULA":"Boston","ACT_GEOGRA":1168041600000,"NORMA":"Sin","CREACION":null,"ORIGEN_NOR":"Sin","OBSERVACIO":"Ajustado SPM","COD_SISBEN":"07218","Shape_Area":125444.80217420081,"Shape__Area":127094.9296875,"Shape__Length":1787.173105483877,"GlobalID":"56108ad1-e936-4676-972a-e3b2e5769a63","CreationDate":1545839815055,"Creator":"sigper_arcgis","EditDate":1545839815055,"Editor":"sigper_arcgis"}},{"type":"Feature","id":70,"geometry":{"type":"Polygon","coordinates":[[[-75.6918476013262,4.79338342547556],[-75.6913709643128,4.79398434196816],[-75.6912692020436,4.7939165673202],[-75.6911694830418,4.79384598342561],[-75.6910517707793,4.79374779240628],[-75.6909637790375,4.79364543437739],[-75.6908969142154,4.79357013654592],[-75.6908394165836,4.79347013033149],[-75.690872094842,4.79345653202981],[-75.6915312929611,4.79320789862127],[-75.6915745687425,4.79323653156026],[-75.6916679174258,4.79323547690682],[-75.6918476013262,4.79338342547556]]]},"properties":{"FID":70,"ID_BAR":404,"CODSUELO":"6600101","CODCOM":"06","COMUNA":"Universidad","CODBAR":"010612","NOMBRE":"La Parcela","NOM_POPULA":"La Parcela","ACT_GEOGRA":1180656000000,"NORMA":"Sin","CREACION":null,"ORIGEN_NOR":"Sin","OBSERVACIO":"Ajustado SPM","COD_SISBEN":" ","Shape_Area":5091.68158225665,"Shape__Area":5158.54345703125,"Shape__Length":293.58553337650568,"GlobalID":"11640b91-e729-4bfe-b746-f0421e160f61","CreationDate":1545839815055,"Creator":"sigper_arcgis","EditDate":1545839815055,"Editor":"sigper_arcgis"}},{"type":"Feature","id":71,"geometry":{"type":"Polygon","coordinates":[[[-75.7206019265377,4.8018988412521],[-75.7203279327569,4.80183534238779],[-75.7199068878655,4.80172417204714],[-75.719293437946,4.80158721182817],[-75.7187868249465,4.80148103809444],[-75.7180209726361,4.80129138886106],[-75.7171541646381,4.80108660084102],[-75.716996690791,4.80108659874273],[-75.7168016789669,4.80111165802705],[-75.716119065818,4.80132850563993],[-75.7160936780292,4.80130211812266],[-75.716280250859,4.80046842508232],[-75.7163470865289,4.80039629386848],[-75.7170707221623,4.80018227313133],[-75.7194914863463,4.80074648896804],[-75.7195971263247,4.80071287946479],[-75.7196700915678,4.80042208839944],[-75.7196996032647,4.80013588842209],[-75.7197226330302,4.80014526769641],[-75.7197517188764,4.80016058057244],[-75.7197762972956,4.8001770597495],[-75.7197940091546,4.80019140254578],[-75.7198348214775,4.80019030757092],[-75.71986837955,4.80017029620242],[-75.7199918024323,4.80014057235143],[-75.7200515242997,4.80013605064422],[-75.7201241343857,4.80013741193346],[-75.720200124087,4.80014693269622],[-75.720258296194,4.80016003875019],[-75.7203454836686,4.80022869244094],[-75.7203680555424,4.80025772944217],[-75.7204071414865,4.80032168492505],[-75.720430945453,4.80037573232062],[-75.7204977441445,4.80045394108551],[-75.7205709517627,4.80051505336804],[-75.7206728584939,4.80055052045386],[-75.7206889509871,4.80056254834813],[-75.7207031416257,4.80057701431085],[-75.7207158187509,4.80059487017936],[-75.7207241284752,4.80061143812691],[-75.720774518482,4.80064838757141],[-75.7208621991643,4.800673186536],[-75.7209114274051,4.80070381342041],[-75.7210191441462,4.8007434479562],[-75.7211421438162,4.80080302465627],[-75.7211712293964,4.80082307111634],[-75.7211936248409,4.80084838124225],[-75.7212084847541,4.80087579368403],[-75.7212166898141,4.8009033818446],[-75.7212148580227,4.8009346792781],[-75.7212074630489,4.80096325710583],[-75.7211943285469,4.80099079290188],[-75.7211716156219,4.80101989988781],[-75.7211299576704,4.80105714909368],[-75.721103970299,4.80106590924782],[-75.7210692150624,4.80108198204189],[-75.7210331205772,4.80110492479189],[-75.7210134009035,4.80116213301603],[-75.721023715663,4.80144926851235],[-75.7210180109724,4.80147894179226],[-75.7209883967063,4.80153717361622],[-75.7209826915793,4.80156569784129],[-75.72091620742,4.80171909484406],[-75.7208797616659,4.80174191392475],[-75.7207578525553,4.80178984852695],[-75.7206887994117,4.80179574665275],[-75.7206447473969,4.80182543676938],[-75.7206019265377,4.8018988412521]]]},"properties":{"FID":71,"ID_BAR":282,"CODSUELO":"6600101","CODCOM":"10","COMUNA":"Consota","CODBAR":"011005","NOMBRE":"Dorado I","NOM_POPULA":"Dorado I","ACT_GEOGRA":1180656000000,"NORMA":"58","CREACION":653270400000,"ORIGEN_NOR":"Concejo Municipal","OBSERVACIO":"Ajustado a delimitacion de la Norma de creacion","COD_SISBEN":"10089","Shape_Area":61896.572054231612,"Shape__Area":62712.16455078125,"Shape__Length":1415.1637016439104,"GlobalID":"e3aefe39-8b03-4460-8db0-7adebc0969cf","CreationDate":1545839815055,"Creator":"sigper_arcgis","EditDate":1545839815055,"Editor":"sigper_arcgis"}},{"type":"Feature","id":72,"geometry":{"type":"Polygon","coordinates":[[[-75.7311916523275,4.79372739671198],[-75.7310477739294,4.79398003976933],[-75.731009180752,4.7939437616119],[-75.73090706177,4.79377411546209],[-75.7308428684247,4.79369723170694],[-75.7307489196361,4.79360129142951],[-75.7307221580006,4.79358129787653],[-75.7306774370051,4.79354256396487],[-75.7306364139145,4.79350414924021],[-75.7305964822804,4.7934638435681],[-75.7305648610495,4.79342883759035],[-75.7304375654683,4.79327159067504],[-75.7304260153613,4.79326623938985],[-75.7303667171747,4.79320466825534],[-75.7302463588398,4.79307010063831],[-75.7302257239599,4.79303565874734],[-75.7299962052669,4.7927686059119],[-75.7298941222135,4.79258219856333],[-75.731151212431,4.79125930397904],[-75.7317973975955,4.79062086078248],[-75.7317761304695,4.79069401873755],[-75.7317659180135,4.79070558685984],[-75.7317561647455,4.79074778267634],[-75.731745389895,4.79079439371151],[-75.7317451086366,4.79083913230192],[-75.7317506020337,4.79087752943931],[-75.7317656738673,4.79092580057185],[-75.7317914496174,4.79097110395534],[-75.7319010675994,4.79110982328536],[-75.7319212098367,4.79113400219634],[-75.7319405065741,4.79115274243474],[-75.7319583949224,4.79116724257842],[-75.7320146304701,4.79123732648576],[-75.7320717811259,4.79133256129539],[-75.732080443472,4.79135236004975],[-75.7321100226947,4.79139838783479],[-75.7321441439759,4.79143703297454],[-75.7318293446921,4.79184711814613],[-75.7311424888804,4.79263743955575],[-75.7309299457216,4.79301022147232],[-75.7313796520035,4.79339718189857],[-75.7311916523275,4.79372739671198]]]},"properties":{"FID":72,"ID_BAR":405,"CODSUELO":"6600101","CODCOM":"15","COMUNA":"El Oso","CODBAR":"011502","NOMBRE":"Alejandria","NOM_POPULA":"Alejandria","ACT_GEOGRA":1168041600000,"NORMA":"Sin","CREACION":null,"ORIGEN_NOR":"Sin","OBSERVACIO":"Ajustado SPM","COD_SISBEN":"15275","Shape_Area":34428.696825450592,"Shape__Area":34881.82421875,"Shape__Length":978.35152582708224,"GlobalID":"59a7049f-af06-4a49-a93e-f9cfa6143402","CreationDate":1545839815055,"Creator":"sigper_arcgis","EditDate":1545839815055,"Editor":"sigper_arcgis"}},{"type":"Feature","id":73,"geometry":{"type":"Polygon","coordinates":[[[-75.6935008543034,4.79397365778894],[-75.6932078516584,4.79389163789039],[-75.6931485146114,4.79394859539865],[-75.6926811532866,4.79354747965072],[-75.6926140751922,4.79349742150375],[-75.6926570726387,4.79345353233344],[-75.6927536289467,4.79339239043387],[-75.6929077607905,4.79329559125105],[-75.6930284749501,4.79320679110475],[-75.6936672211182,4.79353186106978],[-75.6935008543034,4.79397365778894]]]},"properties":{"FID":73,"ID_BAR":406,"CODSUELO":"6600101","CODCOM":"06","COMUNA":"Universidad","CODBAR":"010620","NOMBRE":"Puerta de Abacanto","NOM_POPULA":"Puerta de Abacanto","ACT_GEOGRA":1180656000000,"NORMA":"Sin","CREACION":null,"ORIGEN_NOR":"Sin","OBSERVACIO":"Ajustado SPM","COD_SISBEN":" ","Shape_Area":5612.02421690926,"Shape__Area":5685.7275390625,"Shape__Length":310.16790532457793,"GlobalID":"421823b8-2cf2-4cd3-89f9-09cc9b339dec","CreationDate":1545839815055,"Creator":"sigper_arcgis","EditDate":1545839815055,"Editor":"sigper_arcgis"}},{"type":"Feature","id":74,"geometry":{"type":"Polygon","coordinates":[[[-75.7291978198454,4.80180869854529],[-75.7288503693232,4.80162550608816],[-75.7285532734447,4.8014009141396],[-75.7288370922506,4.80101969010425],[-75.7294613198033,4.80147159544094],[-75.7291978198454,4.80180869854529]]]},"properties":{"FID":74,"ID_BAR":283,"CODSUELO":"6600101","CODCOM":"15","COMUNA":"El Oso","CODBAR":"011503","NOMBRE":"Altos de Panorama","NOM_POPULA":"Altos de Panorama","ACT_GEOGRA":1180656000000,"NORMA":"Sin","CREACION":null,"ORIGEN_NOR":"Sin","OBSERVACIO":"Ajustado SPM","COD_SISBEN":" ","Shape_Area":4385.24244766988,"Shape__Area":4443.068359375,"Shape__Length":271.92278592865927,"GlobalID":"7d5096f0-7846-49f2-9bfc-96d9748c9f5f","CreationDate":1545839815055,"Creator":"sigper_arcgis","EditDate":1545839815055,"Editor":"sigper_arcgis"}},{"type":"Feature","id":75,"geometry":{"type":"Polygon","coordinates":[[[-75.6936672211182,4.79353186106978],[-75.6930284749501,4.79320679110475],[-75.6931780640552,4.79311347043625],[-75.6932208492823,4.79308678564582],[-75.693244934804,4.79307806158885],[-75.693315643796,4.79305245401696],[-75.6933732895223,4.793014147992],[-75.693438541374,4.79295741938357],[-75.6935000642613,4.79283299200091],[-75.6935255291823,4.79271066400827],[-75.6935650787052,4.79259953490185],[-75.6936125147381,4.79250977709073],[-75.693700340216,4.79240829422813],[-75.6937911931422,4.79234738103997],[-75.6939064817395,4.79230211839289],[-75.6941136783992,4.79221436451791],[-75.6942949218943,4.79214986973776],[-75.694429154799,4.79211329792923],[-75.6944725014614,4.79211704430445],[-75.6944991222073,4.79213733972546],[-75.6945641216636,4.7921939676973],[-75.6946419050375,4.7922431260958],[-75.6947218365502,4.79228481238492],[-75.694847578019,4.79234891491367],[-75.6949664186737,4.79240607577229],[-75.6950740267223,4.79245843149969],[-75.6951166336883,4.79248407954297],[-75.6951603310355,4.79251827572561],[-75.6952210703832,4.79258133274752],[-75.6952989577467,4.79266713947846],[-75.6954057173169,4.79278613603164],[-75.6954621955765,4.79285025210476],[-75.6955026891524,4.79287911426113],[-75.6955495566444,4.79290582230902],[-75.6956230795406,4.79292933421084],[-75.6956048736065,4.79296260874387],[-75.695505812242,4.79312105295014],[-75.6954560176673,4.793200636579],[-75.6953461115539,4.79334956000893],[-75.6951554521439,4.79370051871455],[-75.6950563608862,4.7937589591081],[-75.6949121723251,4.79356374810109],[-75.694808824475,4.79353000887545],[-75.6944771486149,4.79364806493231],[-75.6936672211182,4.79353186106978]]]},"properties":{"FID":75,"ID_BAR":407,"CODSUELO":"6600101","CODCOM":"07","COMUNA":"Boston","CODBAR":"010710","NOMBRE":"Guaduales de Canaan","NOM_POPULA":"Guaduales de Canaan","ACT_GEOGRA":1180656000000,"NORMA":"Sin","CREACION":null,"ORIGEN_NOR":"Sin","OBSERVACIO":"Ajustado SPM","COD_SISBEN":" ","Shape_Area":30682.75792571378,"Shape__Area":31085.69189453125,"Shape__Length":737.818016193401,"GlobalID":"2c3aecf0-1b0c-4127-acd0-1e75cea11fac","CreationDate":1545839815055,"Creator":"sigper_arcgis","EditDate":1545839815055,"Editor":"sigper_arcgis"}},{"type":"Feature","id":76,"geometry":{"type":"Polygon","coordinates":[[[-75.6879794091035,4.80058612854683],[-75.6879428937744,4.80055979176846],[-75.6879171196588,4.80052282272964],[-75.6879049738526,4.80047939042374],[-75.6879064921006,4.80040381380572],[-75.6879140293915,4.80037055589312],[-75.6879110394066,4.80031613823493],[-75.6879328058122,4.80023959122571],[-75.6879422119851,4.80016055281903],[-75.6879752357893,4.79965299419392],[-75.6879656599472,4.79961680307553],[-75.6879759437865,4.79959525628517],[-75.6880179908048,4.79954843567498],[-75.6880344733052,4.7994973574116],[-75.6880656389054,4.79946143366134],[-75.6881186756674,4.79935549841035],[-75.6881914366212,4.79917301557157],[-75.6882695120285,4.79903544820273],[-75.6883965338146,4.79890456004602],[-75.6885309134986,4.79879520302694],[-75.6886013450508,4.79869677500449],[-75.6886791740146,4.79855087087283],[-75.6887539435616,4.79834113601867],[-75.6888990735223,4.79804355201355],[-75.6889680260005,4.79794694255072],[-75.6890509609081,4.79780103967064],[-75.6890951919084,4.79773920633192],[-75.6891209017958,4.79765633622792],[-75.6891246427509,4.79751088702578],[-75.6891007042244,4.79739325497505],[-75.6890833925112,4.79715725023822],[-75.6890949520664,4.79697928587058],[-75.6896670515185,4.7964726924016],[-75.6897053633497,4.7964626268995],[-75.689735754328,4.79643173694861],[-75.6897471997786,4.79640165920146],[-75.6897456173522,4.79636949557132],[-75.6896804452447,4.79622621611557],[-75.6896114331218,4.79613117128501],[-75.6895569999135,4.79602701349693],[-75.689540594188,4.79595362613918],[-75.6895015133883,4.79584155663296],[-75.6894965155128,4.79579821300208],[-75.6895077285589,4.79551681817153],[-75.6895171689513,4.79546973040582],[-75.68956939677,4.79533205591209],[-75.6896635989951,4.79519267035481],[-75.6896881119683,4.79511465697418],[-75.689693820763,4.79503307600643],[-75.6898790759242,4.79503531105171],[-75.6901780664584,4.79508926770368],[-75.6903690965767,4.79510038753058],[-75.6903914917572,4.79510808934589],[-75.6904385016878,4.79509627584339],[-75.6906870362831,4.79506868278986],[-75.6908127121707,4.79506157177312],[-75.6908984210184,4.79504209456554],[-75.6910171263729,4.79500363251075],[-75.6910947381249,4.79495909232298],[-75.6911626673235,4.79490079282458],[-75.6912089441559,4.79476717963833],[-75.6915861679051,4.79500705364739],[-75.6917008642838,4.7948633237388],[-75.6918605300935,4.79466134527074],[-75.6919993461624,4.79454064860028],[-75.6919993430205,4.79460347329486],[-75.6920312760743,4.79469584904229],[-75.6920781768162,4.79475072829441],[-75.6922433901973,4.79486541761249],[-75.6920046148132,4.79688235088357],[-75.6912023591978,4.79679352137124],[-75.6911909817256,4.79687792867851],[-75.691088297608,4.79759741451343],[-75.6905126371598,4.79753122114106],[-75.6904336536685,4.79753904157902],[-75.6903551966899,4.79758112630246],[-75.6902858587149,4.79764514896518],[-75.6901469243331,4.79798773665037],[-75.6900353892067,4.79827027467012],[-75.6900043620979,4.7983617459362],[-75.6899569191671,4.79855569233071],[-75.6899018337377,4.79877256506859],[-75.689863514538,4.79890978141921],[-75.6898286131281,4.79901151380488],[-75.690383743132,4.79911720016194],[-75.6905030705739,4.79930704034305],[-75.6905254277561,4.79937557154695],[-75.6905563355212,4.79954894571175],[-75.6905738697912,4.79959637037057],[-75.6905740411494,4.79968288039389],[-75.6905386808766,4.79979317951478],[-75.690444195425,4.79994793138954],[-75.6903495709889,4.80006795867089],[-75.6902602265452,4.80022816870816],[-75.6901918755347,4.8002763300453],[-75.6901838459503,4.80029280888493],[-75.6901801105954,4.80033915427484],[-75.6901455635825,4.80038987858242],[-75.6901198552161,4.80044563739069],[-75.6901037908277,4.80058153026321],[-75.6900323014612,4.80069943931509],[-75.6900046552602,4.80076289842371],[-75.6899987701116,4.80086163051708],[-75.6900316502666,4.80102080527612],[-75.6900162918127,4.80112084343072],[-75.6900186417004,4.80130255264991],[-75.6900405015413,4.80143878390299],[-75.6900819752774,4.8015815677708],[-75.690080846715,4.80161514342895],[-75.6900546828243,4.80161756187],[-75.6899656270457,4.80164993170161],[-75.6898431866635,4.80170851141707],[-75.6897765611177,4.80175183321358],[-75.6897549750627,4.80175704269272],[-75.6896094046989,4.80172863353372],[-75.6895701446009,4.8016691092481],[-75.6895606065676,4.80158475352714],[-75.6895235985368,4.8015613494168],[-75.6894633239637,4.80137811750341],[-75.6894610729199,4.80132723251007],[-75.6894419539249,4.80128005502987],[-75.6894158632822,4.80123822976142],[-75.6893785043269,4.80120610002233],[-75.6893333263112,4.80118659831013],[-75.6892843801023,4.80118150840455],[-75.6892375812009,4.80118857138647],[-75.6891935991272,4.80120603658394],[-75.6891546517357,4.80123300446789],[-75.6890124502661,4.80140820686315],[-75.6889881861004,4.80145697124182],[-75.6889418079298,4.80149126842228],[-75.6889043756141,4.80150522025569],[-75.6888646900816,4.80150057225561],[-75.688767750059,4.80146418250254],[-75.6887151431234,4.80143328825642],[-75.6886965516902,4.80141313456762],[-75.6886691909004,4.80140626239067],[-75.6886471835164,4.80138854627706],[-75.6885296132399,4.80127338147274],[-75.6884676448189,4.80114845229943],[-75.6884169092235,4.8010175720862],[-75.6883845221272,4.80086032306658],[-75.688341987463,4.80080291839389],[-75.688304311154,4.80077267832264],[-75.6882057172135,4.80072132868896],[-75.6881144476546,4.80065777402434],[-75.6880870524268,4.80064166426345],[-75.6880559592646,4.80063507466966],[-75.6879794091035,4.80058612854683]]]},"properties":{"FID":76,"ID_BAR":284,"CODSUELO":"6600101","CODCOM":"06","COMUNA":"Universidad","CODBAR":"010614","NOMBRE":"Los Alamos","NOM_POPULA":"Los Alamos","ACT_GEOGRA":1168041600000,"NORMA":"Sin","CREACION":null,"ORIGEN_NOR":"Sin","OBSERVACIO":"Ajustado SPM","COD_SISBEN":"06242","Shape_Area":163058.86693678796,"Shape__Area":165201.998046875,"Shape__Length":2436.776457465819,"GlobalID":"a3d9e0b1-705b-4129-b662-a8f664b78c7e","CreationDate":1545839815055,"Creator":"sigper_arcgis","EditDate":1545839815055,"Editor":"sigper_arcgis"}},{"type":"Feature","id":77,"geometry":{"type":"Polygon","coordinates":[[[-75.7332469571851,4.79338808783747],[-75.7332254416412,4.79334811865174],[-75.7332091729944,4.79331270630012],[-75.7332002285659,4.79328873837421],[-75.7331986441871,4.79327540309954],[-75.7331950164873,4.7932594546911],[-75.7331885726297,4.79324207504186],[-75.7331504715684,4.79318357708713],[-75.7331370904193,4.79316750462119],[-75.7331164908924,4.79314623950531],[-75.7330937083582,4.79312651151523],[-75.7330708900942,4.79311169249452],[-75.7330459242074,4.79308860795773],[-75.7330102534431,4.79306020728732],[-75.7329846881989,4.79304268695691],[-75.7329524325577,4.79298454313697],[-75.7329486651444,4.79295939203862],[-75.7329491899505,4.79265174995923],[-75.7329474648998,4.79263154446504],[-75.7329421825534,4.79260455695527],[-75.7329332383927,4.79257769242635],[-75.7329204911249,4.79254946794367],[-75.7329047508948,4.79252451117039],[-75.7328464024958,4.79244764539786],[-75.7327450228111,4.79224535986081],[-75.7326780118623,4.79215203311646],[-75.7326714267372,4.79213869794965],[-75.7326639264669,4.79211912840076],[-75.7326581161659,4.79209668003732],[-75.7326258254295,4.79202885729786],[-75.732612267905,4.79201082358028],[-75.732597232058,4.79198698018427],[-75.7325889218829,4.79197096018503],[-75.733169644643,4.7911900878407],[-75.7338476581478,4.79034653028663],[-75.7340492156396,4.79029654399301],[-75.7341576003923,4.79028613965289],[-75.7343323963589,4.79030703229389],[-75.7344267670035,4.7903273601037],[-75.7345228976463,4.79035602497966],[-75.7345803652212,4.79037725486826],[-75.7349741518785,4.79059280017234],[-75.7348167231222,4.79122566007251],[-75.7346570720436,4.79156048591359],[-75.7346428476687,4.79172984980492],[-75.7344592570209,4.79253216106087],[-75.734368447185,4.79287387438771],[-75.7340036441527,4.79312196260939],[-75.7338772311944,4.79322422897617],[-75.7335306343787,4.79358689240755],[-75.7334158751835,4.79354828395956],[-75.7333392509578,4.79349275419971],[-75.733310975168,4.79346816874622],[-75.7332872060796,4.79344368889151],[-75.7332620985899,4.79341281561046],[-75.7332469571851,4.79338808783747]]]},"properties":{"FID":77,"ID_BAR":408,"CODSUELO":"6600101","CODCOM":"13","COMUNA":"San Joaquin","CODBAR":"011312","NOMBRE":"El Cardal","NOM_POPULA":"El Cardal","ACT_GEOGRA":1168041600000,"NORMA":"Sin","CREACION":null,"ORIGEN_NOR":"Sin","OBSERVACIO":"Ajustado SPM","COD_SISBEN":"13208","Shape_Area":56487.642951210757,"Shape__Area":57231.1455078125,"Shape__Length":971.6688552904252,"GlobalID":"4394e3c6-5c0e-4775-97d1-1271c66cf645","CreationDate":1545839815055,"Creator":"sigper_arcgis","EditDate":1545839815055,"Editor":"sigper_arcgis"}},{"type":"Feature","id":78,"geometry":{"type":"Polygon","coordinates":[[[-75.7332926366344,4.80168858584906],[-75.7331017787084,4.80155569643553],[-75.7326975617654,4.80115137499313],[-75.7331299397499,4.80048603342509],[-75.7334588675675,4.80061468166801],[-75.7335547545784,4.80070537677892],[-75.7334874286881,4.80093975614533],[-75.7333712295285,4.80141515532066],[-75.7333314396818,4.80155624209684],[-75.7333215107037,4.80159783636157],[-75.7332926366344,4.80168858584906]]]},"properties":{"FID":78,"ID_BAR":285,"CODSUELO":"6600101","CODCOM":"15","COMUNA":"El Oso","CODBAR":"011520","NOMBRE":"Los Prados","NOM_POPULA":"Sauces IV","ACT_GEOGRA":1180656000000,"NORMA":"36","CREACION":707097600000,"ORIGEN_NOR":"Concejo Municipal","OBSERVACIO":"Ajustado a delimitacion de la Norma de creacion","COD_SISBEN":"15282","Shape_Area":7030.84761148986,"Shape__Area":7123.57470703125,"Shape__Length":345.95460036155515,"GlobalID":"3eaa785e-a5dd-43e5-8012-17bbafed1a0c","CreationDate":1545839815055,"Creator":"sigper_arcgis","EditDate":1545839815055,"Editor":"sigper_arcgis"}},{"type":"Feature","id":79,"geometry":{"type":"Polygon","coordinates":[[[-75.7309072851234,4.80163356888742],[-75.7305639892156,4.80133657988979],[-75.730082303884,4.80097482294387],[-75.7301473433406,4.80091554846555],[-75.7309709416702,4.80016464913094],[-75.7318561973396,4.79935751175563],[-75.7321382877211,4.79909407646485],[-75.7321710716486,4.79914663975867],[-75.7321953346123,4.79920474802498],[-75.7322157231377,4.79926983341077],[-75.7323050255344,4.79943969126026],[-75.7323422461756,4.79954607105334],[-75.7323906300681,4.79961887441777],[-75.7324799320222,4.79980740107603],[-75.7324910952069,4.79984472091732],[-75.7325190196161,4.79989511122115],[-75.7325494797991,4.79992261123867],[-75.7323084853196,4.8005760824351],[-75.7321250634471,4.80113375267119],[-75.7317437370204,4.8008564582391],[-75.7309072851234,4.80163356888742]]]},"properties":{"FID":79,"ID_BAR":286,"CODSUELO":"6600101","CODCOM":"15","COMUNA":"El Oso","CODBAR":"011543","NOMBRE":"Villa Elisa","NOM_POPULA":"Villa Elisa","ACT_GEOGRA":1180656000000,"NORMA":"59","CREACION":653270400000,"ORIGEN_NOR":"Concejo Municipal","OBSERVACIO":"Ajustado a delimitacion de la Norma de creacion","COD_SISBEN":"15165","Shape_Area":34647.956486283409,"Shape__Area":35104.80712890625,"Shape__Length":855.59316346401636,"GlobalID":"bbf34bbe-8b60-4967-af26-d6c705cd931c","CreationDate":1545839815055,"Creator":"sigper_arcgis","EditDate":1545839815055,"Editor":"sigper_arcgis"}},{"type":"Feature","id":80,"geometry":{"type":"Polygon","coordinates":[[[-75.7291898319779,4.79329247278847],[-75.729001617903,4.79309643987467],[-75.7289536581263,4.79314917925857],[-75.7285993473801,4.79347810562281],[-75.7285048004561,4.79356417418354],[-75.728195455035,4.7932783632282],[-75.7279533659683,4.792873773487],[-75.7281755581127,4.79268547580817],[-75.7282354904266,4.79265288895471],[-75.728340319112,4.79262877946773],[-75.7285144819855,4.79263381258684],[-75.7286093454858,4.7926270304382],[-75.7289996084538,4.79226986249969],[-75.7292157796969,4.79205927377565],[-75.7292663450969,4.79204542661672],[-75.7293230732047,4.7920746401189],[-75.7294842080541,4.79241825933924],[-75.7296099191971,4.79263654698926],[-75.7296998536954,4.79281115595518],[-75.7291898319779,4.79329247278847]]]},"properties":{"FID":80,"ID_BAR":409,"CODSUELO":"6600101","CODCOM":"14","COMUNA":"Perla Del Otun","CODBAR":"011410","NOMBRE":"Independientes","NOM_POPULA":"Independientes","ACT_GEOGRA":1180656000000,"NORMA":"Sin","CREACION":null,"ORIGEN_NOR":"Sin","OBSERVACIO":"Ajustado SPM, Visita de campo","COD_SISBEN":"14133","Shape_Area":15790.74194448977,"Shape__Area":15998.564453125,"Shape__Length":564.21829817711364,"GlobalID":"1dbd617e-4f2f-468d-876e-33d73d2a559f","CreationDate":1545839815055,"Creator":"sigper_arcgis","EditDate":1545839815055,"Editor":"sigper_arcgis"}},{"type":"Feature","id":81,"geometry":{"type":"Polygon","coordinates":[[[-75.7359929956861,4.79304821725561],[-75.7359492609472,4.79302852415109],[-75.735897919482,4.79299989394382],[-75.7358461561853,4.7929620622874],[-75.7357290374388,4.79290593252299],[-75.7356573788288,4.79283782822504],[-75.7356212849497,4.7928091275898],[-75.7355781134754,4.79277881919935],[-75.7354480352777,4.79258102128541],[-75.7354244062211,4.79249859153166],[-75.7354062002593,4.79240524686411],[-75.7353967260397,4.79231281978591],[-75.7353566881244,4.79222844753608],[-75.734368447185,4.79287387438771],[-75.7344592570209,4.79253216106087],[-75.7346428476687,4.79172984980492],[-75.7346570720436,4.79156048591359],[-75.7348167231222,4.79122566007251],[-75.7349741518785,4.79059280017234],[-75.7351405692111,4.79070534242042],[-75.7353542764979,4.79080935364733],[-75.7354756553029,4.79086247940528],[-75.7358821183782,4.7910131160137],[-75.7359025770013,4.79102071048502],[-75.7363371072958,4.79131603621337],[-75.7364658459206,4.79141425453076],[-75.7365720137315,4.79151263197537],[-75.7366686045035,4.79161980521543],[-75.7367154391206,4.79170896329003],[-75.736753751515,4.79180345668686],[-75.7368910180883,4.7922800707939],[-75.7369621156883,4.79246916247584],[-75.7370601162797,4.79265763520715],[-75.7370742013602,4.79266261617836],[-75.736872963698,4.79295683756922],[-75.737049875101,4.79307098589897],[-75.7370172678943,4.79308204369271],[-75.7369366321729,4.79318180137091],[-75.7368851162802,4.79321857512714],[-75.7367125403908,4.79338695138496],[-75.7366082047134,4.79344098214364],[-75.7365127063274,4.79336832076158],[-75.7364600630616,4.79334590796277],[-75.7364333716305,4.7933226121958],[-75.7363982992601,4.79329596038274],[-75.7363696706864,4.79327706177766],[-75.7363359367657,4.79325772191565],[-75.7362927654098,4.79323702280947],[-75.7362699467282,4.79322190372668],[-75.7362492064768,4.79320249353302],[-75.7362292053939,4.79317513448519],[-75.7361309952628,4.79311038641069],[-75.7359929956861,4.79304821725561]]]},"properties":{"FID":81,"ID_BAR":410,"CODSUELO":"6600101","CODCOM":"13","COMUNA":"San Joaquin","CODBAR":"011334","NOMBRE":"Portales de Birmania","NOM_POPULA":"Portales de Birmania","ACT_GEOGRA":1168041600000,"NORMA":"Sin","CREACION":null,"ORIGEN_NOR":"Sin","OBSERVACIO":"Ajustado SPM","COD_SISBEN":"13132","Shape_Area":50258.648455489558,"Shape__Area":50920.27001953125,"Shape__Length":1078.733923186709,"GlobalID":"daf371ca-d20e-46f8-a577-921a71bf998d","CreationDate":1545839815055,"Creator":"sigper_arcgis","EditDate":1545839815055,"Editor":"sigper_arcgis"}},{"type":"Feature","id":82,"geometry":{"type":"Polygon","coordinates":[[[-75.7348768817923,4.80152174880902],[-75.7347480361125,4.80147812388034],[-75.7346090836141,4.80144128208401],[-75.7340666929013,4.8014551004663],[-75.7335536701864,4.80147161973339],[-75.7334937378092,4.80148451378637],[-75.7334438052745,4.80149740764519],[-75.7333867243797,4.80153605309347],[-75.7333215107037,4.80159783636157],[-75.7333314396818,4.80155624209684],[-75.7333712295285,4.80141515532066],[-75.7334874286881,4.80093975614533],[-75.7335547545784,4.80070537677892],[-75.7334588675675,4.80061468166801],[-75.7331299397499,4.80048603342509],[-75.733246810649,4.80030824363824],[-75.7332884678354,4.80030933824472],[-75.7333757612104,4.80029487167444],[-75.733526086933,4.80029794322112],[-75.7335792593531,4.80031537604118],[-75.7337299723557,4.80038950282524],[-75.7338782564578,4.80048076214584],[-75.733970269038,4.80054023061103],[-75.7340720013562,4.80060928857476],[-75.7342397942695,4.80075987535816],[-75.7343747328469,4.80087814061285],[-75.7344739643018,4.80091591949588],[-75.7345973875342,4.80094235845133],[-75.734798490794,4.80096321490725],[-75.7349302586461,4.80096877741627],[-75.735070338432,4.80105221204944],[-75.735128088193,4.8011111501132],[-75.7350841794281,4.80123049540419],[-75.7350339662431,4.80136803151966],[-75.7349880857521,4.80151632451422],[-75.7349555835298,4.80152554524368],[-75.7349149825543,4.80152808892338],[-75.7348768817923,4.80152174880902]]]},"properties":{"FID":82,"ID_BAR":287,"CODSUELO":"6600101","CODCOM":"15","COMUNA":"El Oso","CODBAR":"011537","NOMBRE":"Sauces IV","NOM_POPULA":"Sauces IV","ACT_GEOGRA":1168041600000,"NORMA":"Sin","CREACION":null,"ORIGEN_NOR":"Sin","OBSERVACIO":"Ajustado SPM","COD_SISBEN":"15289","Shape_Area":15860.26249840162,"Shape__Area":16069.4482421875,"Shape__Length":657.33100918606863,"GlobalID":"8ac9337a-cdf1-42cf-b91d-6b5d82328002","CreationDate":1545839815055,"Creator":"sigper_arcgis","EditDate":1545839815055,"Editor":"sigper_arcgis"}},{"type":"Feature","id":83,"geometry":{"type":"Polygon","coordinates":[[[-75.7404044518232,4.80125510140874],[-75.7405726626439,4.80112033442926],[-75.7407611215002,4.80098205319348],[-75.7408196092688,4.80093210265655],[-75.7408658786081,4.80087925597267],[-75.7408953512419,4.80083607153712],[-75.7411301238821,4.80108136035202],[-75.7411861519186,4.8012584582549],[-75.7409946310595,4.80148127241598],[-75.7409477287631,4.80157730307496],[-75.7407617659474,4.8015254325243],[-75.7404044518232,4.80125510140874]]]},"properties":{"FID":83,"ID_BAR":288,"CODSUELO":"6600101","CODCOM":"13","COMUNA":"San Joaquin","CODBAR":"011336","NOMBRE":"Rafael Uribe III","NOM_POPULA":"Rafael Uribe III","ACT_GEOGRA":1180656000000,"NORMA":"Sin","CREACION":null,"ORIGEN_NOR":"Sin","OBSERVACIO":"Ajustado SPM, Visita de campo","COD_SISBEN":"13122","Shape_Area":3776.14986889927,"Shape__Area":3825.97802734375,"Shape__Length":247.07585817794978,"GlobalID":"3311165e-8e3f-4a5d-8522-bea0242d215e","CreationDate":1545839815055,"Creator":"sigper_arcgis","EditDate":1545839815055,"Editor":"sigper_arcgis"}},{"type":"Feature","id":84,"geometry":{"type":"Polygon","coordinates":[[[-75.7314140550546,4.79342678344444],[-75.7313796520035,4.79339718189857],[-75.7309299457216,4.79301022147232],[-75.7311424888804,4.79263743955575],[-75.7318293446921,4.79184711814613],[-75.7321441439759,4.79143703297454],[-75.7321604124245,4.79145545444685],[-75.7322596431659,4.79159426180499],[-75.7322795035054,4.79163034570682],[-75.7323353874787,4.79170051751252],[-75.7323782766614,4.79174094643204],[-75.7323881361943,4.79175640082754],[-75.7323971507929,4.79176796882003],[-75.7324094050347,4.79178100414607],[-75.7324588799225,4.79182802033706],[-75.7324808525743,4.79184388098309],[-75.7325057829256,4.79186436899669],[-75.7325275799149,4.79188480383366],[-75.7325889218829,4.79197096018503],[-75.7314140550546,4.79342678344444]]]},"properties":{"FID":84,"ID_BAR":411,"CODSUELO":"6600101","CODCOM":"15","COMUNA":"El Oso","CODBAR":"011542","NOMBRE":"Villa Del Sur","NOM_POPULA":"Villa Del Sur","ACT_GEOGRA":1168041600000,"NORMA":"26","CREACION":674697600000,"ORIGEN_NOR":"Concejo Municipal","OBSERVACIO":"Acuerdo sin delimitacion","COD_SISBEN":"15164","Shape_Area":16055.834467173319,"Shape__Area":16267.1591796875,"Shape__Length":580.25641948994326,"GlobalID":"c408fc8f-ac1b-430b-8ffa-862d9ea192dc","CreationDate":1545839815055,"Creator":"sigper_arcgis","EditDate":1545839815055,"Editor":"sigper_arcgis"}},{"type":"Feature","id":85,"geometry":{"type":"Polygon","coordinates":[[[-75.6874445091684,4.78724202286785],[-75.6874734185081,4.78724310226254],[-75.6875012712869,4.78724794303674],[-75.687539828012,4.78726405364606],[-75.6875782441071,4.78728599232738],[-75.6876078204937,4.78731734492178],[-75.6876298264574,4.78734986191236],[-75.6876399310439,4.78737679758007],[-75.6876433805905,4.78740366187039],[-75.6876430614937,4.78744031108937],[-75.6876318594635,4.78751864347101],[-75.6876016041307,4.78765755497516],[-75.6875679357271,4.78774081303802],[-75.6875275063686,4.78783092446388],[-75.6874726039735,4.78794297017863],[-75.6874689054496,4.78795506869066],[-75.6874565071661,4.78802732437118],[-75.6874505532261,4.78807144489272],[-75.6874386437421,4.78820868048855],[-75.6874404384846,4.78822494694728],[-75.6874542393831,4.78827078189567],[-75.6874773684743,4.7883629806095],[-75.687503670041,4.7884072606944],[-75.6875825730214,4.78856149238823],[-75.6876008459699,4.78859909698556],[-75.687506823921,4.78866668467605],[-75.6874752379292,4.78868127229857],[-75.6872926927662,4.78872050739325],[-75.6869811934066,4.78885708968983],[-75.6870760163757,4.78894936273244],[-75.6870454141059,4.78899222714103],[-75.6870020275708,4.78906416304724],[-75.6869222944748,4.78926602083652],[-75.6868446078003,4.7893979008906],[-75.6867499164534,4.78947195367184],[-75.686575357803,4.78962020052409],[-75.6863972431778,4.78977595356545],[-75.6863397731395,4.78981789809585],[-75.6862743827564,4.789832589543],[-75.6862146972276,4.78983594144439],[-75.6860240768282,4.79007013246792],[-75.686006947842,4.79032296703826],[-75.6859835977418,4.7903994439137],[-75.6859889815084,4.79046177406029],[-75.6860035549434,4.79053284781238],[-75.6860180955006,4.79057873580822],[-75.6860406287775,4.79062722020422],[-75.6860379440306,4.79076097670896],[-75.6860612794573,4.79094800347065],[-75.6860547923232,4.79107566622955],[-75.6860388336876,4.79120248070392],[-75.6860475279823,4.79125297735962],[-75.68606985071,4.79129907737499],[-75.6862320612428,4.79154870869275],[-75.6862714594939,4.79162202708267],[-75.6862879697687,4.79170281509341],[-75.6862819088729,4.79178503256402],[-75.686267362749,4.79183279059219],[-75.6862430283821,4.79187634479359],[-75.6862099966342,4.79191369855143],[-75.6861601332678,4.79194716592642],[-75.6860767823747,4.79197732775832],[-75.6859981497521,4.79201833502282],[-75.6859545187585,4.79206169352477],[-75.6859249715048,4.79211570318059],[-75.6858993306273,4.79222284044728],[-75.6859213647069,4.79237108209096],[-75.6859244592483,4.79244953748211],[-75.6859123675803,4.79267517333062],[-75.6859292166291,4.79297822330426],[-75.6859891385373,4.79315080566621],[-75.6859769449917,4.79331319186306],[-75.6855493213249,4.79328232759078],[-75.6853893680627,4.79296782306761],[-75.6852178635863,4.79268046506551],[-75.6851794503256,4.79261610135694],[-75.6851431867217,4.79252619834806],[-75.6852334237929,4.79216515086362],[-75.685339773577,4.79205226018195],[-75.6854363030158,4.79185616141473],[-75.6854499773404,4.79166653950545],[-75.6853443891032,4.79142674996433],[-75.6851989359801,4.79124012183747],[-75.684907306912,4.79118625091432],[-75.6845490819079,4.79126533889705],[-75.6843103380468,4.79129144657784],[-75.6840850868317,4.79121112184263],[-75.6838964736893,4.7908609017056],[-75.683836857092,4.79087469246696],[-75.6837980521397,4.79088367998891],[-75.6837854459526,4.79088659332753],[-75.6836989244154,4.79094632229148],[-75.6836570545854,4.79097442039606],[-75.6834974971228,4.79110746003825],[-75.6833764294156,4.79120692611538],[-75.6831776783002,4.79136281851399],[-75.683077281318,4.7914384952651],[-75.6830027698424,4.79146835741296],[-75.6828729739319,4.79148565813569],[-75.6827664897119,4.79150430278691],[-75.682712823459,4.79152747232702],[-75.6826831027172,4.79153895085487],[-75.6826285569689,4.79156386881386],[-75.6826159149369,4.79156934319823],[-75.6825981320037,4.79157776691955],[-75.6825336911442,4.79160720567122],[-75.6824861521259,4.79162631318367],[-75.6824527351178,4.79163360568318],[-75.6824338604748,4.79163510584083],[-75.6824189656818,4.791632931965],[-75.6823849157982,4.79162390434318],[-75.6823218165739,4.79158368320021],[-75.682295549537,4.7915638645652],[-75.6822700216983,4.79153948926875],[-75.6822121005858,4.79147886817822],[-75.6821493211054,4.79139742345821],[-75.6821200963603,4.79137629696545],[-75.6821088984605,4.79136822453786],[-75.6820637570288,4.79134757452979],[-75.6820151992222,4.79134914336608],[-75.6819323420128,4.79136563477827],[-75.6818943814912,4.79137859625151],[-75.6818536397997,4.79139562022355],[-75.6818293769872,4.79140335447292],[-75.681729158884,4.7914494466451],[-75.6816729923715,4.79147680211798],[-75.6816627454123,4.79148151655567],[-75.6815764007764,4.791522805838],[-75.6815640399679,4.79153313727619],[-75.6815445315108,4.79154943795704],[-75.6815352344985,4.79155720908211],[-75.6815232257738,4.79157167360354],[-75.6815174155678,4.79158248218951],[-75.6815067435519,4.79161014118693],[-75.6815037831931,4.79165143528972],[-75.6815067740464,4.79169325956039],[-75.6815130398904,4.79171948860249],[-75.6815144475539,4.79173058042775],[-75.6815200803194,4.79174903795614],[-75.6815302896986,4.79179171139703],[-75.6815372603329,4.79180502857596],[-75.6815649344746,4.79185796417947],[-75.6815951082814,4.79191455630398],[-75.6816299265676,4.79202143336913],[-75.6816459796464,4.79208342903288],[-75.6816468933474,4.79210923400019],[-75.6816446028479,4.7921317353913],[-75.6816200925218,4.79216550365464],[-75.68161019728,4.79217497043924],[-75.6815823772702,4.79219879473697],[-75.6815485715091,4.79221912173533],[-75.681514449771,4.79223439721651],[-75.6814965254559,4.79224142567815],[-75.6814709960419,4.79224492189215],[-75.6814995922088,4.79219744679645],[-75.6815110389379,4.79215484651305],[-75.6814408713954,4.79197850135902],[-75.681431894899,4.79194778635998],[-75.6814102789398,4.79187376193729],[-75.6813479278143,4.79170873867084],[-75.6812721951323,4.79154947302521],[-75.6812414955534,4.79145889878494],[-75.6812364281234,4.79141188108947],[-75.6812426982219,4.79138538835937],[-75.6812473473605,4.79136587150395],[-75.681275062304,4.791330301716],[-75.681310593402,4.79130260941718],[-75.6814073617679,4.79124941716839],[-75.6814728965421,4.79120270456272],[-75.6816638689062,4.79099349017331],[-75.6817437367095,4.79091532179806],[-75.6819429472723,4.79073820033738],[-75.682154058619,4.79056911467623],[-75.6821840256629,4.79054680988163],[-75.6821969844237,4.79054423178698],[-75.6822131472593,4.79054101836201],[-75.6824000982578,4.79044821500282],[-75.6824803509591,4.79040060293327],[-75.682601910627,4.79030957903539],[-75.6826967419675,4.79026892704277],[-75.6827115335579,4.79023174872955],[-75.6827127710123,4.79014409099905],[-75.6827131957728,4.79011459484287],[-75.682668388162,4.78982655490512],[-75.6826827246853,4.78975422838809],[-75.6827100546431,4.78968577144525],[-75.6827058667302,4.78963781803715],[-75.68268798148,4.7895931490963],[-75.6826913293808,4.78955222550563],[-75.6826960519183,4.78949512420731],[-75.6827156687816,4.78943818165836],[-75.6828526909731,4.78929805821811],[-75.6828960755159,4.78925842677232],[-75.6829488609368,4.78923267794836],[-75.6830843613271,4.78919646172818],[-75.683138203033,4.7891759946353],[-75.6831870448209,4.78914538847603],[-75.6832298298149,4.78911833278816],[-75.6833423390089,4.7890471438433],[-75.6834611502794,4.78898210072818],[-75.6835035129168,4.78895889536869],[-75.6835681656787,4.78893102809364],[-75.6836815181369,4.78888218144253],[-75.6838461777373,4.78879882540138],[-75.6840068954978,4.78868344829328],[-75.6841093318338,4.78863822169174],[-75.684174898412,4.78862278857323],[-75.6842262032579,4.78862413432463],[-75.6843302214226,4.78862686032621],[-75.6844854042626,4.78861871003035],[-75.6846629133771,4.78858714077718],[-75.6847320731023,4.78855425788534],[-75.6848160954403,4.78847216936315],[-75.6849685374342,4.78836039398631],[-75.6849912160607,4.78834587695457],[-75.6850346354826,4.78830228840195],[-75.6850694290329,4.78825147617545],[-75.6850856638751,4.78821486391432],[-75.6850943982886,4.78819515280327],[-75.6851117287854,4.78809045220093],[-75.6851306446997,4.78797626600728],[-75.6851259314536,4.78789120422399],[-75.6851185454497,4.78775884299285],[-75.6850908063911,4.78760464933246],[-75.6850694732741,4.78752156431349],[-75.685051800351,4.78745292789721],[-75.6850477879448,4.78742503910301],[-75.6850459926473,4.7874126392374],[-75.6850756410088,4.7874221440938],[-75.6851211693194,4.78744796847145],[-75.6851880354101,4.78750110124718],[-75.6852161323965,4.7875415844335],[-75.6852418703725,4.78758461131124],[-75.6852795781865,4.78765595180404],[-75.6853204910943,4.78773506362896],[-75.6853489741826,4.78778828192503],[-75.6853835168188,4.78781696783172],[-75.6854398544427,4.78785409753305],[-75.6854541509046,4.7878557764983],[-75.6854736944475,4.78784431414721],[-75.6855077831291,4.78780201561234],[-75.6855376801318,4.78777368683279],[-75.6855820142637,4.78774788529015],[-75.6857036763404,4.78771011243993],[-75.6859285124727,4.78764634759295],[-75.6860000652281,4.78762969603491],[-75.6860609844844,4.78760839957414],[-75.6861792313174,4.78756470995901],[-75.6862264517824,4.78755144786541],[-75.6862882858064,4.78754482854765],[-75.6863340617683,4.78754624424007],[-75.6864292411176,4.78755478026157],[-75.6864698415324,4.7875566907815],[-75.6865578382146,4.78754530337634],[-75.6865965379846,4.78752494166923],[-75.6866173492861,4.78750687421346],[-75.6866834471248,4.78744297530429],[-75.6867597924103,4.78736782742979],[-75.6867958165957,4.78734656345874],[-75.6868539537542,4.78732890454645],[-75.6869390982211,4.78731884203437],[-75.6871105483613,4.78731141660458],[-75.6871501982969,4.78730873442411],[-75.6872546405351,4.78728350057825],[-75.6873325671756,4.78726243381357],[-75.6873936262218,4.78724954418324],[-75.6874445091684,4.78724202286785]]]},"properties":{"FID":85,"ID_BAR":412,"CODSUELO":"6600101","CODCOM":"06","COMUNA":"Universidad","CODBAR":"010605","NOMBRE":"El Bosque *1, *3","NOM_POPULA":"El Bosque *1, *3","ACT_GEOGRA":1180656000000,"NORMA":"127","CREACION":501379200000,"ORIGEN_NOR":"Concejo Municipal","OBSERVACIO":"Asignado por la Comunidad. Visita de campo SPM","COD_SISBEN":"06185","Shape_Area":179071.8281342219,"Shape__Area":181420.3720703125,"Shape__Length":2818.9341602007862,"GlobalID":"57f32a22-2d03-4fc9-a069-305c15dc2ade","CreationDate":1545839815055,"Creator":"sigper_arcgis","EditDate":1545839815055,"Editor":"sigper_arcgis"}},{"type":"Feature","id":86,"geometry":{"type":"Polygon","coordinates":[[[-75.6990791941692,4.80152033363468],[-75.6990128884992,4.80151672721807],[-75.6990333924049,4.80127443729012],[-75.6987259215327,4.80097690377816],[-75.6982007076078,4.8003112781614],[-75.6982009232688,4.80021736812891],[-75.6981906453625,4.80010911499273],[-75.6981748026801,4.80002548314488],[-75.6981005771015,4.79993815778952],[-75.6979625102097,4.79983452729117],[-75.6977616267954,4.79963604749669],[-75.6976217344348,4.79939952580071],[-75.6971595543068,4.79873909550406],[-75.6967250383372,4.79841299544874],[-75.6963130205147,4.7981526349969],[-75.6960138556034,4.79801070483029],[-75.6957254640727,4.79792729078996],[-75.6956270796452,4.79789831952606],[-75.6955825694135,4.79792267390143],[-75.6954203440897,4.79788539901068],[-75.6949709946091,4.79776425037168],[-75.6947910917595,4.79774615592603],[-75.6947488910282,4.79731745479915],[-75.6947130931602,4.79702314654018],[-75.6948752456124,4.79710680248772],[-75.6949582041777,4.7971854921625],[-75.6950253834603,4.79734452668739],[-75.6950644677876,4.79739800954848],[-75.6951140450669,4.79744190275441],[-75.6952246472151,4.79749936355491],[-75.695337889994,4.79756438298239],[-75.6954325045218,4.79762389160188],[-75.6954695485425,4.79762543023569],[-75.695492824817,4.79761050636854],[-75.6955225106049,4.7975950177892],[-75.6955517729004,4.79758307943918],[-75.6955789931982,4.79757467357813],[-75.6956714635077,4.79756801892104],[-75.6957014998067,4.79757630471066],[-75.6957465372506,4.79758464255526],[-75.6957916093395,4.79758830113067],[-75.6958335486464,4.79758759677096],[-75.6960289089863,4.79762443142602],[-75.6961602534013,4.79764948247215],[-75.696283744928,4.79766328213636],[-75.6963357541989,4.7976809466189],[-75.6963900168267,4.79769663308545],[-75.6964487517952,4.79771021855353],[-75.6965336846752,4.79772548248091],[-75.696596645829,4.79773255018336],[-75.6966171741856,4.79774102825374],[-75.6966424217584,4.79775863949317],[-75.696668900352,4.7977897081276],[-75.6966776321285,4.79781431220289],[-75.6967297771306,4.79794337249294],[-75.6967850571268,4.79805687327242],[-75.6968416050081,4.79815652664205],[-75.6969192810595,4.79825141141056],[-75.6970253033769,4.79835970353728],[-75.6970798110949,4.79840145951768],[-75.6972392881474,4.79847907516245],[-75.6973218274479,4.7985011389344],[-75.6974038726957,4.79853137969491],[-75.6974549658184,4.79855474950613],[-75.6974842619799,4.79858159741079],[-75.6975226777246,4.79862978204966],[-75.6975475364385,4.7986754576761],[-75.6975674642367,4.79873528068827],[-75.6976259511671,4.79878851702574],[-75.6976484844055,4.79885189006809],[-75.6976868637952,4.7989334384354],[-75.6977172855741,4.79898496092194],[-75.6977554522113,4.79909077706092],[-75.6978241473784,4.79922997713129],[-75.6978539722638,4.79925698340467],[-75.6979066845898,4.79929621434013],[-75.6979601363927,4.79932712502702],[-75.6979882357971,4.79935891834788],[-75.6980305597974,4.79940007378714],[-75.6980897864273,4.79944716319016],[-75.6982534204474,4.79949862039725],[-75.6983623669554,4.79956906232083],[-75.6983846203964,4.79960172074438],[-75.6984352162464,4.79974623617866],[-75.6984897241665,4.79980100855428],[-75.6985883192334,4.79983842192307],[-75.698638638407,4.79986806148723],[-75.6986925834521,4.79989528101116],[-75.6987533250905,4.79992082279346],[-75.6988084342937,4.79992704276949],[-75.6988711832051,4.79994211070481],[-75.6989151987255,4.79995818586901],[-75.6989441785631,4.79998240142627],[-75.6989838232528,4.80011117879987],[-75.6990388582452,4.80019209270977],[-75.6990830129426,4.80027263387076],[-75.6991119199838,4.80033761452722],[-75.6991157912501,4.80038938350835],[-75.6991136411324,4.80044812769876],[-75.6991062093783,4.80049820045785],[-75.6990606390935,4.80059353950844],[-75.6990543646048,4.8007521814992],[-75.6990523914128,4.80080179517884],[-75.6990865783466,4.80092031055768],[-75.6991209446499,4.80097372232309],[-75.699162986174,4.8010519683722],[-75.6991891472848,4.80111156170146],[-75.6992123140588,4.80118355430304],[-75.6991756082297,4.80152561821483],[-75.6990791941692,4.80152033363468]]]},"properties":{"FID":86,"ID_BAR":289,"CODSUELO":"6600101","CODCOM":"07","COMUNA":"Boston","CODBAR":"010712","NOMBRE":"La Florida","NOM_POPULA":"La Florida","ACT_GEOGRA":1168041600000,"NORMA":"12","CREACION":542246400000,"ORIGEN_NOR":"Concejo Municipal","OBSERVACIO":"Ajustado a delimitacion de la Norma de creacion","COD_SISBEN":"07064","Shape_Area":30658.604522615169,"Shape__Area":31061.85498046875,"Shape__Length":1584.5430836549706,"GlobalID":"46071b12-3761-4b6c-b96d-bdbc17e7bad9","CreationDate":1545839815055,"Creator":"sigper_arcgis","EditDate":1545839815055,"Editor":"sigper_arcgis"}},{"type":"Feature","id":87,"geometry":{"type":"Polygon","coordinates":[[[-75.7360847317917,4.80137635444108],[-75.7359579635774,4.80138331595796],[-75.7356941806503,4.80132747055972],[-75.7354662094165,4.8013194904366],[-75.735292677742,4.80128660563018],[-75.7352060869384,4.80121129436393],[-75.735128088193,4.8011111501132],[-75.735070338432,4.80105221204944],[-75.7349302586461,4.80096877741627],[-75.734798490794,4.80096321490725],[-75.7345973875342,4.80094235845133],[-75.7344739643018,4.80091591949588],[-75.7343747328469,4.80087814061285],[-75.7342397942695,4.80075987535816],[-75.7340720013562,4.80060928857476],[-75.733970269038,4.80054023061103],[-75.7338782564578,4.80048076214584],[-75.7337299723557,4.80038950282524],[-75.7335792593531,4.80031537604118],[-75.733526086933,4.80029794322112],[-75.7333757612104,4.80029487167444],[-75.7332884678354,4.80030933824472],[-75.7333938242263,4.80016039052293],[-75.7337091204153,4.79980952689158],[-75.7342804499733,4.79931294532406],[-75.7354764803783,4.80045133583915],[-75.7358425976082,4.80080450620966],[-75.7359600359181,4.80094583825796],[-75.7360233155742,4.80106106667089],[-75.73609458959,4.80126363394312],[-75.7360847317917,4.80137635444108]]]},"properties":{"FID":87,"ID_BAR":290,"CODSUELO":"6600101","CODCOM":"15","COMUNA":"El Oso","CODBAR":"011513","NOMBRE":"La Habana","NOM_POPULA":"La Habana","ACT_GEOGRA":1168041600000,"NORMA":"Sin","CREACION":null,"ORIGEN_NOR":"Sin","OBSERVACIO":"Ajustado SPM","COD_SISBEN":"15152","Shape_Area":29787.850359982549,"Shape__Area":30180.69775390625,"Shape__Length":818.58309716052383,"GlobalID":"891a338c-3821-4e13-a75c-fb53fb6bad5e","CreationDate":1545839815055,"Creator":"sigper_arcgis","EditDate":1545839815055,"Editor":"sigper_arcgis"}},{"type":"Feature","id":88,"geometry":{"type":"Polygon","coordinates":[[[-75.7412004473368,4.79249270495928],[-75.7412377758862,4.79267123699441],[-75.741430964412,4.7926281559549],[-75.7416384559294,4.79247740474148],[-75.7424255170015,4.79226201114332],[-75.7430194000764,4.79224043495216],[-75.743004973032,4.79200913548098],[-75.7435922578996,4.79184708960766],[-75.7436780011071,4.79185959285538],[-75.7437697307628,4.79186013798061],[-75.7438967423287,4.79183427734712],[-75.7440210428433,4.79179737731002],[-75.7441009409348,4.79179264218206],[-75.7441808030887,4.7917980803959],[-75.7442549617003,4.79181598806751],[-75.744396660383,4.79189465211545],[-75.7444829337784,4.7919712155049],[-75.7445590660306,4.79205797141101],[-75.7445948087299,4.79212816025057],[-75.7446424532418,4.79218831640319],[-75.7446826327378,4.79225377208218],[-75.7447154194411,4.79236166996314],[-75.7447377821647,4.79247223529911],[-75.7447395115847,4.79261641234785],[-75.744729195271,4.79265466936418],[-75.7447329984983,4.79269412648365],[-75.7447435281205,4.79270903332183],[-75.7448340614061,4.79274711090144],[-75.74473472709,4.7927843101616],[-75.7445290111959,4.79270283982131],[-75.7444681626686,4.79269035356039],[-75.7441593457907,4.79266174872269],[-75.7440387771338,4.79268416570241],[-75.7438182756881,4.79275868769872],[-75.7436938001703,4.79283972546156],[-75.7436203836055,4.79292150382987],[-75.7435557344817,4.79298023304014],[-75.7434280210958,4.79315964904241],[-75.7433887594558,4.79318647911266],[-75.7433416807224,4.79319289193553],[-75.7432725930708,4.79319218659121],[-75.7432045259872,4.7931801254934],[-75.7430713857085,4.79315457076172],[-75.7427921452082,4.79307873602576],[-75.7426914712562,4.79307015422046],[-75.7426041438016,4.79309749788637],[-75.7425145276496,4.79311583260673],[-75.7423561775035,4.79321451627975],[-75.7421752207217,4.79328483326667],[-75.7420901816552,4.79330136693224],[-75.7419062293723,4.79331036177066],[-75.7416347377603,4.79327064453934],[-75.7416212506955,4.79327092826805],[-75.7407465853189,4.7926563336351],[-75.7408791609447,4.79259387724668],[-75.7412004473368,4.79249270495928]]]},"properties":{"FID":88,"ID_BAR":413,"CODSUELO":"6600101","CODCOM":"13","COMUNA":"San Joaquin","CODBAR":"011315","NOMBRE":"El Recreo","NOM_POPULA":"El Recreo","ACT_GEOGRA":1168041600000,"NORMA":"Sin","CREACION":null,"ORIGEN_NOR":"Sin","OBSERVACIO":"Ajustado SPM","COD_SISBEN":"13237","Shape_Area":39316.225817060396,"Shape__Area":39834.0966796875,"Shape__Length":1092.7000287982025,"GlobalID":"8ece6503-366a-4883-9db5-ee71db8c160a","CreationDate":1545839815055,"Creator":"sigper_arcgis","EditDate":1545839815055,"Editor":"sigper_arcgis"}},{"type":"Feature","id":89,"geometry":{"type":"Polygon","coordinates":[[[-75.7372173598466,4.80087019032244],[-75.7371749984523,4.8008812297624],[-75.7370948538972,4.80091434806627],[-75.7369538260746,4.80100197276868],[-75.7368948437666,4.80103509013031],[-75.7367683233338,4.80108316895846],[-75.7366618388881,4.80111727601139],[-75.7366028922708,4.80113303184195],[-75.7365117255844,4.80117874365205],[-75.7364126710637,4.8012394319683],[-75.7362334372608,4.8013431296934],[-75.736171602624,4.80136745209644],[-75.7360847317917,4.80137635444108],[-75.73609458959,4.80126363394312],[-75.7360233155742,4.80106106667089],[-75.7359600359181,4.80094583825796],[-75.7358425976082,4.80080450620966],[-75.7354764803783,4.80045133583915],[-75.7342804499733,4.79931294532406],[-75.7344056681251,4.79933431508876],[-75.7344700374794,4.79931147683959],[-75.7346926191528,4.79917863654095],[-75.7348740715203,4.79908537723645],[-75.735306837312,4.79877598222917],[-75.7353302895714,4.79881651665366],[-75.7353627921592,4.79886192638577],[-75.7353853294706,4.79888827793122],[-75.7354079372766,4.7989777194186],[-75.7354450534522,4.79908432859659],[-75.7354750557803,4.79915250486789],[-75.735631017277,4.79936699319763],[-75.7356871485692,4.79943831272319],[-75.7356770430388,4.799490575535],[-75.7356477475022,4.799615536743],[-75.7355983088676,4.79971658302716],[-75.7355360531668,4.7998213387709],[-75.7355379217208,4.79994845504545],[-75.735616659777,4.8000954743741],[-75.7357587460592,4.8001523985223],[-75.7357772685689,4.8001598156847],[-75.7358374484091,4.80019641191391],[-75.7358940361592,4.80022371638317],[-75.7359835838511,4.8002381277559],[-75.7360721102883,4.8002355660984],[-75.7361325354016,4.80022412014285],[-75.7361659879113,4.80021419332438],[-75.7362662405468,4.80023581026738],[-75.736344626305,4.80028229649791],[-75.7364568876961,4.800386007587],[-75.7365946075836,4.80050072228738],[-75.7366854592057,4.80057938859916],[-75.7367698667355,4.80064766996068],[-75.7368732184393,4.80070129123173],[-75.7370246367348,4.80079069560455],[-75.7371328475168,4.80082139038521],[-75.7371507011168,4.80082478132905],[-75.737170631713,4.80083294165414],[-75.7371839779576,4.80084161339962],[-75.7372173598466,4.80087019032244]]]},"properties":{"FID":89,"ID_BAR":291,"CODSUELO":"6600101","CODCOM":"15","COMUNA":"El Oso","CODBAR":"011505","NOMBRE":"El Acuario","NOM_POPULA":"El Acuario","ACT_GEOGRA":1168041600000,"NORMA":"Sin","CREACION":null,"ORIGEN_NOR":"Sin","OBSERVACIO":"Ajustado SPM","COD_SISBEN":"15148","Shape_Area":25894.330236179649,"Shape__Area":26235.8193359375,"Shape__Length":955.27606119242444,"GlobalID":"56ea03ba-b8d2-4df9-9c9a-bdfaf2067c24","CreationDate":1545839815055,"Creator":"sigper_arcgis","EditDate":1545839815055,"Editor":"sigper_arcgis"}},{"type":"Feature","id":90,"geometry":{"type":"Polygon","coordinates":[[[-75.693244934804,4.79307806158885],[-75.6932208492823,4.79308678564582],[-75.6931780640552,4.79311347043625],[-75.693174898408,4.79304933927389],[-75.6931670138979,4.79298757347673],[-75.6931488824974,4.79290720881798],[-75.6931283556526,4.79286584338436],[-75.6929817735174,4.79269207396387],[-75.6928194170333,4.79248029549656],[-75.692709559604,4.79234035113097],[-75.6926202298232,4.79224629512863],[-75.6926013914689,4.79222660033377],[-75.6929301154252,4.79199160281597],[-75.6934461988644,4.79262104186092],[-75.6933035815656,4.79272775027562],[-75.6932768518153,4.79280058831184],[-75.6932481444625,4.79298197814709],[-75.6932447606168,4.79304326638688],[-75.693244934804,4.79307806158885]]]},"properties":{"FID":90,"ID_BAR":414,"CODSUELO":"6600101","CODCOM":"06","COMUNA":"Universidad","CODBAR":"010601","NOMBRE":"Altos de Canaan","NOM_POPULA":"Altos de Canaan","ACT_GEOGRA":1180656000000,"NORMA":"Sin","CREACION":null,"ORIGEN_NOR":"Sin","OBSERVACIO":"Ajustado SPM","COD_SISBEN":" ","Shape_Area":4376.26074019637,"Shape__Area":4433.72021484375,"Shape__Length":325.05142178099476,"GlobalID":"658df999-ccd7-421a-ac3a-ba2bd63c4546","CreationDate":1545839815055,"Creator":"sigper_arcgis","EditDate":1545839815055,"Editor":"sigper_arcgis"}},{"type":"Feature","id":91,"geometry":{"type":"Polygon","coordinates":[[[-75.7298941222135,4.79258219856333],[-75.7298783114595,4.79255328545488],[-75.7298563033712,4.79252426700902],[-75.7298250339446,4.7924067953705],[-75.729756720308,4.79233923694821],[-75.7297536217793,4.79232784513523],[-75.7297291135139,4.79229114269231],[-75.7296483345311,4.79221346407313],[-75.7296338270288,4.7921959961923],[-75.7296210447891,4.7921746605384],[-75.7295789293502,4.79207979608003],[-75.7295426954315,4.79198018154852],[-75.7295077987804,4.79189948254125],[-75.7294104703054,4.79174682761203],[-75.7293716297837,4.7916993693548],[-75.7293348326153,4.79164714170234],[-75.7292819073858,4.79158170289034],[-75.730189689645,4.79066769366349],[-75.7303415260411,4.79051708657118],[-75.7306165008892,4.79032226944997],[-75.7307505555244,4.79018460946885],[-75.7307715770062,4.79011175213841],[-75.7307522097936,4.79005491473332],[-75.7306035766792,4.79000648542244],[-75.7300717231466,4.78990501853265],[-75.7295313482944,4.78974137960315],[-75.7301377071121,4.78894457791406],[-75.7301699619389,4.78894263534612],[-75.7302661283509,4.7889978819027],[-75.7303178556915,4.78905420715728],[-75.7303563433029,4.78912035242953],[-75.7304012400846,4.78916860545489],[-75.7304050073126,4.78918690377755],[-75.7304571927694,4.78921867752124],[-75.7304988855213,4.78926339840686],[-75.7306119535227,4.78932344984034],[-75.7307298104055,4.78937341507294],[-75.7308156239369,4.78938678510693],[-75.7309024583189,4.78938828595226],[-75.7309886589528,4.78937791796592],[-75.7311545455456,4.78932305810877],[-75.7311908503331,4.7893151449314],[-75.7312006390741,4.78932023144727],[-75.7312191257149,4.78931217741892],[-75.7313490251659,4.78932628870357],[-75.7314163171607,4.7893448341055],[-75.7315088563394,4.78939276859891],[-75.7315922051791,4.78945543380774],[-75.7317220352559,4.78959123840713],[-75.7317684815581,4.78968039674804],[-75.7317973221342,4.78980180708869],[-75.7318353885529,4.79003367809272],[-75.7318471146343,4.79015088433603],[-75.7318478909392,4.79026867475119],[-75.731816622851,4.79044250707367],[-75.7318003908999,4.79060773793546],[-75.7317973975955,4.79062086078248],[-75.731151212431,4.79125930397904],[-75.7298941222135,4.79258219856333]]]},"properties":{"FID":91,"ID_BAR":415,"CODSUELO":"6600101","CODCOM":"15","COMUNA":"El Oso","CODBAR":"011546","NOMBRE":"Villa Navarra","NOM_POPULA":"Villa Navarra","ACT_GEOGRA":1168041600000,"NORMA":"Sin","CREACION":null,"ORIGEN_NOR":"Sin","OBSERVACIO":"Ajustado SPM","COD_SISBEN":"15233","Shape_Area":54720.743256641013,"Shape__Area":55440.64501953125,"Shape__Length":1256.3214364316188,"GlobalID":"9591486e-162c-448d-8385-394d414bcb37","CreationDate":1545839815055,"Creator":"sigper_arcgis","EditDate":1545839815055,"Editor":"sigper_arcgis"}},{"type":"Feature","id":92,"geometry":{"type":"Polygon","coordinates":[[[-75.7124140667237,4.801094059005],[-75.7119582308938,4.80110904455309],[-75.7113863634125,4.80125267984235],[-75.7107572065069,4.80126675967587],[-75.7105633574388,4.80128277440134],[-75.7108247344585,4.80022540977218],[-75.7110065457607,4.80000520089665],[-75.7110851405518,4.80005269617038],[-75.7111550029089,4.80008786349593],[-75.7112070830455,4.80011020741688],[-75.7112658533623,4.8001195879854],[-75.7112965953263,4.80011043906392],[-75.7113409993998,4.80009998401719],[-75.711397762817,4.80009120721791],[-75.7114506536361,4.80008748172941],[-75.7114924877305,4.80006376271836],[-75.7115438285536,4.80003915958626],[-75.7115947825998,4.80001916723832],[-75.7116368629977,4.80000572776674],[-75.7116759846149,4.80002770037059],[-75.7117497201153,4.80005982964762],[-75.7119356079873,4.80021315983563],[-75.7120115966743,4.80025971954356],[-75.7121177998651,4.80028503212474],[-75.7122113608593,4.80028503399387],[-75.7123491166342,4.8002511247122],[-75.7124262327785,4.80026322511372],[-75.7125065192737,4.80027038036086],[-75.7125937426059,4.80027195430128],[-75.7126844516838,4.80026678103571],[-75.7127312499852,4.80025374690545],[-75.7127528368168,4.80022501051103],[-75.7127801277871,4.80019832415867],[-75.7128040373941,4.80018073303056],[-75.7128560126358,4.80016248834627],[-75.7129340110087,4.80010250863466],[-75.7130457792102,4.80007382779001],[-75.7131427939472,4.79995300182274],[-75.7132099463769,4.7998988857565],[-75.7132479768651,4.79988403318216],[-75.7133317138875,4.79988809703553],[-75.713355764649,4.79987928359886],[-75.7133873865534,4.79987448029846],[-75.713416825068,4.79987637074987],[-75.7134490795944,4.79989154282516],[-75.7134849966795,4.79991529986073],[-75.7135257027739,4.79995447512139],[-75.7135490486966,4.79998655052081],[-75.7135622876167,4.80001954412505],[-75.713584013498,4.80005145988544],[-75.7136056347503,4.80007253133801],[-75.7136044007014,4.80011034625279],[-75.7136103864223,4.80015121773091],[-75.7136240484448,4.80019079910091],[-75.7136421478828,4.80022317410425],[-75.7136643668264,4.8002509575264],[-75.7137014453754,4.80027935918406],[-75.713728066321,4.80029371900421],[-75.7138146559348,4.80030629654421],[-75.7138628270602,4.80030763949585],[-75.7139136750855,4.80030382565824],[-75.7139626568743,4.80029494178184],[-75.714003680964,4.80028337414447],[-75.7140181884552,4.80028794870424],[-75.7140390349819,4.80029208209576],[-75.714061676733,4.80029347798879],[-75.7140795298968,4.80029240077242],[-75.7140928051461,4.80029031723979],[-75.7141628445898,4.80027636481631],[-75.7141859096785,4.8002801455355],[-75.7142110514326,4.80028786393213],[-75.7142369687367,4.80030031658857],[-75.7142548216091,4.80031209769583],[-75.7142645400933,4.80032666872905],[-75.7142791880933,4.80034399611964],[-75.7143023227194,4.80036450283738],[-75.7143289791077,4.80038054062952],[-75.7143731362969,4.80038778260302],[-75.7144376116664,4.8003933827201],[-75.7144848329985,4.80039378984701],[-75.7145405054863,4.80039027580085],[-75.7145943817921,4.80038271795436],[-75.7146071290868,4.80037874388876],[-75.7146188545451,4.8003783378831],[-75.714629947158,4.80038075758369],[-75.7146406869528,4.80038612740505],[-75.7146508637914,4.80039543505627],[-75.7146731179368,4.80043411597117],[-75.7147116739713,4.80055316078994],[-75.7147630482786,4.80063792334156],[-75.7147772725468,4.80076705218213],[-75.7147806830437,4.80106520901062],[-75.7131928447927,4.80106842920044],[-75.7124140667237,4.801094059005]]]},"properties":{"FID":92,"ID_BAR":292,"CODSUELO":"6600101","CODCOM":"19","COMUNA":"El Poblado","CODBAR":"011903","NOMBRE":"Cachipay","NOM_POPULA":"Cachipay","ACT_GEOGRA":1180656000000,"NORMA":"92","CREACION":747446400000,"ORIGEN_NOR":"Concejo Municipal","OBSERVACIO":"Ajustado a delimitacion de la Norma de creacion","COD_SISBEN":"19057","Shape_Area":47036.119233313322,"Shape__Area":47655.59033203125,"Shape__Length":1172.1277968089153,"GlobalID":"339bfc62-49f4-4f3d-9b9a-d5711f49d27d","CreationDate":1545839815055,"Creator":"sigper_arcgis","EditDate":1545839815055,"Editor":"sigper_arcgis"}},{"type":"Feature","id":93,"geometry":{"type":"Polygon","coordinates":[[[-75.6670778870797,4.8011325913041],[-75.6670502466314,4.80111863554576],[-75.6670225026949,4.80106951446291],[-75.666977749339,4.80103727630483],[-75.6669437342287,4.80102360298398],[-75.6669072533689,4.80102050899203],[-75.6668943331428,4.80098318726784],[-75.6668232418436,4.80093861877419],[-75.6667970810777,4.80090408664335],[-75.6667881382549,4.80089066314003],[-75.6667887382329,4.80087453732173],[-75.6667420880515,4.80079485877281],[-75.6667112413228,4.80078567148348],[-75.6666791625517,4.80078794750557],[-75.6666005339011,4.8007498959611],[-75.6665166587983,4.80072576200785],[-75.6664297215321,4.80067221982662],[-75.6663732750766,4.80066248236457],[-75.6663531339732,4.80065571650788],[-75.6663396138351,4.80063932463344],[-75.6662924637947,4.8006345161988],[-75.6662493292161,4.80061490709199],[-75.6662152803386,4.80058611461758],[-75.6661909513722,4.80054868612507],[-75.6661241625386,4.80042953015536],[-75.6660890230758,4.80038985718751],[-75.6662064677907,4.80028963485082],[-75.666897189949,4.80013343752398],[-75.666957635726,4.79990367388737],[-75.6670702716959,4.79962433690975],[-75.6671717094709,4.79934805498049],[-75.6674236237027,4.79895473756047],[-75.6675772710013,4.79881730275309],[-75.6677127783816,4.79873824098204],[-75.6678477232157,4.79864653238189],[-75.6679576657844,4.79856087977324],[-75.6680468367595,4.79842744852598],[-75.668090230382,4.79829837601946],[-75.6680970032773,4.79816239520952],[-75.6681172981257,4.79801864320911],[-75.668142980566,4.79787999656067],[-75.6681880694179,4.79769064289939],[-75.6683310938221,4.79740742296064],[-75.6683775805297,4.79734407195261],[-75.6683826457433,4.79741014743878],[-75.6684291623492,4.79740384558548],[-75.6685466346028,4.79739437053768],[-75.668609208474,4.79738674665815],[-75.6687646758731,4.79737091595648],[-75.6688286254015,4.79734153206722],[-75.668902083102,4.79730960484729],[-75.6689915647865,4.79724466820314],[-75.6690704488247,4.79716201501021],[-75.6691084830806,4.79711678504645],[-75.6692069422009,4.79707519911186],[-75.6693031094722,4.7970758955675],[-75.6694114570313,4.79710873929519],[-75.6694989257392,4.79711973192133],[-75.6696640736835,4.79713069666079],[-75.6694737969519,4.79779972861453],[-75.6694423126254,4.79784663643077],[-75.6694198074899,4.79789847348114],[-75.6694209677056,4.79791982736985],[-75.6694504021242,4.79795896950565],[-75.6694519150558,4.79797707321258],[-75.6694193360927,4.79805416720366],[-75.6693779904177,4.79812686125144],[-75.6693110431062,4.79821050458817],[-75.6692935410655,4.79822509215255],[-75.6692713910588,4.79823028263075],[-75.6692544164437,4.79825486719459],[-75.669230293634,4.79827242170151],[-75.6692109595507,4.79830368221318],[-75.6691696188715,4.79831017830103],[-75.6691573273809,4.79833403935],[-75.6690745704604,4.7983979520197],[-75.6689985040169,4.79846972459667],[-75.6689067330988,4.79853819395688],[-75.6688779249564,4.79857731356448],[-75.6688598574533,4.79862242105899],[-75.6688054142725,4.79866196237824],[-75.6687595979109,4.79871127150846],[-75.6687240982106,4.79876853030925],[-75.668708952884,4.79881204820513],[-75.6687075399804,4.79885811127522],[-75.6687124665925,4.79889905341722],[-75.6688013265606,4.79911190914821],[-75.6688136459519,4.7991706904959],[-75.6688176592017,4.79918988962569],[-75.6688208221144,4.79926119193968],[-75.6688901425596,4.79943278698678],[-75.6689323930763,4.79949460890509],[-75.6689620019294,4.79956338840021],[-75.6689809046268,4.7996370420515],[-75.6689682834044,4.799815941639],[-75.6689944097546,4.79984577627221],[-75.6690123653687,4.79988117283935],[-75.6689850653966,4.79999691158162],[-75.668944737304,4.80009798891546],[-75.6687168714983,4.80010685359782],[-75.6684562593867,4.80009505125826],[-75.667578220288,4.80005730143502],[-75.6675370655471,4.80036031191596],[-75.6674815787883,4.80065122300553],[-75.6674448372918,4.80081235262209],[-75.6674104136011,4.80105335209936],[-75.6673914163716,4.80125266860983],[-75.6672874692349,4.80122712001142],[-75.6671108101741,4.80114923211452],[-75.6670778870797,4.8011325913041]]]},"properties":{"FID":93,"ID_BAR":293,"CODSUELO":"6600101","CODCOM":"01","COMUNA":"Villa Santana","CODBAR":"010112","NOMBRE":"San Vicente","NOM_POPULA":"San Vicente","ACT_GEOGRA":1168041600000,"NORMA":"11","CREACION":631152000000,"ORIGEN_NOR":"Concejo Municipal","OBSERVACIO":"Ajustado a delimitacion de la Norma de creacion","COD_SISBEN":"01009","Shape_Area":62190.736191024807,"Shape__Area":63007.16455078125,"Shape__Length":1477.4855589163844,"GlobalID":"9a3edb57-748e-4e6b-9704-5313ca27eae4","CreationDate":1545839815055,"Creator":"sigper_arcgis","EditDate":1545839815055,"Editor":"sigper_arcgis"}},{"type":"Feature","id":94,"geometry":{"type":"Polygon","coordinates":[[[-75.7374212456047,4.79176347619521],[-75.7380591807312,4.79086419058077],[-75.7390607148239,4.79152778095467],[-75.7389745852805,4.79158290650842],[-75.7388298624505,4.79169124968268],[-75.7386905975155,4.79181797944743],[-75.7383198868976,4.79239056171763],[-75.7381917487286,4.79250439679632],[-75.7381092463547,4.79254701799598],[-75.738024981869,4.79256570614453],[-75.737950330843,4.79257496207186],[-75.7378869829007,4.79257762965255],[-75.737827684614,4.79257584724154],[-75.7377223275453,4.79256398015014],[-75.7374212456047,4.79176347619521]]]},"properties":{"FID":94,"ID_BAR":416,"CODSUELO":"6600101","CODCOM":"13","COMUNA":"San Joaquin","CODBAR":"011333","NOMBRE":"Portal de San Joaquin II","NOM_POPULA":"Portal de San Joaquin II","ACT_GEOGRA":1180656000000,"NORMA":"Sin","CREACION":null,"ORIGEN_NOR":"Sin","OBSERVACIO":"Ajustado SPM","COD_SISBEN":" ","Shape_Area":18740.433144122249,"Shape__Area":18987.16259765625,"Shape__Length":553.972548624976,"GlobalID":"9ac568a5-dab8-48c3-983b-19a8a39b9e51","CreationDate":1545839815055,"Creator":"sigper_arcgis","EditDate":1545839815055,"Editor":"sigper_arcgis"}},{"type":"Feature","id":95,"geometry":{"type":"Polygon","coordinates":[[[-75.6939064817395,4.79230211839289],[-75.693857046459,4.79222724571756],[-75.6935162061119,4.79181188233755],[-75.6937121354411,4.79171052790181],[-75.6938510157127,4.79168557804808],[-75.694305056606,4.79154839868552],[-75.6944719454119,4.79197765396911],[-75.6944904627701,4.79206649573521],[-75.6944641935015,4.79208698247691],[-75.694429154799,4.79211329792923],[-75.6942949218943,4.79214986973776],[-75.6941136783992,4.79221436451791],[-75.6939064817395,4.79230211839289]]]},"properties":{"FID":95,"ID_BAR":417,"CODSUELO":"6600101","CODCOM":"07","COMUNA":"Boston","CODBAR":"010704","NOMBRE":"Caminos de Canaan","NOM_POPULA":"Caminos de Canaan","ACT_GEOGRA":1180656000000,"NORMA":"Sin","CREACION":null,"ORIGEN_NOR":"Sin","OBSERVACIO":"Ajustado SPM","COD_SISBEN":" ","Shape_Area":5292.92553686211,"Shape__Area":5362.4169921875,"Shape__Length":295.18536150636919,"GlobalID":"47c95d5c-0f2b-4062-bf9b-4fb7a7d8c049","CreationDate":1545839815055,"Creator":"sigper_arcgis","EditDate":1545839815055,"Editor":"sigper_arcgis"}},{"type":"Feature","id":96,"geometry":{"type":"Polygon","coordinates":[[[-75.7408953512419,4.80083607153712],[-75.7408658786081,4.80087925597267],[-75.7408196092688,4.80093210265655],[-75.7407611215002,4.80098205319348],[-75.7405726626439,4.80112033442926],[-75.7404044518232,4.80125510140874],[-75.7401740106501,4.80098994238933],[-75.7400144565066,4.80085610068588],[-75.7400866425996,4.80078031007243],[-75.7397694703099,4.80046728724379],[-75.7392461626817,4.80030113076856],[-75.7391848214752,4.80027580343825],[-75.73879183497,4.79990431972015],[-75.7388056714974,4.7997932413956],[-75.738810564765,4.79969168336923],[-75.7388048580224,4.79958270752415],[-75.7387922146213,4.79949686836043],[-75.7387688676168,4.79946369958288],[-75.7386821717842,4.79940788819472],[-75.7386043142402,4.79933861820678],[-75.7385683258554,4.79931521651052],[-75.7386938245935,4.79921084748295],[-75.7387798846229,4.79915220712339],[-75.7388538314413,4.79910930439035],[-75.7389442932733,4.79906345153699],[-75.7390309167342,4.79902736584883],[-75.7391224355136,4.79900009349208],[-75.7391940231621,4.79898066364709],[-75.7393023387954,4.79896536593835],[-75.7394307264975,4.79895962370656],[-75.7395759811177,4.79897246132644],[-75.7397450751787,4.79899794463716],[-75.7398200443842,4.79900431964155],[-75.7398776875566,4.79900018532641],[-75.7399838556367,4.79900848472287],[-75.7400325561493,4.79901219278046],[-75.7400250581862,4.799155151775],[-75.7401486213748,4.7991593346931],[-75.7401481640623,4.79917388828146],[-75.7402447889602,4.7991763241899],[-75.7402670787837,4.79919614058784],[-75.7402685250778,4.7993198117934],[-75.7402773693011,4.79961526645338],[-75.7402917399494,4.79979906046574],[-75.7403160750432,4.79992142404388],[-75.7403552718523,4.800147094011],[-75.7403850626418,4.80019229126824],[-75.7404206996624,4.80025273070384],[-75.7404809868939,4.80032415577339],[-75.7405851140896,4.80041617446569],[-75.7407346324344,4.80057453170619],[-75.7408538327777,4.80072149712918],[-75.7408949631216,4.80079841570601],[-75.740919154597,4.80077423514692],[-75.7409108441668,4.80079848569015],[-75.7408953512419,4.80083607153712]]]},"properties":{"FID":96,"ID_BAR":294,"CODSUELO":"6600101","CODCOM":"13","COMUNA":"San Joaquin","CODBAR":"011320","NOMBRE":"Laureles I","NOM_POPULA":"Laureles I","ACT_GEOGRA":1180656000000,"NORMA":"115","CREACION":496281600000,"ORIGEN_NOR":"Concejo Municipal","OBSERVACIO":"Asignado por la Comunidad. Visita de campo SPM","COD_SISBEN":"13117","Shape_Area":31229.381890769509,"Shape__Area":31641.3203125,"Shape__Length":835.47029051587356,"GlobalID":"a4929378-6fa5-4aae-ba78-442cf21f57c3","CreationDate":1545839815055,"Creator":"sigper_arcgis","EditDate":1545839815055,"Editor":"sigper_arcgis"}},{"type":"Feature","id":97,"geometry":{"type":"Polygon","coordinates":[[[-75.7325889218829,4.79197096018503],[-75.7325275799149,4.79188480383366],[-75.7325057829256,4.79186436899669],[-75.7324808525743,4.79184388098309],[-75.7324588799225,4.79182802033706],[-75.7324094050347,4.79178100414607],[-75.7323971507929,4.79176796882003],[-75.7323881361943,4.79175640082754],[-75.7323782766614,4.79174094643204],[-75.7323353874787,4.79170051751252],[-75.7322795035054,4.79163034570682],[-75.7322596431659,4.79159426180499],[-75.7321604124245,4.79145545444685],[-75.7321441439759,4.79143703297454],[-75.7321100226947,4.79139838783479],[-75.732080443472,4.79135236004975],[-75.7320717811259,4.79133256129539],[-75.7320146304701,4.79123732648576],[-75.7319583949224,4.79116724257842],[-75.7319405065741,4.79115274243474],[-75.7319212098367,4.79113400219634],[-75.7319010675994,4.79110982328536],[-75.7317914496174,4.79097110395534],[-75.7317656738673,4.79092580057185],[-75.7317506020337,4.79087752943931],[-75.7317451086366,4.79083913230192],[-75.731745389895,4.79079439371151],[-75.7317561647455,4.79074778267634],[-75.7327168660957,4.78978850097175],[-75.7329066652281,4.79004631490884],[-75.7330695954153,4.79015461877449],[-75.733242279995,4.79025795952151],[-75.7333340448851,4.79030843724074],[-75.7334748965776,4.79036009811502],[-75.7335857458478,4.79036735679947],[-75.7337309634757,4.79036246283863],[-75.7338476581478,4.79034653028663],[-75.733169644643,4.7911900878407],[-75.7325889218829,4.79197096018503]]]},"properties":{"FID":97,"ID_BAR":418,"CODSUELO":"6600101","CODCOM":"13","COMUNA":"San Joaquin","CODBAR":"011316","NOMBRE":"Gibraltar","NOM_POPULA":"Gibraltar","ACT_GEOGRA":1180656000000,"NORMA":"52","CREACION":901065600000,"ORIGEN_NOR":"Concejo Municipal","OBSERVACIO":"Ajustado a delimitacion de la Norma de creacion","COD_SISBEN":"13258","Shape_Area":26463.67554143599,"Shape__Area":26811.89208984375,"Shape__Length":700.299606211787,"GlobalID":"18250c9d-4d35-4901-92bb-7748bc0a042f","CreationDate":1545839815055,"Creator":"sigper_arcgis","EditDate":1545839815055,"Editor":"sigper_arcgis"}},{"type":"Feature","id":98,"geometry":{"type":"Polygon","coordinates":[[[-75.7259796033221,4.80124788976893],[-75.7259353751647,4.80111672938444],[-75.7259172404286,4.80109369788828],[-75.7259006202703,4.80106626844722],[-75.7258870978636,4.80103548295816],[-75.7258795979181,4.80101080816227],[-75.7258596315729,4.80098383858525],[-75.7258359688468,4.80095851068362],[-75.7258015656473,4.80093037429885],[-75.7257675143246,4.80090981550413],[-75.7257369486025,4.80086650761894],[-75.7257108913161,4.80081740643378],[-75.7256931792337,4.8007710429908],[-75.7256355704741,4.80070968357911],[-75.7256046182949,4.8006434146164],[-75.7255672211366,4.80058240895526],[-75.7255217263736,4.80052428294102],[-75.7254949284434,4.8004989198935],[-75.7254206998196,4.8004287826114],[-75.7254060507833,4.80042095791044],[-75.7253839015472,4.80041422852833],[-75.7253642521914,4.80041256862051],[-75.7253458006566,4.8004145110364],[-75.7252449854701,4.80042816410603],[-75.7249380658951,4.80053751068957],[-75.7248690834318,4.80055375905485],[-75.7248260876151,4.80055656770465],[-75.7247788665122,4.80055181639788],[-75.724736153475,4.80054008838701],[-75.7246996372792,4.80052371496457],[-75.7246314289487,4.80045945958735],[-75.7246233303428,4.80044317504934],[-75.7246134353148,4.80042750893996],[-75.724592940844,4.80040332911682],[-75.7245693840032,4.80038375932984],[-75.7244684982047,4.80021554327669],[-75.7244479338638,4.80016965603486],[-75.7244222287665,4.80010149713527],[-75.724406910657,4.80005179614078],[-75.7246021691543,4.79989832836495],[-75.7248583112417,4.79952796892511],[-75.7250295533556,4.7992870383908],[-75.7251130085771,4.79919870934501],[-75.7257221968527,4.79959644777645],[-75.7257745589926,4.79963065971524],[-75.7264131151023,4.80002919181203],[-75.7266280570347,4.80014350221726],[-75.7267579230169,4.80021257967657],[-75.7259796033221,4.80124788976893]]]},"properties":{"FID":98,"ID_BAR":295,"CODSUELO":"6600101","CODCOM":"10","COMUNA":"Consota","CODBAR":"011020","NOMBRE":"Quintas de Panorama II","NOM_POPULA":"Quintas de Panorama II","ACT_GEOGRA":1168041600000,"NORMA":"Sin","CREACION":null,"ORIGEN_NOR":"Sin","OBSERVACIO":"Ajustado SPM","COD_SISBEN":"10212","Shape_Area":26484.59544633708,"Shape__Area":26833.65185546875,"Shape__Length":743.87938050366108,"GlobalID":"9d23e68d-e113-4e88-87bf-7594405f2627","CreationDate":1545839815055,"Creator":"sigper_arcgis","EditDate":1545839815055,"Editor":"sigper_arcgis"}},{"type":"Feature","id":99,"geometry":{"type":"Polygon","coordinates":[[[-75.7381575560302,4.80092692386778],[-75.7379959963137,4.80086653911754],[-75.7378634172089,4.80080138536193],[-75.7378292252327,4.80079075337871],[-75.7377927089024,4.80079312083641],[-75.7376740052192,4.8008118621763],[-75.7378219982264,4.80030212612612],[-75.7379437653024,4.80026754166245],[-75.7379998897549,4.79992347958554],[-75.7380491152167,4.79980266894618],[-75.738154435267,4.79959377455617],[-75.7383265158111,4.79926018474929],[-75.7383541578458,4.79922268701332],[-75.7383664799159,4.79904203736172],[-75.7383850368076,4.79901287622243],[-75.7384321862471,4.7989754664732],[-75.7384918022984,4.7989939051209],[-75.7387229035991,4.79884435484654],[-75.7390015829599,4.79894981131536],[-75.7392662790621,4.7988888360843],[-75.7393056123387,4.79887359297811],[-75.7397982455619,4.79893785644297],[-75.739834515705,4.79896699851797],[-75.7398776875566,4.79900018532641],[-75.7398200443842,4.79900431964155],[-75.7397450751787,4.79899794463716],[-75.7395759811177,4.79897246132644],[-75.7394307264975,4.79895962370656],[-75.7393023387954,4.79896536593835],[-75.7391940231621,4.79898066364709],[-75.7391224355136,4.79900009349208],[-75.7390309167342,4.79902736584883],[-75.7389442932733,4.79906345153699],[-75.7388538314413,4.79910930439035],[-75.7387798846229,4.79915220712339],[-75.7386938245935,4.79921084748295],[-75.7385683258554,4.79931521651052],[-75.7386043142402,4.79933861820678],[-75.7385839619153,4.79938823201387],[-75.7385152640245,4.79956549114738],[-75.7384948061649,4.79961468164035],[-75.7384738189291,4.79960581502271],[-75.7384033957325,4.79981235960056],[-75.73849364785,4.79984038808503],[-75.7384344231617,4.80004318741149],[-75.7383893527695,4.80019750350358],[-75.7383371693892,4.80038216308162],[-75.7383882638368,4.80039590382071],[-75.738378793072,4.80046888452147],[-75.7384674247439,4.80047711363433],[-75.7384545409432,4.80073918640871],[-75.738447433119,4.80102429151641],[-75.738314115002,4.80098543640721],[-75.7381575560302,4.80092692386778]]]},"properties":{"FID":99,"ID_BAR":296,"CODSUELO":"6600101","CODCOM":"13","COMUNA":"San Joaquin","CODBAR":"011313","NOMBRE":"El Crucero","NOM_POPULA":"El Crucero","ACT_GEOGRA":1180656000000,"NORMA":"Sin","CREACION":null,"ORIGEN_NOR":"Sin","OBSERVACIO":"Ajustado SPM, Visita de campo","COD_SISBEN":"13179","Shape_Area":12822.61175338983,"Shape__Area":12991.73583984375,"Shape__Length":874.46221413331841,"GlobalID":"3e7a7a65-f748-481a-bb5c-871a943e2b0c","CreationDate":1545839815055,"Creator":"sigper_arcgis","EditDate":1545839815055,"Editor":"sigper_arcgis"}},{"type":"Feature","id":100,"geometry":{"type":"Polygon","coordinates":[[[-75.7366073599737,4.79098811399074],[-75.7371149059506,4.79023230209123],[-75.7380591807312,4.79086419058077],[-75.7374212456047,4.79176347619521],[-75.7372440194311,4.79176196070071],[-75.7371971836701,4.79162709153302],[-75.737137639747,4.79164828710901],[-75.7370429487866,4.79142307717831],[-75.7369711845954,4.79140820660526],[-75.7368172663905,4.7911892668149],[-75.7366826107198,4.79104698119281],[-75.7366073599737,4.79098811399074]]]},"properties":{"FID":100,"ID_BAR":419,"CODSUELO":"6600101","CODCOM":"13","COMUNA":"San Joaquin","CODBAR":"011332","NOMBRE":"Portal de San Joaquin I","NOM_POPULA":"Portal de San Joaquin I","ACT_GEOGRA":1180656000000,"NORMA":"Sin","CREACION":null,"ORIGEN_NOR":"Sin","OBSERVACIO":"Ajustado SPM","COD_SISBEN":" ","Shape_Area":14410.26020502856,"Shape__Area":14599.9384765625,"Shape__Length":491.742345079839,"GlobalID":"b2ad7db0-cc0a-4350-b11b-1fc52f6604a0","CreationDate":1545839815055,"Creator":"sigper_arcgis","EditDate":1545839815055,"Editor":"sigper_arcgis"}},{"type":"Feature","id":101,"geometry":{"type":"Polygon","coordinates":[[[-75.7380591807312,4.79086419058077],[-75.7371149059506,4.79023230209123],[-75.7370962079167,4.79021979754116],[-75.737267091125,4.78996445150002],[-75.7373281847212,4.78989154031261],[-75.7375833999956,4.7895158417782],[-75.7376010416826,4.78949277397438],[-75.7376188934914,4.78946361411628],[-75.7376346687106,4.78942855390505],[-75.7376421689871,4.78940606923957],[-75.7377352673374,4.78917124825802],[-75.7380313634525,4.78874763108373],[-75.7398090291263,4.79005570407797],[-75.7393435653581,4.79077078826272],[-75.7393022633633,4.79090378615427],[-75.7392255781461,4.79135986333911],[-75.7391907535469,4.79142632684212],[-75.7390607148239,4.79152778095467],[-75.7380591807312,4.79086419058077]]]},"properties":{"FID":101,"ID_BAR":420,"CODSUELO":"6600101","CODCOM":"13","COMUNA":"San Joaquin","CODBAR":"011338","NOMBRE":"San Marcos","NOM_POPULA":"San Marcos","ACT_GEOGRA":1168041600000,"NORMA":"Sin","CREACION":null,"ORIGEN_NOR":"Sin","OBSERVACIO":"Ajustado SPM","COD_SISBEN":"13123","Shape_Area":46732.600129522718,"Shape__Area":47347.6591796875,"Shape__Length":893.63600307272418,"GlobalID":"76d0cd21-6902-4fe0-9363-a8b3da654fd6","CreationDate":1545839815055,"Creator":"sigper_arcgis","EditDate":1545839815055,"Editor":"sigper_arcgis"}},{"type":"Feature","id":102,"geometry":{"type":"Polygon","coordinates":[[[-75.7301473433406,4.80091554846555],[-75.7299956435032,4.80082928656407],[-75.7301495236826,4.80043221912188],[-75.7303956961241,4.79979362036915],[-75.7309709416702,4.80016464913094],[-75.7301473433406,4.80091554846555]]]},"properties":{"FID":102,"ID_BAR":297,"CODSUELO":"6600101","CODCOM":"15","COMUNA":"El Oso","CODBAR":"011529","NOMBRE":"Quintas de La Acuarela I","NOM_POPULA":"Quintas de La Acuarela I","ACT_GEOGRA":1180656000000,"NORMA":"Sin","CREACION":null,"ORIGEN_NOR":"Sin","OBSERVACIO":"Ajustado SPM","COD_SISBEN":" ","Shape_Area":5698.91902400249,"Shape__Area":5774.0537109375,"Shape__Length":343.96007538082893,"GlobalID":"c052542c-65ff-4e41-96f5-c88257210c93","CreationDate":1545839815055,"Creator":"sigper_arcgis","EditDate":1545839815055,"Editor":"sigper_arcgis"}},{"type":"Feature","id":103,"geometry":{"type":"Polygon","coordinates":[[[-75.7363371072958,4.79131603621337],[-75.7359025770013,4.79102071048502],[-75.7358821183782,4.7910131160137],[-75.7362124375922,4.7901628138698],[-75.7360175636682,4.78963937677554],[-75.7361426739183,4.78960249603839],[-75.7361717239076,4.78960069426708],[-75.7362707420645,4.78957338695268],[-75.736341730212,4.78953548240808],[-75.7363572239769,4.78953343345302],[-75.7364376134918,4.78948207050531],[-75.7364619458071,4.78945986929359],[-75.7364755375828,4.78942984317221],[-75.7365025092625,4.78939805053327],[-75.7365373346496,4.78937515929994],[-75.736616245791,4.78933833252198],[-75.7366994178404,4.78931257978467],[-75.7367853016522,4.78929836002556],[-75.7370230579058,4.78931326389954],[-75.7371144352199,4.78933200244606],[-75.7372073256993,4.7893400724162],[-75.737403285827,4.78938715656361],[-75.7376421689871,4.78940606923957],[-75.7376346687106,4.78942855390505],[-75.7376188934914,4.78946361411628],[-75.7376010416826,4.78949277397438],[-75.7375833999956,4.7895158417782],[-75.7373281847212,4.78989154031261],[-75.737267091125,4.78996445150002],[-75.7370962079167,4.79021979754116],[-75.7371149059506,4.79023230209123],[-75.7366073599737,4.79098811399074],[-75.7365811272317,4.79103006247087],[-75.7365602104432,4.79099721129098],[-75.7363371072958,4.79131603621337]]]},"properties":{"FID":103,"ID_BAR":421,"CODSUELO":"6600101","CODCOM":"13","COMUNA":"San Joaquin","CODBAR":"011341","NOMBRE":"Tinajas","NOM_POPULA":"Tinajas","ACT_GEOGRA":1168041600000,"NORMA":"Sin","CREACION":null,"ORIGEN_NOR":"Sin","OBSERVACIO":"Ajustado SPM","COD_SISBEN":"13320","Shape_Area":21978.073920600458,"Shape__Area":22267.29248046875,"Shape__Length":684.83336435618787,"GlobalID":"ce217019-f495-482f-8a24-5cbb5ddad231","CreationDate":1545839815055,"Creator":"sigper_arcgis","EditDate":1545839815055,"Editor":"sigper_arcgis"}},{"type":"Feature","id":104,"geometry":{"type":"Polygon","coordinates":[[[-75.7374282514693,4.80082915790552],[-75.7374093070807,4.80083147125514],[-75.7372536295478,4.80086074090854],[-75.7372173598466,4.80087019032244],[-75.7371839779576,4.80084161339962],[-75.737170631713,4.80083294165414],[-75.7371507011168,4.80082478132905],[-75.7371328475168,4.80082139038521],[-75.7370246367348,4.80079069560455],[-75.7368732184393,4.80070129123173],[-75.7367698667355,4.80064766996068],[-75.7366854592057,4.80057938859916],[-75.7365946075836,4.80050072228738],[-75.7364568876961,4.800386007587],[-75.736344626305,4.80028229649791],[-75.7362662405468,4.80023581026738],[-75.7361659879113,4.80021419332438],[-75.7361325354016,4.80022412014285],[-75.7360721102883,4.8002355660984],[-75.7359835838511,4.8002381277559],[-75.7358940361592,4.80022371638317],[-75.7358374484091,4.80019641191391],[-75.7357772685689,4.8001598156847],[-75.7357587460592,4.8001523985223],[-75.7360410496735,4.80006736798605],[-75.7363184226427,4.79991961931119],[-75.7363483167668,4.79983697736531],[-75.7363199689098,4.79973928769842],[-75.7365980456014,4.79957996917273],[-75.7368600304198,4.79949301421967],[-75.7370441246803,4.79947338884812],[-75.7374732347149,4.79957656571073],[-75.7375842637524,4.79965191112355],[-75.7377658939431,4.79971787627063],[-75.7378175871522,4.79972077219707],[-75.7380491152167,4.79980266894618],[-75.7379998897549,4.79992347958554],[-75.7379437653024,4.80026754166245],[-75.7378219982264,4.80030212612612],[-75.7376740052192,4.8008118621763],[-75.7375344907698,4.80083936455662],[-75.7374738528475,4.80082359347214],[-75.7374282514693,4.80082915790552]]]},"properties":{"FID":104,"ID_BAR":298,"CODSUELO":"6600101","CODCOM":"15","COMUNA":"El Oso","CODBAR":"011533","NOMBRE":"Santafe","NOM_POPULA":"Santafe","ACT_GEOGRA":1168041600000,"NORMA":"Sin","CREACION":null,"ORIGEN_NOR":"Sin","OBSERVACIO":"Ajustado SPM","COD_SISBEN":"15159","Shape_Area":22369.882622398669,"Shape__Area":22664.9228515625,"Shape__Length":661.5691617156134,"GlobalID":"deeccdfe-919d-4e6e-a1ec-7e894f1b157f","CreationDate":1545839815055,"Creator":"sigper_arcgis","EditDate":1545839815055,"Editor":"sigper_arcgis"}},{"type":"Feature","id":105,"geometry":{"type":"Polygon","coordinates":[[[-75.7298181191504,4.78878281944072],[-75.7300324685001,4.78885142173532],[-75.7299565536187,4.78896143741337],[-75.7300511894722,4.78896270018934],[-75.7301095018665,4.78894625633623],[-75.7301377071121,4.78894457791408],[-75.7295313482944,4.7897413796032],[-75.7291355216122,4.7896251990469],[-75.7286284930323,4.78942494494757],[-75.7280231860969,4.78923203920016],[-75.7272973475169,4.78897219195756],[-75.7254068505094,4.78832787032774],[-75.724876337599,4.78812771947661],[-75.7246935450353,4.78787037242717],[-75.7242176056347,4.78849726975781],[-75.7240582724922,4.78821287846075],[-75.7252091259782,4.78693422789824],[-75.7254445416929,4.78715757079676],[-75.7256851416954,4.78698515020169],[-75.7256961951227,4.78698846789596],[-75.7258189455551,4.7870415787013],[-75.7258608488286,4.78705272441445],[-75.7260259254164,4.78707464296278],[-75.7261921636225,4.7870846401663],[-75.726319316154,4.7870777347522],[-75.7265347119938,4.78698831038206],[-75.7266223211282,4.7869681221803],[-75.7268148277283,4.78715200493501],[-75.7269580373462,4.78725234410552],[-75.7270894161281,4.78736787337683],[-75.7273752009369,4.78769504964902],[-75.7275046782471,4.78778306015435],[-75.7276146471609,4.7878749214057],[-75.727677185006,4.78791416696382],[-75.7277438772922,4.78794057225494],[-75.7278142323487,4.78795440209989],[-75.7280046621825,4.78797467787107],[-75.7281181527052,4.78799085653378],[-75.7282280513052,4.78802347832128],[-75.7284577084025,4.78815269521851],[-75.7285783123426,4.78824877758945],[-75.7286882458209,4.78835701204284],[-75.7287285300584,4.78843059315217],[-75.7287853629717,4.78849218111713],[-75.7290254785181,4.78869648060816],[-75.729090622153,4.7887696369927],[-75.7291605551386,4.78882832885329],[-75.7292373184899,4.78887771243544],[-75.7293640490083,4.78891672822229],[-75.7295162030489,4.7889382933444],[-75.7296142353097,4.78897075597451],[-75.7296711042438,4.78894820059894],[-75.7298143141672,4.78895953941302],[-75.7298510632482,4.7889600297845],[-75.7298181191504,4.78878281944072]]]},"properties":{"FID":105,"ID_BAR":422,"CODSUELO":"6600101","CODCOM":"15","COMUNA":"El Oso","CODBAR":"011524","NOMBRE":"Montelibano","NOM_POPULA":"Montelibano","ACT_GEOGRA":1168041600000,"NORMA":"Sin","CREACION":null,"ORIGEN_NOR":"Sin","OBSERVACIO":"Ajustado SPM","COD_SISBEN":"15407","Shape_Area":80058.133724766827,"Shape__Area":81110.57275390625,"Shape__Length":1710.5275849360251,"GlobalID":"74919fba-ecf6-4503-884c-54d198b0166c","CreationDate":1545839815055,"Creator":"sigper_arcgis","EditDate":1545839815055,"Editor":"sigper_arcgis"}},{"type":"Feature","id":106,"geometry":{"type":"Polygon","coordinates":[[[-75.7299956435032,4.80082928656407],[-75.7296420314583,4.80068560509837],[-75.7298784830917,4.79954917721262],[-75.7299356340499,4.79956434894634],[-75.7300490916219,4.79960384070222],[-75.7301471607075,4.79964857904788],[-75.7303956961241,4.79979362036915],[-75.7301495236826,4.80043221912188],[-75.7299956435032,4.80082928656407]]]},"properties":{"FID":106,"ID_BAR":299,"CODSUELO":"6600101","CODCOM":"15","COMUNA":"El Oso","CODBAR":"011530","NOMBRE":"Quintas de La Acuarela II","NOM_POPULA":"Quintas de La Acuarela II","ACT_GEOGRA":1180656000000,"NORMA":"Sin","CREACION":null,"ORIGEN_NOR":"Sin","OBSERVACIO":"Ajustado SPM","COD_SISBEN":" ","Shape_Area":6670.03765242005,"Shape__Area":6757.97216796875,"Shape__Length":360.16416979098733,"GlobalID":"c78dc033-f8b2-44ea-a3b9-893d3e64ff8f","CreationDate":1545839815055,"Creator":"sigper_arcgis","EditDate":1545839815055,"Editor":"sigper_arcgis"}},{"type":"Feature","id":107,"geometry":{"type":"Polygon","coordinates":[[[-75.7409973920999,4.8004697883261],[-75.7409868645972,4.80055243058506],[-75.7409719008836,4.80062094271049],[-75.740919154597,4.80077423514692],[-75.7408949631216,4.80079841570601],[-75.7408538327777,4.80072149712918],[-75.7407346324344,4.80057453170619],[-75.7405851140896,4.80041617446569],[-75.7404809868939,4.80032415577339],[-75.7404206996624,4.80025273070384],[-75.7403850626418,4.80019229126824],[-75.7403552718523,4.800147094011],[-75.7403160750432,4.79992142404388],[-75.7402917399494,4.79979906046574],[-75.7402773693011,4.79961526645338],[-75.7402685250778,4.7993198117934],[-75.7402670787837,4.79919614058784],[-75.7404140943984,4.79921457763812],[-75.7404087791217,4.79929324498465],[-75.7403967049385,4.79948940267212],[-75.7403900518388,4.79962151641408],[-75.7404509801114,4.80006634001094],[-75.7406803290496,4.80033653327432],[-75.7407664272799,4.80043747135635],[-75.7409973920999,4.8004697883261]]]},"properties":{"FID":107,"ID_BAR":300,"CODSUELO":"6600101","CODCOM":"13","COMUNA":"San Joaquin","CODBAR":"011324","NOMBRE":"Letras","NOM_POPULA":"Letras","ACT_GEOGRA":1168041600000,"NORMA":"39","CREACION":952473600000,"ORIGEN_NOR":"Concejo Municipal","OBSERVACIO":"Norma de creacion no delimitable. Ajuste SPM","COD_SISBEN":"13206","Shape_Area":2911.10255134886,"Shape__Area":2949.5068359375,"Shape__Length":433.41528920662211,"GlobalID":"bff859cf-99a5-462c-94d5-a55bce8127d3","CreationDate":1545839815055,"Creator":"sigper_arcgis","EditDate":1545839815055,"Editor":"sigper_arcgis"}},{"type":"Feature","id":108,"geometry":{"type":"Polygon","coordinates":[[[-75.6959863585323,4.78222094731001],[-75.6967300717984,4.78237798080293],[-75.6969445112421,4.7824540437349],[-75.6968835169033,4.78261208358683],[-75.6968449481205,4.78286104963749],[-75.6968463189095,4.78292217854757],[-75.6968423711742,4.78302324199464],[-75.6968287415266,4.78307961973521],[-75.6968029269458,4.78316441508908],[-75.696775985059,4.78325502208472],[-75.6967857368175,4.78331791721965],[-75.6967830226284,4.78336912051022],[-75.6967834447191,4.78338019501674],[-75.6967846067813,4.78339121586848],[-75.6967865431628,4.78340213160414],[-75.6967892188265,4.78341288791032],[-75.6967925986958,4.78342345036254],[-75.6967967180955,4.78343372953151],[-75.6968015410115,4.78344370907181],[-75.6968070342437,4.78345331749683],[-75.6968131608784,4.78346253755531],[-75.6968199210227,4.78347131590874],[-75.6968527357215,4.78354811295086],[-75.6968676984904,4.78360675240271],[-75.6968560764151,4.78364659828827],[-75.6968560726698,4.7837451718069],[-75.6968850152591,4.78378946964158],[-75.6969271968805,4.78384192877338],[-75.696960928265,4.78390019834517],[-75.6969574404449,4.78394396520677],[-75.696964093457,4.78398732670979],[-75.6969756420934,4.78401742398056],[-75.6969993389806,4.78403922038865],[-75.6970183484703,4.7841489212737],[-75.6970319388504,4.7841944728035],[-75.6970542616649,4.78423640406046],[-75.6970375645537,4.78438625033032],[-75.6970473875316,4.78441675365556],[-75.6970673163431,4.78444183500242],[-75.6971342892354,4.78447770968163],[-75.697234079441,4.78451983871473],[-75.6972538682563,4.78453248643445],[-75.6973113696593,4.78454414521876],[-75.6973640113076,4.78457005823733],[-75.6973921813924,4.78457039528096],[-75.697470177217,4.78455962440356],[-75.6975411636782,4.78459970372397],[-75.6975939825107,4.78459610269757],[-75.6976190187356,4.7845953268632],[-75.6976408151204,4.78460765587644],[-75.6976530678399,4.78462953950018],[-75.6976601430947,4.78467627485668],[-75.6976498944414,4.7847224084584],[-75.6976237302871,4.78476170522536],[-75.6975815790299,4.78481011599744],[-75.6975523852848,4.78486732303472],[-75.6975378401792,4.78492991787923],[-75.6975311471355,4.78497266033452],[-75.6975405838593,4.78499175382272],[-75.6975720624383,4.78502075669352],[-75.6975724839214,4.7850460843899],[-75.6975473729793,4.78515253399468],[-75.6975528649869,4.78517311030279],[-75.6975414535048,4.78522883438505],[-75.6975076830348,4.78528090172652],[-75.6975028920673,4.7853224429211],[-75.6974748268524,4.78535296207475],[-75.6974549649446,4.78538938129639],[-75.6973978143155,4.7854171613071],[-75.6973856292412,4.78545552342934],[-75.6973910863423,4.78547687714698],[-75.697427599171,4.7855322856063],[-75.6974346042596,4.78556950031379],[-75.6974311168883,4.78560719109069],[-75.6974483685121,4.78566772100831],[-75.6975172728684,4.78582498944119],[-75.6974902254511,4.78592008121425],[-75.6975077218765,4.78600955917634],[-75.6975005359624,4.7860715893555],[-75.6974823989127,4.78614082439453],[-75.6974936627289,4.78623168021228],[-75.6975641186395,4.7863468232473],[-75.6975883419604,4.786404120798],[-75.6975945020434,4.78644928398378],[-75.6975770367026,4.78646482638102],[-75.6975265067838,4.78646434659704],[-75.6974777724374,4.78645106281257],[-75.6974377353859,4.78646070508623],[-75.6973985448613,4.78645264875113],[-75.6973773464511,4.7864557918574],[-75.6973243490209,4.78651156675658],[-75.6973320219273,4.78659731831917],[-75.6972841297055,4.78665441798999],[-75.6972509222169,4.78672139233318],[-75.6972446873275,4.786759877642],[-75.6972540509905,4.78682441646722],[-75.6972370055468,4.78688628661846],[-75.6972326714137,4.78695031234083],[-75.6972402396768,4.78701002898081],[-75.6972495346917,4.7870485682161],[-75.6973105900414,4.78712836944725],[-75.6973524883421,4.78721975625651],[-75.6973532625788,4.7872408266054],[-75.6973323445614,4.78727671571107],[-75.6973115331722,4.78729987064173],[-75.6972833269884,4.78731299201917],[-75.6972152608032,4.78732697771309],[-75.6970969119006,4.78730390547118],[-75.6970769460217,4.78731391908183],[-75.697032048485,4.7873552120926],[-75.6969830972277,4.78747481891437],[-75.6969622159474,4.7874955183002],[-75.6969509813783,4.78752271734933],[-75.696916329786,4.78758176116331],[-75.69690129521,4.7875530942763],[-75.6968687241854,4.78753046718872],[-75.6967772082893,4.78751034649722],[-75.6965521999335,4.78749509406078],[-75.6962325067026,4.78745233648375],[-75.6960251053825,4.78743722610521],[-75.6958182688771,4.78737059436646],[-75.6955949216697,4.78724751319794],[-75.6954060127949,4.78708372278125],[-75.6951152778755,4.78676471004353],[-75.6950602772857,4.78672560295224],[-75.6950129524715,4.78670827443903],[-75.694973796301,4.78670512881044],[-75.6949349215219,4.78671084971649],[-75.694775897906,4.7867786120209],[-75.6946134231076,4.78687806130593],[-75.6944548199676,4.78698367400451],[-75.6944029858051,4.7870183252317],[-75.6943463980806,4.78704437390001],[-75.6942160733429,4.78710537393463],[-75.6941429358647,4.7871244984963],[-75.6940774041583,4.7871383244528],[-75.693984484483,4.78701547943241],[-75.6938748751993,4.78685352785902],[-75.6938586441305,4.78681493482993],[-75.6938367829105,4.78669809802376],[-75.6938295356409,4.78656847412927],[-75.6938459835248,4.78647986311229],[-75.6938878569,4.78637032333865],[-75.6939479697549,4.78626991602472],[-75.6940426956499,4.78617680560327],[-75.6941523151141,4.78611787103049],[-75.6943107733866,4.78606858366204],[-75.6944346170525,4.7860576391602],[-75.6945821559548,4.78608320354478],[-75.6946950460722,4.7861197163915],[-75.6951880093968,4.78638659912122],[-75.6953628363774,4.78645962299144],[-75.6954885080305,4.78649613714194],[-75.6956815428738,4.78649980140294],[-75.6964636490586,4.78649443262157],[-75.696604395384,4.7864524733101],[-75.6967173247837,4.78639041243706],[-75.6967919786745,4.78632103833714],[-75.6968612106497,4.78623523762584],[-75.6969158314002,4.78608175497904],[-75.6970051573056,4.78546921277053],[-75.6970252373947,4.78526187603057],[-75.6970179556878,4.78508479314284],[-75.6969706032893,4.78490405304168],[-75.6968777207541,4.78472512956284],[-75.6966992045378,4.78447041447729],[-75.6965642073903,4.78429468592912],[-75.6964293501846,4.78415392884844],[-75.6960135781009,4.78378789458854],[-75.6958879108059,4.78365097107252],[-75.6955341550609,4.78314623662522],[-75.6954703581197,4.78297914881222],[-75.6954430397058,4.7828404095346],[-75.6954412150966,4.78268522920916],[-75.6954648857144,4.78252457390205],[-75.6955198570129,4.78241097221014],[-75.6956582822515,4.78229961818667],[-75.6958024088954,4.78223920140081],[-75.6959863585323,4.78222094731001]]]},"properties":{"FID":108,"ID_BAR":423,"CODSUELO":"6600101","CODCOM":"17","COMUNA":"El Rocio","CODBAR":"011701","NOMBRE":"Caracol La Curva *4","NOM_POPULA":"Caracol La Curva *4","ACT_GEOGRA":1180656000000,"NORMA":"25","CREACION":674697600000,"ORIGEN_NOR":"Concejo Municipal","OBSERVACIO":"Ajustado a delimitacion de la Norma de creacion","COD_SISBEN":"17062","Shape_Area":76907.886695895577,"Shape__Area":77916.24951171875,"Shape__Length":2201.3032443405896,"GlobalID":"4966c747-22fd-4d36-abf8-9be460400064","CreationDate":1545839815055,"Creator":"sigper_arcgis","EditDate":1545839815055,"Editor":"sigper_arcgis"}},{"type":"Feature","id":109,"geometry":{"type":"Polygon","coordinates":[[[-75.7296420314583,4.80068560509837],[-75.7291231633372,4.80056615657305],[-75.7291040780252,4.80059390415582],[-75.7288348717329,4.8005498200664],[-75.7289062132642,4.8001381648056],[-75.7282850864991,4.80000412744412],[-75.728432135093,4.79932034980536],[-75.7284732992135,4.79920625146845],[-75.7287510573106,4.79786875592364],[-75.7287921509299,4.79789422483987],[-75.7288460976522,4.79790356816154],[-75.7289056425707,4.7978886250936],[-75.7289782169863,4.79781956557058],[-75.7291717126495,4.79771316770346],[-75.7292427721352,4.79765281483681],[-75.7293202056556,4.79759117360654],[-75.7293894347032,4.79753958194025],[-75.7294266195569,4.7975321100953],[-75.7294730658888,4.79753484797375],[-75.72905907096,4.79938714642765],[-75.7298784830917,4.79954917721262],[-75.7296420314583,4.80068560509837]]]},"properties":{"FID":109,"ID_BAR":301,"CODSUELO":"6600101","CODCOM":"15","COMUNA":"El Oso","CODBAR":"011510","NOMBRE":"La Acuarela","NOM_POPULA":"La Acuarela","ACT_GEOGRA":1168041600000,"NORMA":"Sin","CREACION":null,"ORIGEN_NOR":"Sin","OBSERVACIO":"Ajustado SPM","COD_SISBEN":"15245","Shape_Area":30183.649380642219,"Shape__Area":30581.47216796875,"Shape__Length":984.24728324912178,"GlobalID":"35871ee5-42e8-442d-b948-c4d4440d0b34","CreationDate":1545839815055,"Creator":"sigper_arcgis","EditDate":1545839815055,"Editor":"sigper_arcgis"}},{"type":"Feature","id":110,"geometry":{"type":"Polygon","coordinates":[[[-75.6656824687168,4.78236624656795],[-75.6657894057267,4.78254276353908],[-75.6659521660223,4.78273297686886],[-75.6660176175381,4.78279230881359],[-75.6661373689684,4.78286508806765],[-75.6662668395891,4.78291843975642],[-75.6663593413228,4.78293508559717],[-75.6664533230949,4.78293528828779],[-75.6665372343323,4.78292715310301],[-75.6666182957216,4.78290379352485],[-75.6666937237457,4.78286600298489],[-75.6667610187144,4.78281503475021],[-75.6668384226493,4.78273381302916],[-75.6669078339877,4.7826456309445],[-75.6669727059551,4.78252848327923],[-75.6670259925628,4.78240561090186],[-75.6671268517723,4.78228302541961],[-75.6671773078663,4.78231382489995],[-75.6672357241111,4.78232251090955],[-75.6673962588253,4.78231150303697],[-75.6675571432862,4.78231190566522],[-75.6677176052444,4.78232370003022],[-75.667951975046,4.7823641669519],[-75.6681829631001,4.78242081268161],[-75.6682839124496,4.78246916296365],[-75.6684087264291,4.78253204316508],[-75.6683857219606,4.78275929279966],[-75.668389728166,4.782859525963],[-75.6684183860162,4.78291419405834],[-75.6684584541348,4.7829610548806],[-75.6685733461137,4.78303245598891],[-75.6688483805845,4.78313983081176],[-75.6689290157731,4.78315834768353],[-75.6690083836919,4.78316066795999],[-75.6690869439924,4.7831494061509],[-75.6691624765282,4.78312484426836],[-75.6692121984929,4.78309736621808],[-75.6694353188011,4.7829273673686],[-75.6695133519083,4.78289448712484],[-75.6695948699346,4.78287169131604],[-75.6696786059885,4.78285935251228],[-75.6697423744562,4.78287550129673],[-75.6697993807175,4.78290835811895],[-75.669937083673,4.78305892258795],[-75.6699797587576,4.7830926612132],[-75.6700293358365,4.78311493819627],[-75.6700828573678,4.78312439140353],[-75.6701370496341,4.7831204753001],[-75.6702160688408,4.78309278706761],[-75.6703986909684,4.78296459129109],[-75.6704848557122,4.78296283278709],[-75.6705691906388,4.78294496511701],[-75.6706206169096,4.78295798039684],[-75.6706656409466,4.78300428719751],[-75.6706729289409,4.78333700630173],[-75.6706811274744,4.78341350185542],[-75.6707096432247,4.78348491326794],[-75.6707609427633,4.78354634663607],[-75.6708246031188,4.78359476468033],[-75.6708889696438,4.78362437209093],[-75.6709585833388,4.78363735872855],[-75.6710618895535,4.78371977942936],[-75.6711124181078,4.7837364397284],[-75.6711634109198,4.78373624522859],[-75.6712199937283,4.78371084683582],[-75.6712801757533,4.78365985172272],[-75.6715542088461,4.78353855129268],[-75.6716267113263,4.78354023611153],[-75.6717112167155,4.78358639430887],[-75.6717645249115,4.78363641829763],[-75.671797408328,4.78369389390925],[-75.6718328601735,4.78378356752126],[-75.6718918006717,4.78384861368651],[-75.6719771344393,4.78388409599577],[-75.6720684229475,4.78388210736915],[-75.672133285985,4.78386052917145],[-75.6721912842459,4.78382422007002],[-75.672247169793,4.78377749031943],[-75.6722823527248,4.78368972997179],[-75.6723438014737,4.78366405307126],[-75.6723933532276,4.78356624309696],[-75.6724583980625,4.78347802509004],[-75.6725371385915,4.78340183625577],[-75.6726075652622,4.78338031099609],[-75.6726811586399,4.78338132352596],[-75.6727704725556,4.78342005577209],[-75.6728633702829,4.7835459508137],[-75.6729236754839,4.78372053007245],[-75.6729355630015,4.78390123340052],[-75.6729332951046,4.78408232535507],[-75.6729436781662,4.78414474416399],[-75.6729916611039,4.78429002093042],[-75.6730542230757,4.7844295752219],[-75.6730772127137,4.78448086860305],[-75.6731167096677,4.78461761284451],[-75.6731477273108,4.78468639229921],[-75.6731692006009,4.78475875656906],[-75.6732082414677,4.78489246321938],[-75.6732243616831,4.78497727865471],[-75.6732302356301,4.78506341827764],[-75.6732521326053,4.78512864695377],[-75.6732959146379,4.78515487337326],[-75.6734437175574,4.78521027940584],[-75.6735884416205,4.78520092927109],[-75.6737334819245,4.78520311345529],[-75.6738778869542,4.78521677757508],[-75.6739342586259,4.78525613379336],[-75.6739751011844,4.78531150753513],[-75.6739961179778,4.7853770896917],[-75.674000123386,4.78549487945457],[-75.6740258192864,4.78560988134666],[-75.6740723622239,4.78571810141189],[-75.6741244011615,4.78578884323742],[-75.6741909132636,4.78584612740939],[-75.6743580965846,4.78591765405642],[-75.6744264757136,4.7859617801662],[-75.6744737618169,4.78601886850867],[-75.6745099199975,4.78608362106558],[-75.674533718201,4.78615390088073],[-75.6745391346086,4.78624307807127],[-75.6745255714436,4.78633138915845],[-75.6744784309141,4.78643507235857],[-75.6743778039148,4.78653444120841],[-75.6743079703759,4.78662205831842],[-75.6742479614573,4.78671405663741],[-75.6741983388112,4.78681209622848],[-75.674189884309,4.78686591248472],[-75.6741950564697,4.78692013638191],[-75.6742134683971,4.7869713760845],[-75.6742439947747,4.78701641724092],[-75.6743314908561,4.78710194500012],[-75.6744058251174,4.78710046655048],[-75.6744788220345,4.78708616610451],[-75.6745417136764,4.78705616259839],[-75.6747092649414,4.78693174446901],[-75.6748731156575,4.78683357193691],[-75.6749765738076,4.78678746383837],[-75.6750870378475,4.78676249743077],[-75.6753710956488,4.78678291863613],[-75.6754492308951,4.78680320170437],[-75.6755331751906,4.78683494630174],[-75.6756119778338,4.78687799529095],[-75.6756840894952,4.78693157074038],[-75.6761049197474,4.78734973926613],[-75.6761690376656,4.78740131847358],[-75.6762866421616,4.78747980018739],[-75.67649082243,4.78772251311905],[-75.6766187055155,4.78784940809503],[-75.6767892876971,4.78815584382906],[-75.6768412565458,4.78822715045855],[-75.676923788024,4.78831915975377],[-75.6770404007867,4.78847904709774],[-75.6770892681594,4.78858740841274],[-75.6771281651945,4.78877583262447],[-75.6771176904644,4.78899440306183],[-75.6771175320208,4.78924059761246],[-75.6771192107606,4.7894005651583],[-75.6771563950988,4.78964944793813],[-75.6772117258879,4.7897280660923],[-75.677460241987,4.78993895453482],[-75.6775183957295,4.78995224904458],[-75.6776019377643,4.78995207020789],[-75.6776632442191,4.78993593115511],[-75.6777350498701,4.78984200843729],[-75.677797559544,4.78974160280561],[-75.6778802478375,4.78961218357224],[-75.6779640192887,4.78960907696847],[-75.6780243021932,4.78963138814595],[-75.678078034053,4.78966675198094],[-75.6781375488788,4.78971934325041],[-75.6781557410639,4.78976713268998],[-75.6781866537766,4.78982047092961],[-75.6782509316818,4.78986269810024],[-75.678298197736,4.78990865125963],[-75.6782697631746,4.7899754629973],[-75.6781891996313,4.79004826128134],[-75.6781261555442,4.79012075819705],[-75.6780968982343,4.79020349648856],[-75.6780873924772,4.79028023531902],[-75.6780847522762,4.79033417750282],[-75.6780819965053,4.79039177176503],[-75.6780759399304,4.79051263020599],[-75.6780825466863,4.79058651632057],[-75.6780797602677,4.79064987105187],[-75.6780746498154,4.79071228896259],[-75.6780728903972,4.79078777256611],[-75.6780697904058,4.79088699528121],[-75.6780569258849,4.79097881924774],[-75.6780173346674,4.79105094194258],[-75.67796005901,4.79112514659285],[-75.6779002180907,4.79118497719813],[-75.6778393937903,4.79119971596862],[-75.6777593355846,4.79122025182406],[-75.6776588424247,4.79120661296009],[-75.6775925542333,4.79116690114738],[-75.6775386429631,4.79107707039003],[-75.6774895362684,4.79101273521027],[-75.6774351925297,4.7909702552754],[-75.6773373487528,4.79092966790617],[-75.6772780531801,4.79089643155616],[-75.6772257636021,4.79087724655016],[-75.6771620110972,4.7908735423155],[-75.6770850692379,4.79090025996361],[-75.6770488434785,4.79093935230358],[-75.6770155628855,4.79098856595419],[-75.6770081547355,4.79103971480775],[-75.6769921793733,4.79112835826191],[-75.6769326745732,4.79118329950519],[-75.6768765162262,4.79120838903238],[-75.676805767028,4.79122634382598],[-75.6767363526398,4.79120039584365],[-75.6766698662735,4.79118900886436],[-75.6765768840136,4.7911826871519],[-75.6765098782921,4.79112806981596],[-75.6764348306318,4.79104771160211],[-75.6763555494204,4.79106640102525],[-75.676277835005,4.79112508556409],[-75.6762466356662,4.79116741917714],[-75.6761992498192,4.79122635480691],[-75.6761670826625,4.79129078291756],[-75.676133199205,4.79134304548852],[-75.6760838310989,4.79139163213796],[-75.6760285492812,4.79143853870899],[-75.6759678249019,4.79143828313244],[-75.6759072185081,4.79139250046223],[-75.6758654233045,4.79135643950282],[-75.6758200564242,4.79130638033468],[-75.6757752431926,4.79126102962374],[-75.6757298181915,4.79122004144602],[-75.6756790914762,4.79118662094184],[-75.6755765487473,4.79120370852609],[-75.6755024408838,4.7912305013893],[-75.6754240385172,4.79125262331473],[-75.6753379051621,4.7912879093335],[-75.6752908235648,4.79132443079818],[-75.675261313662,4.79138985873121],[-75.675232078847,4.79145296023353],[-75.6752135169509,4.79150663462867],[-75.6751834574067,4.79158129978275],[-75.6751577306302,4.79163743744224],[-75.6751212606575,4.79173172151156],[-75.6751057442414,4.79180065958264],[-75.6750723965737,4.79190302400629],[-75.6750155077044,4.79193939874842],[-75.6749663202558,4.79196518221814],[-75.6749062803614,4.79203671843111],[-75.6748677537633,4.79209568113541],[-75.6748311852163,4.7921746288817],[-75.6748614841019,4.79223055874348],[-75.6749035565351,4.79227428114312],[-75.6748491394751,4.7923283719227],[-75.6747905127756,4.79234589750863],[-75.6747395569966,4.79234393152027],[-75.674690918975,4.79232388412002],[-75.6746389806988,4.79228667584098],[-75.6745376963159,4.79219352300564],[-75.6744675201291,4.79215538499989],[-75.6743527569688,4.79206616778031],[-75.6742909038099,4.79200518917926],[-75.6742515750294,4.79194801308897],[-75.6741621325337,4.79174249648261],[-75.674178777625,4.79165529019209],[-75.6741863188463,4.79158495985225],[-75.6741225972483,4.79139780460994],[-75.6740797906801,4.79134204524182],[-75.6740241503216,4.79129917098006],[-75.6739679878767,4.79127721234317],[-75.6738405532271,4.79126409711306],[-75.6737800291815,4.79122134118369],[-75.6737268888016,4.79113646597351],[-75.6736976668936,4.79089770502664],[-75.6736606838678,4.79083527768052],[-75.6735861129895,4.79078602542772],[-75.6735146275942,4.79075716372367],[-75.6734605418518,4.79074741020486],[-75.6734056100571,4.79074862452477],[-75.6732398722876,4.79076451521702],[-75.6730630902521,4.79081414261416],[-75.6729392448295,4.79083428507766],[-75.6728920232995,4.79085369265299],[-75.6727776388211,4.79090850352119],[-75.6727020076201,4.79094474462804],[-75.6726477795988,4.79095701488385],[-75.6725276682202,4.79095529087328],[-75.6724747789228,4.79095452856688],[-75.6723834963303,4.79091873098472],[-75.6723218229506,4.7908541509739],[-75.6722869175508,4.7907677627659],[-75.6722706998715,4.79071576362816],[-75.6722521541314,4.79062862434097],[-75.672196958898,4.79052410015057],[-75.6721440070173,4.79047943047388],[-75.6720973729711,4.79045873616135],[-75.6720541180545,4.79048582890688],[-75.6719280607722,4.79056663921938],[-75.6718822715559,4.79061058701179],[-75.6718416009392,4.79064442011936],[-75.6717423061592,4.79069946161445],[-75.6716728291279,4.79068583868542],[-75.6716244474986,4.79063393523609],[-75.6715729425186,4.79061637963096],[-75.6715425785516,4.7905651243554],[-75.6715280485129,4.79051107652633],[-75.6715226246419,4.79046021154755],[-75.6715117415274,4.79040534402508],[-75.6714879552342,4.79033600709405],[-75.6714573297503,4.79028352179328],[-75.6713881443034,4.79024101098381],[-75.6713292245064,4.79023007032172],[-75.6712595845104,4.79023140068744],[-75.6711996121154,4.79023767430725],[-75.6711381239645,4.79025143564409],[-75.6710569597492,4.79028275717562],[-75.6710022581564,4.79031688591628],[-75.6709430371071,4.79038190890907],[-75.6708822157733,4.79046225833339],[-75.6707832508593,4.79055607082339],[-75.6707370575718,4.79059575515882],[-75.6706576531229,4.79060776914288],[-75.6705627265333,4.79058776820912],[-75.6702575438829,4.79042483327167],[-75.6701815229392,4.79038726511572],[-75.6701191545201,4.79036436409823],[-75.6700541970924,4.79034672284886],[-75.6699723635657,4.79033340701809],[-75.6696685027966,4.79035745982065],[-75.6696079457724,4.79034733018002],[-75.6695543200167,4.79031060543675],[-75.6694975944024,4.79023107547826],[-75.6694597556413,4.79018058223876],[-75.6694253442207,4.79014233488304],[-75.6693649566842,4.79007845617234],[-75.6692463746217,4.79000730037243],[-75.6690760892484,4.78996671559512],[-75.6690223473554,4.7899339294677],[-75.6689623940382,4.78987631568957],[-75.6689187697161,4.78983423522136],[-75.6688562712555,4.78978466933905],[-75.6687280178918,4.78966290738546],[-75.6687088764066,4.78961477239803],[-75.6685179734553,4.78947726416401],[-75.668445015488,4.78944514718377],[-75.6683225839497,4.78938450812281],[-75.6681581017024,4.78945648021014],[-75.6681032296721,4.78946426206556],[-75.6680504595839,4.78948196460316],[-75.6679919982852,4.78951830111874],[-75.6679192418504,4.78960208534392],[-75.6678563589677,4.78972354294415],[-75.6677635699728,4.78982906765309],[-75.6676377441028,4.78991166572005],[-75.6675868773123,4.78991526196359],[-75.6675078618547,4.78988438990552],[-75.6674370514378,4.78986106084449],[-75.6673752564048,4.78981923122515],[-75.6673238861944,4.78976505591047],[-75.6672912506741,4.78969053596686],[-75.667247098936,4.78962225000086],[-75.6671925952819,4.78956196418267],[-75.6671393551287,4.78954563059157],[-75.6669758630246,4.78954468861034],[-75.6668320908784,4.78952634302509],[-75.6666998702697,4.78948893979491],[-75.6665846249794,4.7894212303751],[-75.666516709536,4.7893146673818],[-75.6664764048196,4.78914756124284],[-75.6664770135344,4.78903349782128],[-75.6665345957197,4.78893012551239],[-75.6665701681702,4.78884059917882],[-75.6665797254795,4.78867596898688],[-75.6665700562884,4.78851135608963],[-75.6665768278181,4.78844005714144],[-75.6665659501502,4.7883594247039],[-75.6665420101823,4.7883073011582],[-75.6665082798685,4.78826091701947],[-75.6664196212094,4.78818829932615],[-75.6663197280591,4.78813221221703],[-75.6661884215856,4.78810929257772],[-75.6660551420195,4.78810769138661],[-75.6659969022196,4.78809053651309],[-75.6659281173161,4.7880481499908],[-75.6659001823186,4.78798206353105],[-75.6658765239298,4.78793460266329],[-75.6658434980952,4.7878931993813],[-75.6658029365358,4.7878536320101],[-75.665754204709,4.78782474972927],[-75.6656572660527,4.78780409411467],[-75.6654481028164,4.78781523768249],[-75.6653502485153,4.78779901532618],[-75.6652728187434,4.78776675688219],[-75.6652037003931,4.78771915063552],[-75.6651458514004,4.78765824581139],[-75.6651226515271,4.78760299582571],[-75.66510839552,4.78754478008933],[-75.6651072824776,4.78739150614802],[-75.6651306891543,4.7871020946951],[-75.6651747921628,4.78692243764962],[-75.6651696909512,4.78686824929617],[-75.6651470899142,4.78680354978709],[-75.6650610428387,4.78666782501719],[-75.6648974976872,4.78647523839488],[-75.6647536643128,4.78636324634493],[-75.6646812349567,4.78633950154867],[-75.6646177117154,4.78633294363021],[-75.6644214721017,4.78633599818617],[-75.664225409517,4.786327007713],[-75.6640385380023,4.78630613186078],[-75.6639168459816,4.78628658572892],[-75.6637983587593,4.78625243431233],[-75.663684873119,4.78620418758514],[-75.663646952257,4.78616635140414],[-75.6636200539745,4.78611996776214],[-75.6636209755159,4.78606175356108],[-75.663605108231,4.78599701371939],[-75.6635596443307,4.78596239748861],[-75.6635093076382,4.78595421595914],[-75.6634363629393,4.78598665382599],[-75.6633158669757,4.78597276028498],[-75.6631946299671,4.78597700551447],[-75.663125684678,4.78597124085579],[-75.6630620228668,4.78594400006006],[-75.6630240316289,4.78590579305969],[-75.6629949153706,4.7858604155328],[-75.6629760460321,4.7858098817884],[-75.66301957473,4.78578323498255],[-75.6630295456533,4.78568603862299],[-75.6630184971105,4.78559620737191],[-75.6629683702924,4.78542265335273],[-75.6629335970917,4.78524535582551],[-75.6629343906517,4.78504322027534],[-75.6628373986774,4.78483815970701],[-75.6635421254153,4.78419051189784],[-75.664698684829,4.78320292232658],[-75.6656824687168,4.78236624656795]]]},"properties":{"FID":110,"ID_BAR":0,"CODSUELO":" ","CODCOM":" ","COMUNA":" ","CODBAR":" ","NOMBRE":"Remanso","NOM_POPULA":"Remanso","ACT_GEOGRA":null,"NORMA":" ","CREACION":null,"ORIGEN_NOR":" ","OBSERVACIO":" ","COD_SISBEN":" ","Shape_Area":972250.6986622659,"Shape__Area":984981.55615234375,"Shape__Length":5391.1031489778461,"GlobalID":"3174dd00-433d-4e80-b55e-0241effe83bc","CreationDate":1545839815055,"Creator":"sigper_arcgis","EditDate":1545839815055,"Editor":"sigper_arcgis"}},{"type":"Feature","id":111,"geometry":{"type":"Polygon","coordinates":[[[-75.6660462769493,4.80035401695553],[-75.6660022541493,4.80042105942208],[-75.6659676935576,4.80061096062286],[-75.6658406904417,4.80048779001472],[-75.6653966263036,4.79997589710829],[-75.6652503906735,4.79991523219473],[-75.6651270852463,4.79979562926138],[-75.665125715826,4.79974592810733],[-75.6650928993574,4.79972877486809],[-75.6650511744318,4.79969159151253],[-75.6650286760299,4.79966635044879],[-75.6650083956151,4.79963927245979],[-75.6649854096013,4.7995479030751],[-75.6649771072158,4.79945402736441],[-75.6649837007353,4.79936002879718],[-75.6649298689497,4.79926300503481],[-75.6649367408931,4.79919663158519],[-75.6649798161608,4.79909251554488],[-75.6649927105576,4.79901875956456],[-75.6650090896319,4.79897139048159],[-75.6659805154665,4.79897511591473],[-75.6662369360157,4.79898926902129],[-75.6662366862619,4.79902749014255],[-75.6662417897639,4.79905419590364],[-75.6662819628575,4.7991164059654],[-75.6663244965708,4.79916130775899],[-75.666400333312,4.79929842655836],[-75.6664091293198,4.79938680951649],[-75.6664042287638,4.79944993348054],[-75.6664142594185,4.79951505549301],[-75.666410096691,4.79959540101578],[-75.6663871299559,4.79968446955194],[-75.6663214464452,4.79980455032144],[-75.6661303625297,4.79999595673395],[-75.6661068348238,4.80006065134043],[-75.6661132768622,4.80007976327701],[-75.6660201952086,4.80022626375223],[-75.666014484908,4.80029572872396],[-75.6660254321041,4.8003375719583],[-75.6660462769493,4.80035401695553]]]},"properties":{"FID":111,"ID_BAR":302,"CODSUELO":"6600101","CODCOM":"01","COMUNA":"Villa Santana","CODBAR":"010103","NOMBRE":"Comfamiliar Villasantana","NOM_POPULA":"Comfamiliar Villasantana","ACT_GEOGRA":1168041600000,"NORMA":"Sin","CREACION":null,"ORIGEN_NOR":"Sin","OBSERVACIO":"Ajustado SPM","COD_SISBEN":"01002","Shape_Area":18816.049360456778,"Shape__Area":19063.0498046875,"Shape__Length":574.65514076602415,"GlobalID":"eb156d94-b47b-4d32-a2c9-b8fe7444ad7d","CreationDate":1545839815055,"Creator":"sigper_arcgis","EditDate":1545839815055,"Editor":"sigper_arcgis"}},{"type":"Feature","id":112,"geometry":{"type":"Polygon","coordinates":[[[-75.7393676094857,4.7907860821078],[-75.7394285086716,4.79068102821909],[-75.7394642937348,4.79060304882347],[-75.7395842092155,4.79044309916268],[-75.7397082247391,4.79024114575004],[-75.7398629918672,4.79007948860876],[-75.7399078877832,4.79001365406899],[-75.7406977849707,4.78928572924219],[-75.7407798037853,4.78937906849223],[-75.7411386720788,4.78975440856655],[-75.7414348627926,4.79010305209869],[-75.741451669247,4.79023674599552],[-75.7412354861817,4.79041433609785],[-75.7412278320783,4.79051886415823],[-75.7411888205483,4.79070514854395],[-75.7411699501479,4.79089455965855],[-75.7414055221179,4.79083702808136],[-75.7417492663126,4.79070601944674],[-75.7418817714252,4.7906759379656],[-75.7421507615506,4.79066674739546],[-75.7422449211354,4.79069210851425],[-75.7423408935829,4.79070418796498],[-75.7424009853468,4.79074707016992],[-75.7424542992257,4.79083545144882],[-75.7424902171512,4.79087324720389],[-75.7426292386577,4.79093015182689],[-75.7426745576388,4.7909597353456],[-75.7427086449932,4.79100184170663],[-75.7426581059415,4.79100865097883],[-75.7425576891539,4.79105626264752],[-75.7424722984695,4.7910609453038],[-75.7423825418306,4.79110259467182],[-75.7423014830747,4.79115936337373],[-75.74225553171,4.79121602524166],[-75.7422098626403,4.79130553856908],[-75.7420520093641,4.79154451292347],[-75.7419674657332,4.7916411276273],[-75.7418087456866,4.79178569168328],[-75.7417155227127,4.79187060166277],[-75.741839360235,4.79191157164534],[-75.7422746206661,4.79168423935493],[-75.7422706458571,4.79180679889869],[-75.7422682673228,4.79188013877934],[-75.7412448855591,4.79222472493965],[-75.7411621175468,4.79197511349577],[-75.7405223970695,4.79197596582179],[-75.7404866306114,4.79211952709208],[-75.7399499871778,4.79210760017332],[-75.7396160738274,4.79207173284928],[-75.7393417716785,4.79179659667717],[-75.7390823727248,4.79152632692985],[-75.7393239212454,4.79090233211609],[-75.7393471196009,4.7908769290136],[-75.7393676094857,4.7907860821078]]]},"properties":{"FID":112,"ID_BAR":0,"CODSUELO":" ","CODCOM":" ","COMUNA":" ","CODBAR":" ","NOMBRE":"Puerta de Alcala","NOM_POPULA":" ","ACT_GEOGRA":null,"NORMA":" ","CREACION":null,"ORIGEN_NOR":" ","OBSERVACIO":" ","COD_SISBEN":" ","Shape_Area":69276.258002747069,"Shape__Area":70188.31298828125,"Shape__Length":1390.7584262764522,"GlobalID":"8a5d03ac-26d3-4612-96e4-95a9b66c28e0","CreationDate":1545839815055,"Creator":"sigper_arcgis","EditDate":1545839815055,"Editor":"sigper_arcgis"}},{"type":"Feature","id":113,"geometry":{"type":"Polygon","coordinates":[[[-75.6941226483574,4.80054383140663],[-75.6938684442114,4.80054263524375],[-75.6938870430039,4.80041341905254],[-75.6938777497331,4.80034416489132],[-75.6938498328262,4.80020267057818],[-75.6938431815209,4.8001107736609],[-75.6938392082627,4.7999948734734],[-75.6938395650025,4.79989877249557],[-75.693819430672,4.79973140394958],[-75.6936366883121,4.79944289919894],[-75.6935556691147,4.79930875016306],[-75.6934852647361,4.79885722815734],[-75.6934471904906,4.79831453468632],[-75.6936729113889,4.79748316409829],[-75.6937453995222,4.79708762081797],[-75.6920046148132,4.79688235088357],[-75.6922433901973,4.79486541761249],[-75.6924205763132,4.79498840950999],[-75.6931678438498,4.79544494585252],[-75.6935235234223,4.7948727584532],[-75.6935821115458,4.79499895785688],[-75.6938155410396,4.79568121116679],[-75.6938247644889,4.79572877534675],[-75.6940278444935,4.79632259146378],[-75.6940621391722,4.79638577136584],[-75.6941707460697,4.79692258689391],[-75.6942391810263,4.79732802760239],[-75.6942646633167,4.79757503612283],[-75.6942178993921,4.79834588688991],[-75.6946384423827,4.79849923314308],[-75.6946102658218,4.79862988010116],[-75.6942972023582,4.79977178517719],[-75.6941566076071,4.80025464767786],[-75.6941202903241,4.80051366409391],[-75.6941226483574,4.80054383140663]]]},"properties":{"FID":113,"ID_BAR":303,"CODSUELO":"6600101","CODCOM":"06","COMUNA":"Universidad","CODBAR":"010604","NOMBRE":"Ciudad Jardin","NOM_POPULA":"Ciudad Jardin","ACT_GEOGRA":1168041600000,"NORMA":"Sin","CREACION":null,"ORIGEN_NOR":"Sin","OBSERVACIO":"Ajustado SPM","COD_SISBEN":"06247","Shape_Area":70818.202373668173,"Shape__Area":71749.0224609375,"Shape__Length":1733.4364226609366,"GlobalID":"fcd3b8c4-7d67-4639-8b60-0c92a47ac5ae","CreationDate":1545839815055,"Creator":"sigper_arcgis","EditDate":1545839815055,"Editor":"sigper_arcgis"}},{"type":"Feature","id":114,"geometry":{"type":"Polygon","coordinates":[[[-75.7448748052249,4.79465311209419],[-75.744894821764,4.79475966967723],[-75.7448971128897,4.79483299729115],[-75.7448847436297,4.79492468856958],[-75.7448717922082,4.795008928326],[-75.7448613772745,4.79507245642075],[-75.7448475213059,4.7951216872745],[-75.7448172760117,4.79516532164463],[-75.7447868485871,4.7952619925238],[-75.7447456716813,4.79533209822731],[-75.7447013962694,4.79544968922152],[-75.7445798925633,4.7953935466805],[-75.7444949614297,4.79550158825532],[-75.7441883316718,4.79581668044507],[-75.7440930865474,4.79592448753984],[-75.7437773792381,4.79643241096499],[-75.7437356905042,4.79652328549586],[-75.7437029538899,4.79659165187777],[-75.7435248050481,4.79683059393589],[-75.7433860661028,4.79678954334719],[-75.7433573675347,4.79684363339846],[-75.743232117315,4.79697091032682],[-75.7432462984598,4.79705645964376],[-75.7432688502317,4.79719250093935],[-75.7432363832634,4.79724123246782],[-75.7431570519022,4.79735059919813],[-75.7430651889159,4.79730465060387],[-75.7429358401131,4.79721788083244],[-75.7428715409747,4.79718290174277],[-75.7428239320327,4.79715916474203],[-75.7426170533499,4.7970862247068],[-75.7425360275293,4.79707551137741],[-75.7424622916484,4.79704157608275],[-75.7423829544904,4.79699293791462],[-75.7421986120627,4.79688310005124],[-75.7420252568196,4.7968346911579],[-75.7419635632556,4.79684001476549],[-75.7419009376802,4.79686211503279],[-75.7418352833278,4.79687206329514],[-75.7416928105217,4.79685854281366],[-75.7415263576303,4.79681712847346],[-75.7412776457551,4.79673000017902],[-75.7412309180394,4.79670732799181],[-75.7411489989741,4.79664530364342],[-75.7410852386156,4.79658500270824],[-75.740983328947,4.79644607318372],[-75.740861954615,4.79631338517262],[-75.7408024158003,4.79624601368493],[-75.740746424509,4.79617567658384],[-75.7406368249466,4.79603304793983],[-75.740523858651,4.79591490644135],[-75.7403234237326,4.7958126462166],[-75.7401433773764,4.79567816895603],[-75.7400556255381,4.79564784487928],[-75.739956606888,4.79563555374131],[-75.7398867646604,4.79559137652577],[-75.7397571224664,4.7954872297151],[-75.7400221454648,4.79542611882636],[-75.7401883442966,4.79527915362329],[-75.7402266950025,4.79522824957713],[-75.7402746762129,4.79520595351759],[-75.7403249019484,4.79518292413318],[-75.7403746742913,4.79516318102455],[-75.7404306781696,4.79514776248237],[-75.7404844265154,4.79513595486274],[-75.7405548371829,4.79512233013866],[-75.7409130927819,4.79513384196551],[-75.7410844729523,4.79514468969792],[-75.741420768094,4.79511305895522],[-75.7415781840565,4.79512022593768],[-75.7417284469801,4.79514464557931],[-75.7419913141325,4.79513366439201],[-75.742129423247,4.79507698750541],[-75.7422475640034,4.79500562484174],[-75.7426725048075,4.7946981428887],[-75.7427013885992,4.79468048640587],[-75.7414492187771,4.79361482254259],[-75.7435957855972,4.79349982293718],[-75.7436100815853,4.79329883954864],[-75.7448545343363,4.79330741148405],[-75.7448287554562,4.794601457214],[-75.7448748052249,4.79465311209419]]]},"properties":{"FID":114,"ID_BAR":0,"CODSUELO":" ","CODCOM":" ","COMUNA":" ","CODBAR":" ","NOMBRE":"Altavista","NOM_POPULA":" ","ACT_GEOGRA":null,"NORMA":" ","CREACION":null,"ORIGEN_NOR":" ","OBSERVACIO":" ","COD_SISBEN":" ","Shape_Area":134761.79805729463,"Shape__Area":136537.908203125,"Shape__Length":1939.0134051836537,"GlobalID":"9548db1f-62bf-4079-b07b-c8ddc57e2959","CreationDate":1545839815055,"Creator":"sigper_arcgis","EditDate":1545839815055,"Editor":"sigper_arcgis"}},{"type":"Feature","id":115,"geometry":{"type":"Polygon","coordinates":[[[-75.714593061347,4.79984899991108],[-75.71450539857,4.79976622429927],[-75.7149282910783,4.79910023741346],[-75.7149943261427,4.79914412109526],[-75.7155965824515,4.79970637438715],[-75.7162047749965,4.79941923715381],[-75.7169143583138,4.79986185340181],[-75.7158470539735,4.80081894737598],[-75.7147856548169,4.79997557244207],[-75.714593061347,4.79984899991108]]]},"properties":{"FID":115,"ID_BAR":305,"CODSUELO":"6600101","CODCOM":"19","COMUNA":"El Poblado","CODBAR":"011908","NOMBRE":"Portal de San Jacinto","NOM_POPULA":"Portal de San Jacinto","ACT_GEOGRA":1180656000000,"NORMA":"35","CREACION":897091200000,"ORIGEN_NOR":"Concejo Municipal","OBSERVACIO":"Ajustado a delimitacion de la Norma de creacion","COD_SISBEN":"19319","Shape_Area":23516.50055167155,"Shape__Area":23826.2275390625,"Shape__Length":706.93439082097416,"GlobalID":"acae3119-5b89-4a63-b180-9e9a0cefb542","CreationDate":1545839815055,"Creator":"sigper_arcgis","EditDate":1545839815055,"Editor":"sigper_arcgis"}},{"type":"Feature","id":116,"geometry":{"type":"Polygon","coordinates":[[[-75.7409973920999,4.8004697883261],[-75.7407664272799,4.80043747135635],[-75.7406803290496,4.80033653327432],[-75.7404509801114,4.80006634001094],[-75.7403900518388,4.79962151641408],[-75.7403967049385,4.79948940267212],[-75.7404087791217,4.79929324498465],[-75.7404140943984,4.79921457763812],[-75.7402670787837,4.79919614058784],[-75.7402447889602,4.7991763241899],[-75.7401481640623,4.79917388828146],[-75.7401486213748,4.7991593346931],[-75.7400250581862,4.799155151775],[-75.7400325561493,4.79901219278046],[-75.7401669995852,4.79902241624831],[-75.7402055228113,4.79902469401817],[-75.7403717530056,4.79842277821415],[-75.7403933708623,4.79830535855815],[-75.7405515815659,4.79818325577046],[-75.7406149643998,4.79813424233864],[-75.7407756052229,4.79806837596588],[-75.7409967498548,4.79838412034619],[-75.7412153148844,4.79821319776599],[-75.7412589076615,4.79817131925553],[-75.7413572966928,4.79834723342714],[-75.74141219526,4.79841929425585],[-75.7414781163678,4.798487274927],[-75.741557522814,4.79855082224928],[-75.7416834121234,4.79862538973445],[-75.7419357861738,4.79870332822301],[-75.742098860475,4.79877787709429],[-75.7421297775493,4.79880331008149],[-75.7422726757657,4.79891717508671],[-75.7423707109081,4.79899529339646],[-75.7425079402001,4.79914923521374],[-75.7425254764578,4.79916892744233],[-75.7425827011014,4.79928650417629],[-75.7426101337452,4.79936824437764],[-75.7426360529042,4.79947891613322],[-75.7426497890995,4.79958792770898],[-75.7426828928117,4.79974492682226],[-75.7426106354619,4.79974349810763],[-75.7422118749322,4.79949464518223],[-75.7420763753195,4.7994977214825],[-75.7417254067873,4.79958047687267],[-75.7414039829588,4.7996973549494],[-75.741299154393,4.7997717158289],[-75.7412940490631,4.79979856279693],[-75.7411615108469,4.79999475770933],[-75.7410069665198,4.80030544052919],[-75.7410045040535,4.80041397554323],[-75.7409973920999,4.8004697883261]]]},"properties":{"FID":116,"ID_BAR":304,"CODSUELO":"6600101","CODCOM":"13","COMUNA":"San Joaquin","CODBAR":"011321","NOMBRE":"Laureles II","NOM_POPULA":"Laureles II","ACT_GEOGRA":1180656000000,"NORMA":"Sin","CREACION":null,"ORIGEN_NOR":"Sin","OBSERVACIO":"Ajustado SPM, Visita de campo","COD_SISBEN":"13118","Shape_Area":37370.43737831006,"Shape__Area":37863.3466796875,"Shape__Length":978.30336906151763,"GlobalID":"256c101c-6210-42d4-9a11-3882a1e20c0f","CreationDate":1545839815055,"Creator":"sigper_arcgis","EditDate":1545839815055,"Editor":"sigper_arcgis"}},{"type":"Feature","id":117,"geometry":{"type":"Polygon","coordinates":[[[-75.7161453867478,4.79373507521003],[-75.7164239878274,4.79484463965179],[-75.7156251567205,4.79502057560795],[-75.7153133751318,4.79372080484745],[-75.716119595806,4.79373475948858],[-75.7161442914467,4.79373518692325],[-75.7161453867478,4.79373507521003]]]},"properties":{"FID":117,"ID_BAR":368,"CODSUELO":"6600101","CODCOM":"10","COMUNA":"Consota","CODBAR":"011013","NOMBRE":"Mirador de Naranjito","NOM_POPULA":"Mirador de Naranjito","ACT_GEOGRA":1168041600000,"NORMA":"Sin","CREACION":null,"ORIGEN_NOR":"Sin","OBSERVACIO":"Ajustado SPM","COD_SISBEN":"10189","Shape_Area":12349.17981600346,"Shape__Area":12511.6259765625,"Shape__Length":460.7644842820979,"GlobalID":"6358967e-5d22-4299-91da-6952fef5d123","CreationDate":1545839815055,"Creator":"sigper_arcgis","EditDate":1545839815055,"Editor":"sigper_arcgis"}},{"type":"Feature","id":118,"geometry":{"type":"Polygon","coordinates":[[[-75.7149282910783,4.79910023741346],[-75.71450539857,4.79976622429927],[-75.714593061347,4.79984899991108],[-75.7145943817921,4.80038271795438],[-75.7145405054863,4.80039027580085],[-75.7144848329985,4.80039378984701],[-75.7144376116664,4.8003933827201],[-75.7143731362969,4.80038778260302],[-75.7143289791077,4.80038054062955],[-75.7143023227195,4.80036450283741],[-75.7142791880933,4.80034399611965],[-75.7142645400933,4.80032666872905],[-75.714254821609,4.80031209769583],[-75.7142369687366,4.80030031658857],[-75.7142110514326,4.80028786393214],[-75.7141859096785,4.8002801455355],[-75.7141628445898,4.80027636481633],[-75.7140928051461,4.80029031723979],[-75.7140795298968,4.80029240077248],[-75.7140616767329,4.8002934779888],[-75.7140390349819,4.80029208209576],[-75.7140181884552,4.80028794870424],[-75.714003680964,4.80028337414447],[-75.7139626568743,4.80029494178187],[-75.7139136750855,4.80030382565824],[-75.7138628270602,4.80030763949585],[-75.7138146559348,4.80030629654421],[-75.713728066321,4.80029371900421],[-75.7137014453754,4.80027935918409],[-75.7136643668264,4.8002509575264],[-75.7136421478828,4.80022317410425],[-75.7136240484448,4.80019079910091],[-75.7136103864223,4.80015121773094],[-75.7136044007013,4.80011034625279],[-75.7136056347503,4.80007253133802],[-75.713584013498,4.80005145988546],[-75.7135622876167,4.80001954412505],[-75.7135490486966,4.79998655052081],[-75.7135257027739,4.79995447512139],[-75.7134849966795,4.79991529986074],[-75.7134490795944,4.79989154282516],[-75.713416825068,4.79987637074989],[-75.7133873865534,4.79987448029846],[-75.713355764649,4.79987928359886],[-75.7133317138875,4.79988809703555],[-75.7132479768651,4.7998840331822],[-75.7132099463769,4.79989888575651],[-75.7131427939472,4.79995300182275],[-75.7130457792102,4.80007382779001],[-75.7129340110087,4.80010250863468],[-75.7128560126358,4.80016248834628],[-75.7128040373941,4.80018073303059],[-75.7127801277871,4.80019832415869],[-75.7127528368168,4.80022501051103],[-75.7127312499852,4.80025374690545],[-75.7126844516837,4.80026678103574],[-75.7125937426059,4.80027195430128],[-75.7125065192738,4.8002703803609],[-75.7124262327785,4.80026322511375],[-75.7123491166342,4.80025112471223],[-75.7122113608593,4.80028503399391],[-75.7121177998651,4.80028503212474],[-75.7120115966743,4.80025971954359],[-75.7119356079872,4.80021315983564],[-75.7117497201153,4.80005982964761],[-75.7116759846149,4.80002770037062],[-75.7116368629977,4.80000572776679],[-75.7115947825998,4.80001916723832],[-75.7115438285536,4.80003915958627],[-75.7114924877305,4.80006376271839],[-75.7114506536361,4.80008748172943],[-75.7113977628169,4.80009120721791],[-75.7113409993998,4.80009998401719],[-75.7112965953263,4.80011043906392],[-75.7112658533623,4.80011958798541],[-75.7112070830455,4.80011020741692],[-75.7111550029089,4.80008786349597],[-75.7110851405518,4.80005269617039],[-75.7110065457607,4.80000520089662],[-75.7109584454853,4.79997146485619],[-75.710938656049,4.7999383830836],[-75.7109092891308,4.79989917165425],[-75.7108796404863,4.79986748497715],[-75.7108514004071,4.79984259867637],[-75.7107831214936,4.79983551431125],[-75.710715513345,4.7997975028115],[-75.7106677305443,4.79973331716601],[-75.7106270605998,4.79966974967117],[-75.7105916375826,4.799605210886],[-75.7105599117485,4.79953682192248],[-75.7104606126836,4.79947040947575],[-75.710446386433,4.79946447391519],[-75.7104297655472,4.79945997009399],[-75.7104082503199,4.79945769128136],[-75.7103894112526,4.79945878541633],[-75.7103636353493,4.79946546172728],[-75.7103267319054,4.79947234899167],[-75.7102891945504,4.79947625161777],[-75.7102487345186,4.79947702760494],[-75.7101345013212,4.79951854869797],[-75.7101014008346,4.79952186804899],[-75.7100550605179,4.79951854683929],[-75.7100154816826,4.79950492848138],[-75.7099661125948,4.79949247481049],[-75.7099203001546,4.79948519671827],[-75.7098796290131,4.79948201704068],[-75.7097620885592,4.79944879089939],[-75.7097306433069,4.79943052754481],[-75.7097116644282,4.79940860788062],[-75.7096814163009,4.79938022427453],[-75.7096553241162,4.79936063636393],[-75.7096318723033,4.79934609924808],[-75.709437603261,4.79926560742623],[-75.7094129540818,4.79925317253351],[-75.7093861576773,4.79923649876583],[-75.7093645019152,4.79922017793679],[-75.7093462261658,4.79920405192502],[-75.7092661175812,4.79917421861336],[-75.7090130416676,4.7991200242437],[-75.7089040220032,4.79907468181449],[-75.7088203929188,4.79900618513541],[-75.7086746853997,4.7988261145161],[-75.7086676782534,4.79880592659399],[-75.7086599316846,4.79879002961738],[-75.7086507774342,4.79877549402895],[-75.7086353896151,4.79875687681206],[-75.7086039467417,4.79865786189686],[-75.7086033134596,4.79861838619916],[-75.7085615172532,4.79857970488257],[-75.7085508828153,4.79855859840454],[-75.7085389110095,4.79854065251448],[-75.7085232060297,4.79852246046857],[-75.7085080654493,4.79850866594818],[-75.7084917268752,4.79849683171692],[-75.7084747189592,4.79848713422063],[-75.7084557741924,4.7984843081375],[-75.7084400694665,4.79847955659778],[-75.7084236955511,4.79847189086763],[-75.7084040822225,4.79845814885078],[-75.7083160141747,4.79844380485522],[-75.7083033021694,4.79844546450701],[-75.708291047621,4.7984495614899],[-75.7082788638647,4.79845657327042],[-75.7082696023838,4.79846464503401],[-75.7082618911909,4.79847441138375],[-75.7082441430842,4.79847255683652],[-75.7082302691245,4.79847301538633],[-75.7082108664256,4.79847658272104],[-75.7081947037096,4.79848232265707],[-75.7081809351889,4.79848956359725],[-75.7081489983798,4.79842136854981],[-75.7080997714236,4.79838153863165],[-75.7080807567611,4.79836947482087],[-75.7080558268467,4.79835730512231],[-75.7080370225585,4.79835046894714],[-75.7080089233843,4.79834359785206],[-75.707976175204,4.79834020615645],[-75.7078924370964,4.79835949059155],[-75.7078676823039,4.79838153227849],[-75.7077605617001,4.79842974818155],[-75.7077193624914,4.79843112464915],[-75.7076931296804,4.79841070558555],[-75.7076580229413,4.79837619266553],[-75.7076300999085,4.79834019615027],[-75.7075400291814,4.79818137463036],[-75.707447137683,4.79815002111498],[-75.7073746000407,4.79810812382984],[-75.7073166744899,4.79809556423962],[-75.7069403512835,4.79811469973309],[-75.7068694664966,4.79812564829625],[-75.7068168231539,4.79810798416109],[-75.7067684413559,4.79807687994523],[-75.7067447440878,4.79805398885332],[-75.7069462757688,4.79781698474205],[-75.7069939555111,4.79777355410472],[-75.7070476211969,4.79773137854541],[-75.7071283312377,4.79767728132233],[-75.7072227390531,4.79762609820642],[-75.707320562423,4.79758484206052],[-75.707419688611,4.79755322929341],[-75.7078354875323,4.79746540611113],[-75.707905421192,4.79742838815226],[-75.7091496731072,4.79482611228217],[-75.7095069288679,4.7940506943608],[-75.7095166810864,4.79410212722054],[-75.7095627731392,4.79418611174546],[-75.709592562176,4.79423498467354],[-75.709639393619,4.79428751334658],[-75.7096795000892,4.79431934207719],[-75.7097356290038,4.79434657866547],[-75.7097859481918,4.79436145158098],[-75.7099702171577,4.79438992736359],[-75.7099845839548,4.79439492658899],[-75.7099982105073,4.79440328107153],[-75.710011661744,4.79441686332628],[-75.7100195842054,4.79442996892885],[-75.710024831068,4.79444531754935],[-75.7100265555966,4.79446135523848],[-75.7100257101952,4.79447227085865],[-75.71002940472,4.79461699502096],[-75.7100412347523,4.79465910224502],[-75.7100805309185,4.79471050112807],[-75.710129898486,4.79474893529282],[-75.7102089510989,4.79480247136366],[-75.7102760654062,4.79484115349239],[-75.7102905375743,4.7948770081678],[-75.710274478762,4.79493296206506],[-75.710275428198,4.79499117667807],[-75.7102961680174,4.79503164189894],[-75.7103933898273,4.79509325042969],[-75.7105735732626,4.79513566201124],[-75.7106516039836,4.79518467665893],[-75.7107675577374,4.79531672286372],[-75.7108041769835,4.7953941900988],[-75.7108525932309,4.79547284173824],[-75.7109006221524,4.79553508498662],[-75.7109350599819,4.79557293597244],[-75.7110177025032,4.79565353018098],[-75.71111115664,4.79573188227038],[-75.7111778486612,4.79578087962826],[-75.7113115510395,4.79585384541806],[-75.7113728566083,4.79587248029081],[-75.7114463107009,4.79589046232287],[-75.7115232503778,4.79590448796006],[-75.711565857838,4.79592045553837],[-75.7116920597361,4.79600380647445],[-75.7117191381555,4.79600507928482],[-75.7117442102292,4.79600241274813],[-75.7117653031329,4.79599722047162],[-75.7117917838045,4.79598637599234],[-75.7118028402404,4.79598609433954],[-75.7118160801162,4.79598816035276],[-75.7118281933675,4.79599255927674],[-75.7118392154621,4.79599912935733],[-75.7118924204128,4.79608207303247],[-75.7119169983476,4.79610540510589],[-75.7119547103662,4.79614821952231],[-75.7119781968021,4.79618070112127],[-75.7119975989691,4.79621229943248],[-75.7120116836742,4.79623911101027],[-75.7120403796742,4.7963592679538],[-75.7121087622624,4.79642878788391],[-75.7121245014747,4.79646245276482],[-75.7121845029332,4.7965210928573],[-75.7123635254362,4.79654847373821],[-75.7125085669391,4.79662101543581],[-75.7127883684384,4.79668570081974],[-75.7130419720035,4.79675457104765],[-75.7131811686277,4.79679662809209],[-75.7133093777935,4.79686505423553],[-75.7133581824568,4.79689532806978],[-75.713406917186,4.79693132531254],[-75.7134564962043,4.79697511083613],[-75.713520336359,4.79700589746076],[-75.7137148182228,4.79702241509469],[-75.7139104269762,4.79700150718327],[-75.7139856432214,4.79697086447168],[-75.7140960736314,4.79685263519437],[-75.7141077999278,4.79684904963183],[-75.714121426837,4.79684774245817],[-75.7141350894887,4.79684931476076],[-75.71414692082,4.79685320139573],[-75.714157449672,4.79685903004572],[-75.7142735116851,4.79689931938875],[-75.7143360488317,4.7969446070492],[-75.7143585144388,4.79697841281143],[-75.7143757685059,4.79701944239368],[-75.7143822112043,4.79704577763097],[-75.7143855919335,4.79707423127795],[-75.7143843586982,4.79709941751109],[-75.7143767171737,4.79713453009844],[-75.7143598138036,4.7971720271658],[-75.7143373470676,4.79720238829253],[-75.7143079086551,4.79722956950973],[-75.7142729065164,4.79725343078717],[-75.7142284672658,4.79727398879995],[-75.7141640603169,4.79739893035308],[-75.7141427197552,4.79747531990031],[-75.714149830674,4.79758182326906],[-75.7141705698148,4.79764321815902],[-75.7141707802815,4.79767022351183],[-75.7141769777451,4.79770750904041],[-75.7141864490222,4.79773537998199],[-75.7142067315632,4.79777482086999],[-75.7142330348321,4.79780073108321],[-75.7142624378501,4.79781684033066],[-75.7144787521737,4.79779898776838],[-75.7145727357658,4.7978116178594],[-75.7146080539487,4.79783652176783],[-75.7146293582131,4.79786564764898],[-75.7146414003647,4.79788820247184],[-75.7146521043291,4.79791616175859],[-75.7146584776454,4.79794249685947],[-75.714654426797,4.79801561844458],[-75.7146396719997,4.79804032746933],[-75.7146307980689,4.79806249428654],[-75.7146244242665,4.79809001175403],[-75.714622697656,4.79811677005445],[-75.7145717416498,4.7982804807376],[-75.7145756849661,4.79833334400911],[-75.7145869162736,4.79839984318228],[-75.7145999792228,4.79844933265847],[-75.7146129022507,4.79848713065519],[-75.7146365248226,4.79877633342213],[-75.7146661919618,4.79892605901007],[-75.7149282910783,4.79910023741346]]]},"properties":{"FID":118,"ID_BAR":305,"CODSUELO":"6600101","CODCOM":"19","COMUNA":"El Poblado","CODBAR":"011908","NOMBRE":"Samaria I","NOM_POPULA":"Samaria I","ACT_GEOGRA":1180656000000,"NORMA":"35","CREACION":897091200000,"ORIGEN_NOR":"Concejo Municipal","OBSERVACIO":"Ajustado a delimitacion de la Norma de creacion","COD_SISBEN":"19319","Shape_Area":312130.01052272285,"Shape__Area":316237.8662109375,"Shape__Length":2792.6582391255251,"GlobalID":"bc49293a-df3c-4be2-a815-864de5e01a5a","CreationDate":1545839815055,"Creator":"sigper_arcgis","EditDate":1545839815055,"Editor":"sigper_arcgis"}},{"type":"Feature","id":119,"geometry":{"type":"Polygon","coordinates":[[[-75.7164239878274,4.79484463965179],[-75.7161453867478,4.79373507521003],[-75.716217182197,4.7937277525617],[-75.7165470589013,4.79358903816303],[-75.7166464657104,4.79353322644801],[-75.7167687601963,4.79348741210451],[-75.716954086263,4.79346016229733],[-75.7170615560048,4.79347132615135],[-75.7171715260289,4.79350599853825],[-75.717253360175,4.79354460991458],[-75.7173299470316,4.79360035349421],[-75.7176322123752,4.79379907564168],[-75.7176607695955,4.79381541356889],[-75.7179495050001,4.79467797314269],[-75.7172472482964,4.79497223496419],[-75.7174833475148,4.79522413758916],[-75.7175765201667,4.79528763483245],[-75.7176952225582,4.79535083211746],[-75.7178245234813,4.7954293081915],[-75.7178997380897,4.79548001708464],[-75.7180015033573,4.79552138389522],[-75.7183954664489,4.79550277232883],[-75.7183532800493,4.79559869615226],[-75.7183355326087,4.79566667820243],[-75.7183033812931,4.79575198670161],[-75.718267287788,4.79582288216464],[-75.7182433770906,4.79586166819464],[-75.7181305527932,4.79599545871545],[-75.7180525549519,4.7960606140908],[-75.7179882910858,4.79610814243876],[-75.7179241678085,4.79615065446636],[-75.7178760303404,4.79619936666538],[-75.7177232771243,4.79611829443776],[-75.717675775877,4.79607728241552],[-75.7176305983002,4.79601512831046],[-75.7176181035156,4.79598864789623],[-75.7176099192381,4.7959950683611],[-75.7164239878274,4.79484463965179]]]},"properties":{"FID":119,"ID_BAR":368,"CODSUELO":"6600101","CODCOM":"10","COMUNA":"Consota","CODBAR":"011013","NOMBRE":"Miraflores *4","NOM_POPULA":"Miraflores *4","ACT_GEOGRA":1168041600000,"NORMA":"Sin","CREACION":null,"ORIGEN_NOR":"Sin","OBSERVACIO":"Ajustado SPM","COD_SISBEN":"10189","Shape_Area":35458.715709062657,"Shape__Area":35925.22412109375,"Shape__Length":971.94765918370467,"GlobalID":"193a9a62-e887-4610-8bba-5c1efa57b50c","CreationDate":1545839815055,"Creator":"sigper_arcgis","EditDate":1545839815055,"Editor":"sigper_arcgis"}},{"type":"Feature","id":120,"geometry":{"type":"Polygon","coordinates":[[[-75.6660890230758,4.80038985718751],[-75.6660462769493,4.80035401695553],[-75.6660254321041,4.8003375719583],[-75.666014484908,4.80029572872396],[-75.6660201952086,4.80022626375223],[-75.6661132768622,4.80007976327701],[-75.6661068348238,4.80006065134043],[-75.6661303625297,4.79999595673395],[-75.6663214464452,4.79980455032144],[-75.6663871299559,4.79968446955194],[-75.666410096691,4.79959540101578],[-75.6664142594185,4.79951505549301],[-75.6664042287638,4.79944993348054],[-75.6664091293198,4.79938680951649],[-75.666400333312,4.79929842655836],[-75.6663244965708,4.79916130775899],[-75.6662819628575,4.7991164059654],[-75.6662417897639,4.79905419590364],[-75.6662366862619,4.79902749014255],[-75.6662369360157,4.79898926902129],[-75.6662371144546,4.7989625108989],[-75.6663322474054,4.79871224415736],[-75.6663364480126,4.79860335656137],[-75.6662777923025,4.79849214945281],[-75.6662651232213,4.79840673366701],[-75.6662417839704,4.79832359568475],[-75.666135455124,4.79815611246736],[-75.6661736695143,4.79806760973613],[-75.6662496670207,4.79797813913746],[-75.6662963628314,4.79793900421813],[-75.666396900927,4.79788788009192],[-75.6664429276751,4.79784980420689],[-75.6665031116744,4.79780441772627],[-75.6665355456136,4.79777130400562],[-75.6665574155202,4.79774276365457],[-75.6665675585406,4.79772510171529],[-75.6665774187166,4.79771439934736],[-75.6665921045089,4.79769458344241],[-75.6666983553758,4.79754591224825],[-75.6667150160744,4.79748858211057],[-75.6667346363433,4.79741759903913],[-75.6667428455839,4.79735991423181],[-75.6667479567346,4.79730565654345],[-75.6667331117301,4.79713395978546],[-75.6667280811384,4.79708226215973],[-75.666723685207,4.79701772314031],[-75.6667223870883,4.79695998523967],[-75.6667319346473,4.79690445570008],[-75.6667539122788,4.79684975823792],[-75.6666608876984,4.79675769360919],[-75.6671848686699,4.79622478023194],[-75.6672885564085,4.79639879851493],[-75.6673135597469,4.7963763514486],[-75.6674504907855,4.79611044042275],[-75.6675389928734,4.79598176029543],[-75.6676836038086,4.79608258923494],[-75.667796385332,4.79615211807183],[-75.6680430723461,4.79633368993706],[-75.6680862744356,4.79638270634342],[-75.6681234553782,4.79642882554885],[-75.6681608828796,4.79647204873617],[-75.6681892958808,4.79652625632283],[-75.6682249924544,4.79663089061362],[-75.6683438404304,4.79699991956319],[-75.6683676330948,4.79713235366649],[-75.6683755118701,4.79723926386864],[-75.6683763492053,4.79732796403697],[-75.6683775805297,4.79734407195261],[-75.6683310938221,4.79740742296064],[-75.6681880694179,4.79769064289939],[-75.668142980566,4.79787999656067],[-75.6681172981257,4.79801864320911],[-75.6680970032773,4.79816239520952],[-75.668090230382,4.79829837601946],[-75.6680468367595,4.79842744852598],[-75.6679576657844,4.79856087977324],[-75.6678477232157,4.79864653238189],[-75.6677127783816,4.79873824098204],[-75.6675772710013,4.79881730275309],[-75.6674236237027,4.79895473756047],[-75.6671717094709,4.79934805498049],[-75.6670702716959,4.79962433690975],[-75.666957635726,4.79990367388737],[-75.666897189949,4.80013343752398],[-75.6662064677907,4.80028963485082],[-75.6660890230758,4.80038985718751]]]},"properties":{"FID":120,"ID_BAR":306,"CODSUELO":"6600101","CODCOM":"01","COMUNA":"Villa Santana","CODBAR":"010106","NOMBRE":"Intermedio","NOM_POPULA":"Intermedio","ACT_GEOGRA":1168041600000,"NORMA":"Sin","CREACION":null,"ORIGEN_NOR":"Sin","OBSERVACIO":"Ajustado SPM","COD_SISBEN":"01003","Shape_Area":65597.1417755487,"Shape__Area":66458.01318359375,"Shape__Length":1280.9646901433814,"GlobalID":"ed62fc86-8099-4654-91ee-791e669dce0e","CreationDate":1545839815055,"Creator":"sigper_arcgis","EditDate":1545839815055,"Editor":"sigper_arcgis"}},{"type":"Feature","id":121,"geometry":{"type":"Polygon","coordinates":[[[-75.6649798161608,4.79909251554488],[-75.6649367408931,4.79919663158519],[-75.6649298689497,4.79926300503481],[-75.6649837007353,4.79936002879718],[-75.6649771072158,4.79945402736441],[-75.6649854096013,4.7995479030751],[-75.6650083956151,4.79963927245979],[-75.6650286760299,4.79966635044879],[-75.6650511744318,4.79969159151253],[-75.6650928993574,4.79972877486809],[-75.665125715826,4.79974592810733],[-75.6651270852463,4.79979562926138],[-75.6652503906735,4.79991523219473],[-75.665066610575,4.79993971275804],[-75.6648851176803,4.79998215661961],[-75.6647459846248,4.80004664708456],[-75.6645803660479,4.80016136589234],[-75.6644351695474,4.80029735181801],[-75.664419573059,4.80027092808825],[-75.6643085238449,4.80011674403379],[-75.6640459537763,4.79995707056917],[-75.6640129983792,4.79991285839118],[-75.6639642716225,4.79981511108063],[-75.6638827350422,4.79962827209381],[-75.6638433107635,4.79946989069208],[-75.6638387524867,4.79926108676416],[-75.6638525795982,4.79900436649977],[-75.6638256141241,4.7989173770587],[-75.6638188207126,4.79888249354368],[-75.6638575568137,4.79886819060874],[-75.663888225434,4.7988894057777],[-75.6640562875341,4.7990020708482],[-75.6642245273458,4.79910110163768],[-75.6643192117398,4.79914978729684],[-75.6643809743796,4.799160690341],[-75.6644241115856,4.79915265872324],[-75.6647579673729,4.79915042800006],[-75.6648249448249,4.79913784055607],[-75.6648812161025,4.79912399874965],[-75.6649798161608,4.79909251554488]]]},"properties":{"FID":121,"ID_BAR":307,"CODSUELO":"6600101","CODCOM":"01","COMUNA":"Villa Santana","CODBAR":"010109","NOMBRE":"Las Margaritas","NOM_POPULA":"Las Margaritas","ACT_GEOGRA":1180656000000,"NORMA":"82","CREACION":597888000000,"ORIGEN_NOR":"Concejo Municipal","OBSERVACIO":"Ajustado a delimitacion de la Norma de creacion","COD_SISBEN":"01005","Shape_Area":13664.08519280668,"Shape__Area":13843.43603515625,"Shape__Length":533.62423921623542,"GlobalID":"eb38e0e8-724b-4f00-8bcc-42074949bd7c","CreationDate":1545839815055,"Creator":"sigper_arcgis","EditDate":1545839815055,"Editor":"sigper_arcgis"}},{"type":"Feature","id":122,"geometry":{"type":"Polygon","coordinates":[[[-75.7093612079491,4.79079970040899],[-75.7097392195762,4.79106043796186],[-75.7100373559549,4.79114417369299],[-75.7105620486339,4.79015121222538],[-75.7107883975365,4.78974751287045],[-75.711623404229,4.79009136942462],[-75.7124939741969,4.79078521429648],[-75.7133049196722,4.79150298620856],[-75.7157615905348,4.79281886856696],[-75.7146048691665,4.79425449314603],[-75.7131619480542,4.79626435926007],[-75.7115281355345,4.79534323391419],[-75.7105025309077,4.79468528141097],[-75.7100260342541,4.79448496509182],[-75.7095961474231,4.79248406677498],[-75.7092622010413,4.79090492668868],[-75.7093612079491,4.79079970040899]]]},"properties":{"FID":122,"ID_BAR":0,"CODSUELO":" ","CODCOM":" ","COMUNA":" ","CODBAR":" ","NOMBRE":"Villa Verde","NOM_POPULA":"Villa Verde","ACT_GEOGRA":null,"NORMA":" ","CREACION":null,"ORIGEN_NOR":" ","OBSERVACIO":" ","COD_SISBEN":" ","Shape_Area":281196.93380381347,"Shape__Area":284893.97509765625,"Shape__Length":2227.6045379947464,"GlobalID":"5724208d-72a0-4251-bee2-6662e73bd0c8","CreationDate":1545839815055,"Creator":"sigper_arcgis","EditDate":1545839815055,"Editor":"sigper_arcgis"}},{"type":"Feature","id":123,"geometry":{"type":"Polygon","coordinates":[[[-75.7099986129949,4.78894934255045],[-75.7090960810159,4.79080456797911],[-75.7077167937246,4.78999965952317],[-75.7078455719504,4.78922443893152],[-75.7089045070563,4.78758784524662],[-75.7099986129949,4.78894934255045]]]},"properties":{"FID":123,"ID_BAR":0,"CODSUELO":" ","CODCOM":" ","COMUNA":" ","CODBAR":" ","NOMBRE":"El Palmar de Villa Verde","NOM_POPULA":"El Palmar de Villa Verde","ACT_GEOGRA":null,"NORMA":" ","CREACION":null,"ORIGEN_NOR":" ","OBSERVACIO":" ","COD_SISBEN":" ","Shape_Area":50025.776177284373,"Shape__Area":50682.8037109375,"Shape__Length":908.406181266868,"GlobalID":"90a1766f-8aa2-406e-80b9-5efdfb8771a6","CreationDate":1545839815055,"Creator":"sigper_arcgis","EditDate":1545839815055,"Editor":"sigper_arcgis"}},{"type":"Feature","id":124,"geometry":{"type":"Polygon","coordinates":[[[-75.7426828928117,4.79974492682226],[-75.7426497890995,4.79958792770898],[-75.7426360529042,4.79947891613322],[-75.7426101337452,4.79936824437764],[-75.7425827011014,4.79928650417629],[-75.7425254764578,4.79916892744233],[-75.7425079402001,4.79914923521374],[-75.7426815404657,4.79911685581487],[-75.7429169402415,4.79910869046748],[-75.7430938868944,4.79910868655122],[-75.7432095954431,4.79903577319157],[-75.7432598431854,4.79897603874799],[-75.7433140345744,4.79888988083357],[-75.7433794930692,4.7987832163831],[-75.7434215710038,4.79872455896223],[-75.7435527007813,4.79855939526722],[-75.7436607360867,4.79859704903295],[-75.7437236620104,4.79861900148406],[-75.7437979984442,4.79865520707594],[-75.7436778016951,4.79950098685412],[-75.743565259779,4.79949742187072],[-75.7433673625767,4.79952708157538],[-75.7431821429617,4.79960718466464],[-75.7431021747038,4.7996591665015],[-75.7429875228677,4.79975866040671],[-75.7427007205106,4.80014234499028],[-75.7426278661683,4.80025422031901],[-75.7426847304597,4.80000593953196],[-75.7427076141505,4.79982366475742],[-75.7426828928117,4.79974492682226]]]},"properties":{"FID":124,"ID_BAR":308,"CODSUELO":"6600101","CODCOM":"13","COMUNA":"San Joaquin","CODBAR":"011301","NOMBRE":"Altos de Corales","NOM_POPULA":"Altos de Corales","ACT_GEOGRA":1168041600000,"NORMA":"Sin","CREACION":null,"ORIGEN_NOR":"Sin","OBSERVACIO":"Ajustado SPM, Visita de campo","COD_SISBEN":" ","Shape_Area":10487.65988196726,"Shape__Area":10626.009765625,"Shape__Length":552.66229943338942,"GlobalID":"8ce29d5a-0ac1-4d2d-ba39-d767ba318a37","CreationDate":1545839815055,"Creator":"sigper_arcgis","EditDate":1545839815055,"Editor":"sigper_arcgis"}},{"type":"Feature","id":125,"geometry":{"type":"Polygon","coordinates":[[[-75.7287510573106,4.79786875592364],[-75.7284732992135,4.79920625146845],[-75.728432135093,4.79932034980536],[-75.7282850864991,4.80000412744412],[-75.7282306826442,4.80024297480131],[-75.7279775340947,4.80018068011691],[-75.7280157748837,4.7999748441217],[-75.7271016393264,4.79978024215582],[-75.7272595704135,4.79893033275099],[-75.7262695516728,4.79832057747922],[-75.7257701241093,4.79793525641107],[-75.7262588488642,4.79620242733326],[-75.7263212460092,4.79622182074497],[-75.7264719585118,4.79624796135371],[-75.726698941208,4.79625915866241],[-75.7267845446706,4.79628342740587],[-75.7268422231125,4.79631889280197],[-75.7268570832587,4.79633941624925],[-75.7268533860343,4.79635434123982],[-75.7267901083254,4.79640100463617],[-75.7267752126087,4.79641967377683],[-75.7267659166588,4.79644766848705],[-75.7267696494113,4.79652792625724],[-75.7267808115354,4.79658578806433],[-75.7268105670588,4.79662312568901],[-75.7268812746621,4.79667166149227],[-75.7269128958321,4.79670525549025],[-75.7269315237227,4.79675751787286],[-75.7269650116793,4.7969124336306],[-75.7270133939426,4.79706362339645],[-75.7270431497142,4.79712148491394],[-75.7270487485102,4.79715882267701],[-75.7270431489816,4.7973548038469],[-75.7270561782229,4.79744440445107],[-75.727097131534,4.7975265340134],[-75.7271492109335,4.79758812281207],[-75.7272180533468,4.79763105971796],[-75.7272538644201,4.79764714952035],[-75.7273012968076,4.79767318432582],[-75.7273390098188,4.79769824703287],[-75.7275994818909,4.79786995969754],[-75.7276428291289,4.79789095985378],[-75.727715368148,4.79791702890981],[-75.727808331192,4.79793575128814],[-75.7279083359778,4.79793901825725],[-75.7280218632867,4.79791662225818],[-75.7281185942278,4.79788490114294],[-75.7282711723979,4.7978120961162],[-75.7283567751336,4.79775610706082],[-75.7285037545573,4.79772436764425],[-75.7285447078287,4.7977299660207],[-75.7286023517473,4.79775237938428],[-75.7286370009369,4.79778284676317],[-75.7286852435875,4.79782219804515],[-75.7287289073986,4.79785503197144],[-75.7287510573106,4.79786875592364]]]},"properties":{"FID":125,"ID_BAR":309,"CODSUELO":"6600101","CODCOM":"15","COMUNA":"El Oso","CODBAR":"011539","NOMBRE":"Terranova","NOM_POPULA":"Terranova","ACT_GEOGRA":1168041600000,"NORMA":"Sin","CREACION":null,"ORIGEN_NOR":"Sin","OBSERVACIO":"Ajustado SPM","COD_SISBEN":"15228","Shape_Area":64710.1797044437,"Shape__Area":65562.76953125,"Shape__Length":1350.5099843962078,"GlobalID":"24995ff2-5a18-4dcf-9da7-3d1fbb32e676","CreationDate":1545839815055,"Creator":"sigper_arcgis","EditDate":1545839815055,"Editor":"sigper_arcgis"}},{"type":"Feature","id":126,"geometry":{"type":"Polygon","coordinates":[[[-75.7208318520119,4.79554061676578],[-75.7199710282965,4.795099467432],[-75.7199851975658,4.7950627433456],[-75.7201610844343,4.79470982110559],[-75.720292262892,4.79467392634776],[-75.7204353720725,4.79477560833778],[-75.7204543683983,4.79477687803357],[-75.7207484156994,4.79479653179894],[-75.7209809687305,4.7949729803959],[-75.7209302888801,4.79505672506276],[-75.7212999892219,4.79534681887663],[-75.7211121753135,4.795648898116],[-75.720846828663,4.79551432219181],[-75.7208318520119,4.79554061676578]]]},"properties":{"FID":126,"ID_BAR":370,"CODSUELO":"6600101","CODCOM":"10","COMUNA":"Consota","CODBAR":"011012","NOMBRE":"La Idalia II","NOM_POPULA":"La Idalia II","ACT_GEOGRA":1180656000000,"NORMA":"Sin","CREACION":null,"ORIGEN_NOR":"Sin","OBSERVACIO":"Ajustado SPM","COD_SISBEN":" ","Shape_Area":7975.9032214782,"Shape__Area":8080.87060546875,"Shape__Length":397.8688187076977,"GlobalID":"5e5bdc69-d65e-4441-a9e1-15f52920e383","CreationDate":1545839815055,"Creator":"sigper_arcgis","EditDate":1545839815055,"Editor":"sigper_arcgis"}},{"type":"Feature","id":127,"geometry":{"type":"Polygon","coordinates":[[[-75.7309709416702,4.80016464913094],[-75.7303956961241,4.79979362036915],[-75.7301471607075,4.79964857904788],[-75.7300490916219,4.79960384070222],[-75.7304713290297,4.79877719096943],[-75.7306046440373,4.7984984617675],[-75.7306323217464,4.79853071259166],[-75.7306974314652,4.79858482958491],[-75.7307425400693,4.79861215332722],[-75.7308006413833,4.7986417718857],[-75.730851877116,4.79866321415675],[-75.7308909640652,4.79866883042874],[-75.7309430441366,4.7986613589679],[-75.7309932929509,4.79862216591793],[-75.7310732966023,4.79853071009482],[-75.7311458709643,4.79849337189117],[-75.7311742880446,4.79848773689096],[-75.7312163324414,4.79848155559206],[-75.7312653841445,4.79847745749854],[-75.7313058788994,4.79847657363072],[-75.7313282391634,4.79847911744637],[-75.731349120938,4.79848422135076],[-75.7313668330342,4.79849077363376],[-75.7313896165133,4.79850269607785],[-75.7314398304761,4.79854750438894],[-75.7314716986316,4.79858860423892],[-75.7314962072031,4.7986238936594],[-75.7315365971578,4.79869122167246],[-75.7316128700165,4.79878454882767],[-75.731720798799,4.7988424098055],[-75.7317862249777,4.79885512599903],[-75.7318356639142,4.79886867314137],[-75.7318789415811,4.79888345573517],[-75.7320036316951,4.79895065971499],[-75.7320668752151,4.79900292233189],[-75.7321051874983,4.79904840237679],[-75.7321382877211,4.79909407646485],[-75.7318561973396,4.79935751175563],[-75.7309709416702,4.80016464913094]]]},"properties":{"FID":127,"ID_BAR":310,"CODSUELO":"6600101","CODCOM":"15","COMUNA":"El Oso","CODBAR":"011540","NOMBRE":"Torres de La Acuarela","NOM_POPULA":"Torres de La Acuarela","ACT_GEOGRA":1168041600000,"NORMA":"Sin","CREACION":null,"ORIGEN_NOR":"Sin","OBSERVACIO":"Ajustado SPM, Visita de campo","COD_SISBEN":" ","Shape_Area":24356.72984186187,"Shape__Area":24677.78662109375,"Shape__Length":646.41543053294231,"GlobalID":"e256b7be-a205-45ea-99e0-61fb8952606d","CreationDate":1545839815055,"Creator":"sigper_arcgis","EditDate":1545839815055,"Editor":"sigper_arcgis"}},{"type":"Feature","id":128,"geometry":{"type":"Polygon","coordinates":[[[-75.7412004473368,4.79249270495928],[-75.7412505686579,4.79247692186337],[-75.7412232276213,4.79222617902974],[-75.7416224670087,4.79209175009137],[-75.7421974065606,4.79189816018979],[-75.7422466093897,4.79188159290612],[-75.7422529627393,4.7916856934836],[-75.7427546049213,4.79151548181641],[-75.7428977324683,4.79183847895358],[-75.742959640359,4.79202164382033],[-75.743004973032,4.79200913548098],[-75.7430194000764,4.79224043495216],[-75.7424255170015,4.79226201114332],[-75.7416384559294,4.79247740474148],[-75.741430964412,4.7926281559549],[-75.7412377758862,4.79267123699441],[-75.7412004473368,4.79249270495928]]]},"properties":{"FID":128,"ID_BAR":413,"CODSUELO":"6600101","CODCOM":"13","COMUNA":"San Joaquin","CODBAR":"011315","NOMBRE":"Alcala del Campo","NOM_POPULA":"Alcala del Campo","ACT_GEOGRA":1168041600000,"NORMA":"Sin","CREACION":null,"ORIGEN_NOR":"Sin","OBSERVACIO":"Ajustado SPM","COD_SISBEN":"13237","Shape_Area":10826.556250686979,"Shape__Area":10969.1396484375,"Shape__Length":555.33036613272634,"GlobalID":"5241b31c-ecce-4dd6-8eab-bc214d58e86a","CreationDate":1545839815055,"Creator":"sigper_arcgis","EditDate":1545839815055,"Editor":"sigper_arcgis"}},{"type":"Feature","id":129,"geometry":{"type":"Polygon","coordinates":[[[-75.7380491152167,4.79980266894618],[-75.7378175871522,4.79972077219707],[-75.7377658939431,4.79971787627063],[-75.7375842637524,4.79965191112355],[-75.7374732347149,4.79957656571073],[-75.7370441246803,4.79947338884812],[-75.7368600304198,4.79949301421967],[-75.7365980456014,4.79957996917273],[-75.7363199689098,4.79973928769842],[-75.7363483167668,4.79983697736531],[-75.7363184226427,4.79991961931119],[-75.7360410496735,4.80006736798605],[-75.7357587460592,4.8001523985223],[-75.735616659777,4.8000954743741],[-75.7355379217208,4.79994845504545],[-75.7355360531668,4.7998213387709],[-75.7355983088676,4.79971658302716],[-75.7356477475022,4.799615536743],[-75.7356770430388,4.799490575535],[-75.7356871485692,4.79943831272319],[-75.7360345561942,4.79899887035598],[-75.7360594865248,4.79895263058045],[-75.7362760439919,4.79869989764434],[-75.7363252012631,4.79867223777835],[-75.7364403454446,4.79849156881502],[-75.7364361545055,4.79844741352135],[-75.7367367984775,4.79801895700404],[-75.7369812766374,4.79760406659731],[-75.7370283928267,4.79764371716391],[-75.7370380062344,4.79766623719459],[-75.7370611772099,4.7977128824741],[-75.7370754041543,4.79776298992212],[-75.7371307601137,4.79783635822389],[-75.7372056241281,4.79790439289535],[-75.7372870377348,4.79796431924555],[-75.7373742261956,4.79801552098995],[-75.7374509925444,4.79810165867044],[-75.7375287102367,4.79825081574912],[-75.7375840658292,4.79827543619176],[-75.7375973416901,4.79831093667814],[-75.7378445039178,4.79840784613832],[-75.7378802458072,4.79843052412111],[-75.738005852163,4.79846455715065],[-75.7380637424256,4.79846538585297],[-75.7381408952788,4.79850173401352],[-75.7382525211047,4.79855431259768],[-75.738318899444,4.79864735675949],[-75.7383405927667,4.79874797788362],[-75.7383891186997,4.79888743856812],[-75.7384321862471,4.7989754664732],[-75.7383850368076,4.79901287622243],[-75.7383664799159,4.79904203736172],[-75.7383541578458,4.79922268701332],[-75.7383265158111,4.79926018474929],[-75.738154435267,4.79959377455617],[-75.7380491152167,4.79980266894618]]]},"properties":{"FID":129,"ID_BAR":311,"CODSUELO":"6600101","CODCOM":"13","COMUNA":"San Joaquin","CODBAR":"011322","NOMBRE":"Leningrado II","NOM_POPULA":"Leningrado II","ACT_GEOGRA":1180656000000,"NORMA":"Sin","CREACION":null,"ORIGEN_NOR":"Sin","OBSERVACIO":"Ajustado SPM, Visita de campo","COD_SISBEN":"13154","Shape_Area":43360.706356300638,"Shape__Area":43932.4541015625,"Shape__Length":985.95563496242835,"GlobalID":"e9ad1cb2-f522-4046-8214-86411067a204","CreationDate":1545839815055,"Creator":"sigper_arcgis","EditDate":1545839815055,"Editor":"sigper_arcgis"}},{"type":"Feature","id":130,"geometry":{"type":"Polygon","coordinates":[[[-75.745112847857,4.79299469338037],[-75.7450821807016,4.79310264655984],[-75.7450695056698,4.79316057863613],[-75.7452696555838,4.79316873384391],[-75.7452694124102,4.79329240472432],[-75.7450362678698,4.79327663895717],[-75.7449869762677,4.79354789744671],[-75.744976525421,4.79383183611559],[-75.7449724843126,4.79413788891537],[-75.7449744974904,4.79436952922269],[-75.7450721429288,4.79434688392301],[-75.7450884849499,4.79448198194836],[-75.7450666626121,4.79485054136694],[-75.7450138861059,4.79512441480481],[-75.7449667040893,4.79527283233672],[-75.7448564552151,4.79537631873736],[-75.7448889610988,4.79554681163061],[-75.7445560000553,4.79605749009811],[-75.7442598708212,4.79653056424591],[-75.7439811708912,4.79698440389182],[-75.7437899707074,4.79727811486706],[-75.7437597587395,4.79729984015098],[-75.7437133482682,4.79732721763383],[-75.7436743680726,4.79734541078893],[-75.7436492614392,4.79735507228157],[-75.7436221159055,4.79750605016011],[-75.7436590212975,4.7976142490622],[-75.7436749395903,4.79768655816609],[-75.7436674061728,4.79777857884142],[-75.7436595191365,4.79780856927438],[-75.7436499067117,4.79783601682403],[-75.7436339211249,4.797871253079],[-75.7436163856994,4.79790172099063],[-75.7436011032267,4.79792387050204],[-75.7433479182398,4.79779939264004],[-75.7432116839386,4.79800272400669],[-75.7430570324754,4.7982268977418],[-75.7429328710386,4.798219852865],[-75.7428748067815,4.79830853726756],[-75.7428052954679,4.7982774706822],[-75.7427534959885,4.79823509997103],[-75.7422726757657,4.79891717508674],[-75.7421297775493,4.79880331008148],[-75.7432688502317,4.79719250093935],[-75.743232117315,4.79697091032682],[-75.7433629300376,4.79678269778796],[-75.743524805048,4.79683059393589],[-75.7437090325192,4.79651411686257],[-75.7440930865474,4.79592448753984],[-75.7444949614297,4.79550158825532],[-75.7445798925633,4.7953935466805],[-75.744664441461,4.79547101086496],[-75.7447570828124,4.79533207709608],[-75.7448036646676,4.79515437581493],[-75.7447966194118,4.7950412131372],[-75.7448298840297,4.7945850488599],[-75.7448229765136,4.79437384350582],[-75.7448226505327,4.79404172168336],[-75.7448545343363,4.79330741148405],[-75.744789185626,4.79302208663695],[-75.74473472709,4.7927843101616],[-75.7449251566374,4.79274354117948],[-75.7451590912734,4.79247922368501],[-75.7452545137206,4.79273762240861],[-75.7450706456845,4.79293822209413],[-75.745112847857,4.79299469338037]]]},"properties":{"FID":130,"ID_BAR":330,"CODSUELO":"6600101","CODCOM":"13","COMUNA":"San Joaquin","CODBAR":"011304","NOMBRE":"Campo Alegre *3","NOM_POPULA":"Campo Alegre *3","ACT_GEOGRA":1168041600000,"NORMA":"Sin","CREACION":null,"ORIGEN_NOR":"Sin","OBSERVACIO":"Ajustado SPM","COD_SISBEN":"13183","Shape_Area":29544.73383183395,"Shape__Area":29934.236328125,"Shape__Length":1851.6219302166764,"GlobalID":"8a83b13c-0470-4844-adec-620913cc20ee","CreationDate":1545839815055,"Creator":"sigper_arcgis","EditDate":1545839815055,"Editor":"sigper_arcgis"}},{"type":"Feature","id":131,"geometry":{"type":"Polygon","coordinates":[[[-75.7522751307791,4.79878542042905],[-75.7521811713615,4.79719392159152],[-75.75219761124,4.79723534227676],[-75.7521955776648,4.79714856610599],[-75.7529463504624,4.79701372133288],[-75.7539730965928,4.79709999648482],[-75.7546282177269,4.79750288223407],[-75.7546995085725,4.79799048228165],[-75.7549137664863,4.79936549927579],[-75.7543247814354,4.79913697320113],[-75.7539325698176,4.7989516231933],[-75.7537812909928,4.79888421285455],[-75.7534170818496,4.79889546002507],[-75.7531817519776,4.79889546908625],[-75.7529184243117,4.79881122987318],[-75.7527111208655,4.79870450489122],[-75.7523513286091,4.79843919856336],[-75.7522751307791,4.79878542042905]]]},"properties":{"FID":131,"ID_BAR":322,"CODSUELO":"6600101","CODCOM":"13","COMUNA":"San Joaquin","CODBAR":"011340","NOMBRE":"Santa Juana de Las Villas","NOM_POPULA":"Santa Juana de Las Villas","ACT_GEOGRA":1180656000000,"NORMA":"Sin","CREACION":null,"ORIGEN_NOR":"Sin","OBSERVACIO":"Ajustado SPM","COD_SISBEN":" ","Shape_Area":54659.400144191663,"Shape__Area":55380.72119140625,"Shape__Length":1038.6525760146246,"GlobalID":"43aadc9b-4826-4352-9ccd-9b95f1e63e4f","CreationDate":1545839815055,"Creator":"sigper_arcgis","EditDate":1545839815055,"Editor":"sigper_arcgis"}},{"type":"Feature","id":132,"geometry":{"type":"Polygon","coordinates":[[[-75.7266280570347,4.80014350221726],[-75.7264131151023,4.80002919181203],[-75.7257745589926,4.79963065971524],[-75.7257221968527,4.79959644777645],[-75.7261835609793,4.79891454220384],[-75.7264448421478,4.79918117292701],[-75.7265604824818,4.79943852992508],[-75.7265729832962,4.79969959643278],[-75.7265944280116,4.79988672792878],[-75.7266819678499,4.80004240343495],[-75.7266280570347,4.80014350221726]]]},"properties":{"FID":132,"ID_BAR":312,"CODSUELO":"6600101","CODCOM":"15","COMUNA":"El Oso","CODBAR":"011522","NOMBRE":"Mirador de Panorama II","NOM_POPULA":"Mirador de Panorama II","ACT_GEOGRA":1180656000000,"NORMA":"Sin","CREACION":null,"ORIGEN_NOR":"Sin","OBSERVACIO":"Ajustado SPM","COD_SISBEN":" ","Shape_Area":7115.56285459703,"Shape__Area":7209.3359375,"Shape__Length":365.93248374573665,"GlobalID":"bdc38aa4-5e27-4c82-aa69-c51e1be01094","CreationDate":1545839815055,"Creator":"sigper_arcgis","EditDate":1545839815055,"Editor":"sigper_arcgis"}},{"type":"Feature","id":133,"geometry":{"type":"Polygon","coordinates":[[[-75.73879183497,4.79990431972015],[-75.738693416075,4.80003299148312],[-75.7386387307163,4.80009624077947],[-75.7384344231617,4.80004318741149],[-75.73849364785,4.79984038808503],[-75.7384033957325,4.79981235960056],[-75.7384738189291,4.79960581502271],[-75.7384948061649,4.79961468164035],[-75.7385152640245,4.79956549114738],[-75.7385839619153,4.79938823201387],[-75.7386043142402,4.79933861820678],[-75.7386821717842,4.79940788819472],[-75.7387688676168,4.79946369958288],[-75.7387922146213,4.79949686836043],[-75.7388048580224,4.79958270752415],[-75.738810564765,4.79969168336923],[-75.7388056714974,4.7997932413956],[-75.73879183497,4.79990431972015]]]},"properties":{"FID":133,"ID_BAR":313,"CODSUELO":"6600101","CODCOM":"13","COMUNA":"San Joaquin","CODBAR":"011330","NOMBRE":"Plan Carvajal","NOM_POPULA":"Plan Carvajal","ACT_GEOGRA":1180656000000,"NORMA":"Sin","CREACION":null,"ORIGEN_NOR":"Sin","OBSERVACIO":"Ajustado SPM, Visita de campo","COD_SISBEN":"13121","Shape_Area":2489.09231445004,"Shape__Area":2521.92236328125,"Shape__Length":218.46943079415161,"GlobalID":"e0a1c9ca-9b56-4a7a-9652-8c50dc24512a","CreationDate":1545839815055,"Creator":"sigper_arcgis","EditDate":1545839815055,"Editor":"sigper_arcgis"}},{"type":"Feature","id":134,"geometry":{"type":"Polygon","coordinates":[[[-75.7591707558699,4.80175245550334],[-75.7593906032954,4.80190050910148],[-75.7592858307241,4.80199687248001],[-75.7593077080295,4.80204333947148],[-75.7593548103631,4.80214338393112],[-75.759248186785,4.80220628456072],[-75.7591038881975,4.80232800154495],[-75.7590328677185,4.80242214501981],[-75.7590054059373,4.80252663657011],[-75.7590028764828,4.80264331342879],[-75.7590418301343,4.80279948152241],[-75.7590613051421,4.80285458686575],[-75.7590452509382,4.80291313854399],[-75.7590475125986,4.80309631345393],[-75.7590349154712,4.80327542749276],[-75.758990198886,4.80338034312936],[-75.7589595299134,4.80342086202615],[-75.7589264312903,4.80345760173838],[-75.7588859725811,4.80349517071199],[-75.7588344563861,4.80351698661153],[-75.7587439582299,4.80351699061464],[-75.7585572909953,4.80349518601743],[-75.7582835385747,4.80342744628433],[-75.7581811704758,4.80337211547928],[-75.7577009452662,4.80291122285249],[-75.7575506036529,4.80257085963601],[-75.7574601355208,4.80245833697883],[-75.7573639287535,4.80236533197454],[-75.7572871605877,4.80231021156633],[-75.7571952887396,4.80229170558255],[-75.7570623218068,4.80227242390499],[-75.7569158335314,4.80225612837877],[-75.7564894719338,4.80228483054495],[-75.7563756978661,4.80228359944791],[-75.7561763884514,4.80225031438993],[-75.7560277861498,4.80220584747065],[-75.7558505905078,4.80214564408143],[-75.7556364186367,4.80204805183076],[-75.7568662346039,4.80022048207063],[-75.7573022109985,4.80024331801272],[-75.7575028220565,4.80028608697814],[-75.7577526992285,4.80036400188161],[-75.7579581376193,4.80045491806232],[-75.7581524841631,4.80055881595822],[-75.7583326753197,4.80067444294787],[-75.7584640960507,4.800774634497],[-75.7586084408795,4.80090080680701],[-75.7587382438394,4.80103674747543],[-75.7588548763777,4.80116848497897],[-75.7589622130504,4.80130951369886],[-75.7591540366889,4.80171694423908],[-75.7591707558699,4.80175245550334]]]},"properties":{"FID":134,"ID_BAR":250,"CODSUELO":"6600101","CODCOM":"13","COMUNA":"San Joaquin","CODBAR":"011311","NOMBRE":"Coralina","NOM_POPULA":"Coralina","ACT_GEOGRA":1180656000000,"NORMA":"Sin","CREACION":null,"ORIGEN_NOR":"Sin","OBSERVACIO":"Ajustado SPM","COD_SISBEN":" ","Shape_Area":82748.854053168528,"Shape__Area":83842.0498046875,"Shape__Length":1240.8861386208005,"GlobalID":"1e82aa2b-7c49-4b3a-858e-c73c36311b1d","CreationDate":1545839815055,"Creator":"sigper_arcgis","EditDate":1545839815055,"Editor":"sigper_arcgis"}},{"type":"Feature","id":135,"geometry":{"type":"Polygon","coordinates":[[[-75.7607039435599,4.80000762221528],[-75.7611278459759,4.80007537187543],[-75.7610647865531,4.80013337051453],[-75.7611649534032,4.80013456405206],[-75.7606785607033,4.80187167260828],[-75.7593906032954,4.80190050910148],[-75.7591707558699,4.80175245550334],[-75.7591204525424,4.80142651218449],[-75.7590142500312,4.80073836578797],[-75.7589897794717,4.80057980692458],[-75.7587750751344,4.80010608346128],[-75.7608513638074,4.80013082742804],[-75.7607039435599,4.80000762221528]]]},"properties":{"FID":135,"ID_BAR":250,"CODSUELO":"6600101","CODCOM":"13","COMUNA":"San Joaquin","CODBAR":"011311","NOMBRE":"Bulevar del Bosque","NOM_POPULA":"Bulevar del Bosque","ACT_GEOGRA":1180656000000,"NORMA":"Sin","CREACION":null,"ORIGEN_NOR":"Sin","OBSERVACIO":"Ajustado SPM","COD_SISBEN":" ","Shape_Area":41032.406910473852,"Shape__Area":41574.4638671875,"Shape__Length":886.0836188135487,"GlobalID":"ffba940b-6165-405f-bd3c-9d8d7c754479","CreationDate":1545839815055,"Creator":"sigper_arcgis","EditDate":1545839815055,"Editor":"sigper_arcgis"}},{"type":"Feature","id":136,"geometry":{"type":"Polygon","coordinates":[[[-75.724406910657,4.80005179614078],[-75.7243938469702,4.80000000944006],[-75.7243223998172,4.79990463365588],[-75.7242548613351,4.79980279258247],[-75.7241972170103,4.79970425375298],[-75.7241455950074,4.79964847603342],[-75.7241030929144,4.79961663137714],[-75.7240530547148,4.79958353141029],[-75.7239806209653,4.79954296111508],[-75.7239155830523,4.79951309412979],[-75.7238692418363,4.79951143368418],[-75.7238269860098,4.79951606090722],[-75.7237937799908,4.79952393807549],[-75.7236338062674,4.79959107141631],[-75.7235413360575,4.79965930054866],[-75.7234884804144,4.79976806473212],[-75.7234570344524,4.79979330413601],[-75.7234107646086,4.79981668883763],[-75.7233510071754,4.79983694676739],[-75.7232812151266,4.79985339045913],[-75.723199273846,4.79986347531857],[-75.72316001077,4.7998645166209],[-75.7231107827715,4.79985976575267],[-75.7230506737926,4.79984441674528],[-75.7230054956131,4.79982514664674],[-75.7228214364453,4.79971258446869],[-75.7227572778031,4.79965458041673],[-75.7226991059802,4.79958967132165],[-75.7226601612493,4.79953716153645],[-75.7225688884412,4.79945796322952],[-75.7225389577633,4.79941769325523],[-75.7224993078225,4.7993521835655],[-75.7224706444653,4.79929078924791],[-75.722217957558,4.79890984681536],[-75.7221867231231,4.79887264984327],[-75.7221383412608,4.79883054235126],[-75.7221735546042,4.79875030327549],[-75.7222316216225,4.79868419383962],[-75.7224959344254,4.79827042092957],[-75.7225299863794,4.7981762986497],[-75.722575904237,4.79806949523092],[-75.7226253089859,4.79797175283522],[-75.722862119616,4.79763867796716],[-75.7229321946237,4.79748498117301],[-75.7251130085771,4.79919870934501],[-75.7250295533556,4.7992870383908],[-75.7248583112417,4.79952796892511],[-75.7246021691543,4.79989832836495],[-75.724406910657,4.80005179614078]]]},"properties":{"FID":136,"ID_BAR":314,"CODSUELO":"6600101","CODCOM":"10","COMUNA":"Consota","CODBAR":"011014","NOMBRE":"Naranjito","NOM_POPULA":"Naranjito","ACT_GEOGRA":1168041600000,"NORMA":"Sin","CREACION":null,"ORIGEN_NOR":"Sin","OBSERVACIO":"Ajustado SPM","COD_SISBEN":"10093","Shape_Area":47908.039377672787,"Shape__Area":48539.21337890625,"Shape__Length":958.32306160603389,"GlobalID":"e52a1487-18d3-4e1d-9883-8284dbf03a17","CreationDate":1545839815055,"Creator":"sigper_arcgis","EditDate":1545839815055,"Editor":"sigper_arcgis"}},{"type":"Feature","id":137,"geometry":{"type":"Polygon","coordinates":[[[-75.7342804499733,4.79931294532406],[-75.7337091204153,4.79980952689158],[-75.7337168307779,4.79968444200229],[-75.7336894668538,4.79932358449641],[-75.7336932685,4.79922575290548],[-75.7336543575932,4.79916050900918],[-75.7335745285576,4.79913378605835],[-75.733484100749,4.79909860374369],[-75.7334162796458,4.7990611786675],[-75.7333654316373,4.79899994336109],[-75.7332928554789,4.79885905203039],[-75.7332067581267,4.79870915315127],[-75.7331208376464,4.79860934490318],[-75.7329326922162,4.79844835473817],[-75.7336350146461,4.79809236406663],[-75.7336509665828,4.79812708782882],[-75.7338490441774,4.79850474157207],[-75.7339676066213,4.79845797018302],[-75.7344231211718,4.79822381654206],[-75.73448569451,4.79818704317363],[-75.734730044483,4.79868492195672],[-75.734112796062,4.79899142301992],[-75.7342675963821,4.79928834136945],[-75.7342804499733,4.79931294532406]]]},"properties":{"FID":137,"ID_BAR":315,"CODSUELO":"6600101","CODCOM":"14","COMUNA":"Perla Del Otun","CODBAR":"011412","NOMBRE":"La Francia","NOM_POPULA":"La Francia","ACT_GEOGRA":1180656000000,"NORMA":"95","CREACION":null,"ORIGEN_NOR":"Concejo Municipal","OBSERVACIO":"Ajustado a delimitacion de la Norma de creacion","COD_SISBEN":"14137","Shape_Area":16063.414024898881,"Shape__Area":16275.169921875,"Shape__Length":673.29131869570188,"GlobalID":"7d4c1ddd-6e0c-4623-a5e5-208a93b216e3","CreationDate":1545839815055,"Creator":"sigper_arcgis","EditDate":1545839815055,"Editor":"sigper_arcgis"}},{"type":"Feature","id":138,"geometry":{"type":"Polygon","coordinates":[[[-75.7606291999623,4.80006987820954],[-75.7604923258927,4.79984751245547],[-75.7601201804773,4.79912975486038],[-75.7600772030474,4.79865601512644],[-75.7602851643329,4.79830101200283],[-75.7605207524092,4.79783768710049],[-75.7607509364048,4.79730837184129],[-75.760924839088,4.79704006091363],[-75.7614079240697,4.79697624748151],[-75.7620662556246,4.79743557016937],[-75.7618659614825,4.79798111339317],[-75.7617084535624,4.79848044161286],[-75.7612364910928,4.79997664237994],[-75.7611135367491,4.80008972915851],[-75.7606896343255,4.80002197948961],[-75.7606864036383,4.80001927946947],[-75.7606291999623,4.80006987820954]]]},"properties":{"FID":138,"ID_BAR":250,"CODSUELO":"6600101","CODCOM":"13","COMUNA":"San Joaquin","CODBAR":"011311","NOMBRE":"Bulevar de las Villas","NOM_POPULA":"Bulevar de las Villas","ACT_GEOGRA":1180656000000,"NORMA":"Sin","CREACION":null,"ORIGEN_NOR":"Sin","OBSERVACIO":"Ajustado SPM","COD_SISBEN":" ","Shape_Area":46530.635475397212,"Shape__Area":47145.0205078125,"Shape__Length":894.28101334740825,"GlobalID":"0d27d762-a18c-4ded-a4ad-986922f522d5","CreationDate":1545839815055,"Creator":"sigper_arcgis","EditDate":1545839815055,"Editor":"sigper_arcgis"}},{"type":"Feature","id":139,"geometry":{"type":"Polygon","coordinates":[[[-75.7300490916219,4.79960384070222],[-75.7299356340499,4.79956434894634],[-75.7298784830917,4.79954917721262],[-75.72905907096,4.79938714642765],[-75.7294730658888,4.79753484797375],[-75.7294898975192,4.79753585487477],[-75.7295113066798,4.79753256930695],[-75.7295652535991,4.79752802985928],[-75.7296126860243,4.79752838296307],[-75.7296517726788,4.79754145323954],[-75.7296945560384,4.79758624424802],[-75.7297448058116,4.79766277518364],[-75.7298880540464,4.79799687399819],[-75.7299420360211,4.79809394525794],[-75.7299717924906,4.79819847057051],[-75.7299810884894,4.79825633233847],[-75.7299792231234,4.79846163925208],[-75.7299829559059,4.79852137319112],[-75.7299997182988,4.79858296085531],[-75.7300387696998,4.79863149724199],[-75.7300908851703,4.79864456701329],[-75.7301504307267,4.79864082241187],[-75.7301969471728,4.79861842578741],[-75.7302379695888,4.79854608087651],[-75.7302982895631,4.79844936177201],[-75.730351355495,4.79837205383257],[-75.7303885754009,4.79833846016718],[-75.730435092295,4.79833098861034],[-75.730479742166,4.79834405898517],[-75.730513230079,4.79837577974492],[-75.7305319994757,4.79839923549499],[-75.7305531619695,4.7984289258297],[-75.7305746429133,4.7984635077458],[-75.7306046440373,4.7984984617675],[-75.7304713290297,4.79877719096943],[-75.7300490916219,4.79960384070222]]]},"properties":{"FID":139,"ID_BAR":316,"CODSUELO":"6600101","CODCOM":"15","COMUNA":"El Oso","CODBAR":"011541","NOMBRE":"Villa Del Bosque","NOM_POPULA":"Villa Del Bosque","ACT_GEOGRA":1168041600000,"NORMA":"Sin","CREACION":null,"ORIGEN_NOR":"Sin","OBSERVACIO":"Ajustado SPM","COD_SISBEN":"15163","Shape_Area":20849.0490486826,"Shape__Area":21123.82177734375,"Shape__Length":704.84174752944409,"GlobalID":"03b5804d-c075-4571-aba3-a837a3da4bff","CreationDate":1545839815055,"Creator":"sigper_arcgis","EditDate":1545839815055,"Editor":"sigper_arcgis"}},{"type":"Feature","id":140,"geometry":{"type":"Polygon","coordinates":[[[-75.7594761221962,4.79828282030053],[-75.7600056141587,4.79828276928283],[-75.7602851643329,4.79830101200283],[-75.7594761221962,4.79828282030053]]]},"properties":{"FID":140,"ID_BAR":250,"CODSUELO":"6600101","CODCOM":"13","COMUNA":"San Joaquin","CODBAR":"011311","NOMBRE":"Bulevar de las Villas","NOM_POPULA":"Bulevar de las Villas","ACT_GEOGRA":1180656000000,"NORMA":"Sin","CREACION":null,"ORIGEN_NOR":"Sin","OBSERVACIO":"Ajustado SPM","COD_SISBEN":" ","Shape_Area":59.36555425823,"Shape__Area":60.14892578125,"Shape__Length":180.21389965448702,"GlobalID":"a698eae8-3a31-4500-a48f-1d02963243b1","CreationDate":1545839815055,"Creator":"sigper_arcgis","EditDate":1545839815055,"Editor":"sigper_arcgis"}},{"type":"Feature","id":141,"geometry":{"type":"Polygon","coordinates":[[[-75.7251130085771,4.79919870934501],[-75.7254834524827,4.79862832394027],[-75.7256774074668,4.79853928878139],[-75.7262398667279,4.79882783804952],[-75.7261835609793,4.79891454220384],[-75.7257221968527,4.79959644777645],[-75.7251130085771,4.79919870934501]]]},"properties":{"FID":141,"ID_BAR":317,"CODSUELO":"6600101","CODCOM":"15","COMUNA":"El Oso","CODBAR":"011521","NOMBRE":"Mirador de Panorama I","NOM_POPULA":"Mirador de Panorama I","ACT_GEOGRA":1180656000000,"NORMA":"Sin","CREACION":null,"ORIGEN_NOR":"Sin","OBSERVACIO":"Ajustado SPM","COD_SISBEN":" ","Shape_Area":7899.06951829256,"Shape__Area":8003.15087890625,"Shape__Length":354.57678044717534,"GlobalID":"3d0af023-37c9-46be-97aa-29a1e9d32b84","CreationDate":1545839815055,"Creator":"sigper_arcgis","EditDate":1545839815055,"Editor":"sigper_arcgis"}},{"type":"Feature","id":142,"geometry":{"type":"Polygon","coordinates":[[[-75.7579631881396,4.79891670509262],[-75.7584028788321,4.7988284457503],[-75.7589323671532,4.79878532793138],[-75.7594761221962,4.79828282030053],[-75.7600056141587,4.79828276928283],[-75.760102261439,4.79828907624696],[-75.7600951565334,4.79829673967216],[-75.7602851643329,4.79830101200283],[-75.7600772030474,4.79865601512644],[-75.7601201804772,4.79912975486038],[-75.7604923258927,4.79984751245547],[-75.7606291999623,4.80006987820954],[-75.7605641637198,4.80012740512572],[-75.7598911456195,4.80011938490735],[-75.7587750751344,4.80010608346128],[-75.7583743033915,4.79931654823506],[-75.7579631881396,4.79891670509262]]]},"properties":{"FID":142,"ID_BAR":250,"CODSUELO":"6600101","CODCOM":"13","COMUNA":"San Joaquin","CODBAR":"011311","NOMBRE":"Bulevar del Cafe","NOM_POPULA":"Bulevar del Cafe","ACT_GEOGRA":1180656000000,"NORMA":"Sin","CREACION":null,"ORIGEN_NOR":"Sin","OBSERVACIO":"Ajustado SPM","COD_SISBEN":" ","Shape_Area":36502.926381547892,"Shape__Area":36984.94921875,"Shape__Length":873.76624454207331,"GlobalID":"e5575f2f-d7f6-4512-aa12-bf739c21c88b","CreationDate":1545839815055,"Creator":"sigper_arcgis","EditDate":1545839815055,"Editor":"sigper_arcgis"}},{"type":"Feature","id":143,"geometry":{"type":"Polygon","coordinates":[[[-75.7486286649962,4.79592153089696],[-75.7487336728175,4.79600789616728],[-75.7488519552956,4.79608876793796],[-75.7489359400098,4.79613723096855],[-75.7490839771824,4.79618904699597],[-75.749209724335,4.79622242464002],[-75.7492976881433,4.796267054005],[-75.7493834684971,4.79629993892973],[-75.7494572037144,4.79629202348202],[-75.74942445986,4.79641756786638],[-75.7494336180228,4.79650941154217],[-75.7493611250765,4.79682954275592],[-75.7493632084485,4.79700918629353],[-75.7493417298684,4.79704975691661],[-75.7493955380452,4.79712739869195],[-75.7496671438602,4.79733050615526],[-75.7497952524096,4.79745111705503],[-75.7500167930137,4.79789605850308],[-75.750051763052,4.79797800947546],[-75.7500890607793,4.79818177869774],[-75.7500808591474,4.79829262734186],[-75.750117804258,4.79845967547236],[-75.7502352518121,4.79880878435755],[-75.7502607494404,4.79892281122885],[-75.7502697309871,4.7989768926891],[-75.7502708623115,4.79911852662918],[-75.7503021042659,4.79933283995643],[-75.7503234815167,4.79942636095183],[-75.7503596135305,4.79951518328273],[-75.7502917581472,4.79953067538542],[-75.7502014714822,4.79953685990264],[-75.7500389272907,4.79953926772039],[-75.7499257167804,4.79953641035834],[-75.74972147907,4.79949485820917],[-75.7496349241525,4.79946199159778],[-75.7495200212801,4.79940595288397],[-75.7494537484829,4.79936642659782],[-75.7492397210196,4.79928944396685],[-75.7491325282244,4.79919000883129],[-75.7490093482851,4.79905450745907],[-75.7487689788363,4.79891493026552],[-75.7485393514812,4.79885386209196],[-75.7485048412836,4.79882173496867],[-75.7484594512791,4.798791657873],[-75.7484090957884,4.79876986409007],[-75.7483169415321,4.79875158618665],[-75.748204082853,4.79871978021729],[-75.7481014003306,4.79868117378919],[-75.7479884708965,4.7986594000534],[-75.7477955000465,4.79858790868697],[-75.7486286649962,4.79592153089696]]]},"properties":{"FID":143,"ID_BAR":318,"CODSUELO":"6600101","CODCOM":"13","COMUNA":"San Joaquin","CODBAR":"011303","NOMBRE":"Bello Horizonte","NOM_POPULA":"Bello Horizonte","ACT_GEOGRA":1168041600000,"NORMA":"Sin","CREACION":null,"ORIGEN_NOR":"Sin","OBSERVACIO":"Ajustado SPM","COD_SISBEN":"13248","Shape_Area":61908.388980264441,"Shape__Area":62725.142578125,"Shape__Length":1125.0414564810585,"GlobalID":"e854076f-3621-4e1a-b40e-815c7a79f43d","CreationDate":1545839815055,"Creator":"sigper_arcgis","EditDate":1545839815055,"Editor":"sigper_arcgis"}},{"type":"Feature","id":144,"geometry":{"type":"Polygon","coordinates":[[[-75.7576080993345,4.79666761904077],[-75.7568284259043,4.7956990113181],[-75.7572147906844,4.79548363748042],[-75.7585743415164,4.79601467770004],[-75.7598623030894,4.79614375753799],[-75.7607925222677,4.796488208188],[-75.760924839088,4.79704006091363],[-75.7605207524092,4.79783768710049],[-75.760102261439,4.79828907624696],[-75.7600056141587,4.79828276928283],[-75.7594761221962,4.79828282030053],[-75.7589323671532,4.79878532793138],[-75.7584028788321,4.7988284457503],[-75.7579631881396,4.79891670509262],[-75.7579020103156,4.79885720460287],[-75.75781610131,4.79836911284504],[-75.758159522075,4.79801018372339],[-75.758087899464,4.79726368486122],[-75.7576871554983,4.7967469108001],[-75.7576080993345,4.79666761904077]]]},"properties":{"FID":144,"ID_BAR":250,"CODSUELO":"6600101","CODCOM":"13","COMUNA":"San Joaquin","CODBAR":"011311","NOMBRE":"Quintas de Corazal","NOM_POPULA":"Quintas de Corazal","ACT_GEOGRA":1180656000000,"NORMA":"Sin","CREACION":null,"ORIGEN_NOR":"Sin","OBSERVACIO":"Ajustado SPM","COD_SISBEN":" ","Shape_Area":90477.399012394089,"Shape__Area":91671.56396484375,"Shape__Length":1387.8033133480267,"GlobalID":"8d86c75e-8682-444a-aa05-dc10629830f3","CreationDate":1545839815055,"Creator":"sigper_arcgis","EditDate":1545839815055,"Editor":"sigper_arcgis"}},{"type":"Feature","id":145,"geometry":{"type":"Polygon","coordinates":[[[-75.6575981203579,4.79793911280622],[-75.6576106047047,4.79809811069355],[-75.657652818387,4.798162316842],[-75.6578332494487,4.7981794320157],[-75.6579093080313,4.79819862092563],[-75.658037160982,4.79825400551848],[-75.6581487514935,4.79825389310507],[-75.6583075661512,4.79821642938332],[-75.6583509127275,4.79822565382019],[-75.6584036213689,4.79828562287396],[-75.6584436745979,4.7984774211977],[-75.6584543778595,4.79849227587817],[-75.6587521845121,4.79875747033848],[-75.6583383269512,4.7994351663225],[-75.6577418176853,4.79906193710168],[-75.6574862286057,4.79952706504965],[-75.6573212286938,4.79942905753363],[-75.6570911939304,4.79930071823386],[-75.6568351398312,4.79914521015225],[-75.6569845584442,4.79870928506138],[-75.657372856264,4.79799020472017],[-75.6575981203579,4.79793911280622]]]},"properties":{"FID":145,"ID_BAR":319,"CODSUELO":"6600101","CODCOM":"05","COMUNA":"Oriente","CODBAR":"010503","NOMBRE":"Altos Del Otun *2, *3","NOM_POPULA":"Altos Del Otun *2, *3","ACT_GEOGRA":1168041600000,"NORMA":"Sin","CREACION":null,"ORIGEN_NOR":"Sin","OBSERVACIO":"Ajustado SPM, Visita de campo","COD_SISBEN":" ","Shape_Area":21588.356338571019,"Shape__Area":21871.5439453125,"Shape__Length":662.41681880540125,"GlobalID":"95f25636-6213-42e4-bcd6-853825aabec8","CreationDate":1545839815055,"Creator":"sigper_arcgis","EditDate":1545839815055,"Editor":"sigper_arcgis"}},{"type":"Feature","id":146,"geometry":{"type":"Polygon","coordinates":[[[-75.7523045874289,4.80201981368352],[-75.7524354661068,4.80199455358412],[-75.7525308575282,4.80184141605162],[-75.7524412074575,4.80173651204726],[-75.7525548043689,4.80150095199549],[-75.752863231038,4.80249286901836],[-75.7529007409737,4.8026135028102],[-75.7531900382985,4.80287050195265],[-75.7532027347276,4.80312952044692],[-75.7531852282226,4.80312958465722],[-75.7531871889488,4.80302397506292],[-75.7528422520544,4.80306537802292],[-75.7522210279611,4.80313994343111],[-75.7522448618547,4.80293656644684],[-75.7513027440804,4.80297253600886],[-75.7511834783042,4.80285291370164],[-75.751183436413,4.80235045793625],[-75.7517558697829,4.80242218906666],[-75.7521971006635,4.80224270304864],[-75.7523045874289,4.80201981368352]]]},"properties":{"FID":146,"ID_BAR":259,"CODSUELO":"6600101","CODCOM":"11","COMUNA":"Olimpica","CODBAR":"011107","NOMBRE":"Alegrias de la Villa","NOM_POPULA":"Alegrias de la Villa","ACT_GEOGRA":1180656000000,"NORMA":"Sin","CREACION":null,"ORIGEN_NOR":"Sin","OBSERVACIO":"Ajustado SPM","COD_SISBEN":" ","Shape_Area":17779.857633040021,"Shape__Area":18014.70849609375,"Shape__Length":751.56664057343653,"GlobalID":"e225166b-19d9-49e5-af55-5f646190128a","CreationDate":1545839815055,"Creator":"sigper_arcgis","EditDate":1545839815055,"Editor":"sigper_arcgis"}},{"type":"Feature","id":147,"geometry":{"type":"Polygon","coordinates":[[[-75.7546627909234,4.80303612859291],[-75.7547473685844,4.80281238720589],[-75.7550216259336,4.80246542904981],[-75.7552521704965,4.80225512130207],[-75.755808704817,4.80236965230211],[-75.7566000797186,4.80263227524882],[-75.7567031518236,4.80269257780668],[-75.756512378651,4.80308738189171],[-75.7559888058596,4.80304803804542],[-75.7555583258933,4.80301568934915],[-75.7548785711393,4.80305164009086],[-75.7547204008178,4.80296571225203],[-75.7546797835273,4.80303606623084],[-75.7546627909234,4.80303612859291]]]},"properties":{"FID":147,"ID_BAR":259,"CODSUELO":"6600101","CODCOM":"11","COMUNA":"Olimpica","CODBAR":"011107","NOMBRE":"Rivera Campestre","NOM_POPULA":"Rivera Campestre","ACT_GEOGRA":1180656000000,"NORMA":"Sin","CREACION":null,"ORIGEN_NOR":"Sin","OBSERVACIO":"Ajustado SPM","COD_SISBEN":" ","Shape_Area":13726.808232114859,"Shape__Area":13908.16845703125,"Shape__Length":542.506541180517,"GlobalID":"b29ebb22-3b98-43dc-bcfc-d288f1228fe0","CreationDate":1545839815055,"Creator":"sigper_arcgis","EditDate":1545839815055,"Editor":"sigper_arcgis"}},{"type":"Feature","id":148,"geometry":{"type":"Polygon","coordinates":[[[-75.7549137664863,4.79936549927575],[-75.7546995085725,4.79799048228166],[-75.7547263405919,4.79799086967843],[-75.7554242295818,4.79799228839459],[-75.7553869303704,4.79778795488956],[-75.7552018013377,4.79744549112195],[-75.7553284926863,4.79731082887719],[-75.7554825899906,4.79742391412852],[-75.7556249613904,4.79754556619829],[-75.7562876272177,4.7981463376432],[-75.7569204326587,4.79872261223243],[-75.7567770876755,4.79890130861496],[-75.7566075428583,4.79905026195984],[-75.7565719433773,4.79908286787008],[-75.7563584888628,4.79925317700726],[-75.7560793954946,4.79941199032232],[-75.7559896033806,4.79943882366758],[-75.7557997343949,4.79947097710924],[-75.7556096542811,4.79948031052889],[-75.7553909456769,4.79948893841315],[-75.75524984619,4.79948777908326],[-75.7549320471743,4.79948275870857],[-75.7549137664863,4.79936549927575]]]},"properties":{"FID":148,"ID_BAR":320,"CODSUELO":"6600101","CODCOM":"13","COMUNA":"San Joaquin","CODBAR":"011339","NOMBRE":"Santa Clara de Las Villas *4","NOM_POPULA":"Santa Clara de Las Villas *4","ACT_GEOGRA":1180656000000,"NORMA":"Sin","CREACION":null,"ORIGEN_NOR":"Sin","OBSERVACIO":"Ajustado SPM","COD_SISBEN":" ","Shape_Area":34508.732902833828,"Shape__Area":34964.25048828125,"Shape__Length":824.82371275200421,"GlobalID":"2b5d9d92-8663-4bc0-bfb1-a1be1be24506","CreationDate":1545839815055,"Creator":"sigper_arcgis","EditDate":1545839815055,"Editor":"sigper_arcgis"}},{"type":"Feature","id":149,"geometry":{"type":"Polygon","coordinates":[[[-75.7356871485692,4.79943831272319],[-75.735631017277,4.79936699319763],[-75.7354750557803,4.79915250486789],[-75.7354450534522,4.79908432859659],[-75.7354079372766,4.7989777194186],[-75.7353853294706,4.79888827793122],[-75.7353627921592,4.79886192638577],[-75.7353302895714,4.79881651665366],[-75.735306837312,4.79877598222917],[-75.735267045681,4.7986974026814],[-75.7352192257107,4.798639312323],[-75.735209189679,4.79862279802106],[-75.7352009844698,4.79857975497816],[-75.7352080264772,4.79855947901568],[-75.7352426408232,4.79852404827386],[-75.735261655282,4.79848814025085],[-75.7352703178763,4.79846498533129],[-75.7352870791298,4.79844808163423],[-75.7353148259551,4.79838974297676],[-75.7353209532926,4.79837266377622],[-75.7353437693375,4.79824895642856],[-75.7353654244815,4.79818067378938],[-75.7353925370852,4.79801517749084],[-75.7353943322827,4.79798750142463],[-75.7353883807521,4.79796164356262],[-75.7353483778582,4.79785512274496],[-75.7352988667084,4.7977710156682],[-75.7352423487322,4.79771179442648],[-75.7352069237212,4.79765200802741],[-75.7351894581954,4.79762947164645],[-75.7357240639123,4.79767946646066],[-75.736265842796,4.79693335157977],[-75.7363047523277,4.79685996408319],[-75.7364160236814,4.79672496958192],[-75.7364647249527,4.79682283570556],[-75.7364732818608,4.79684040935687],[-75.7364860293457,4.79686123319715],[-75.7365002206078,4.79687972558941],[-75.7365706476587,4.79695477159961],[-75.7366001920203,4.79697919765252],[-75.7366329757664,4.79700939977764],[-75.7366655479109,4.79704320507031],[-75.736697486699,4.79707829921253],[-75.7367284748272,4.79712026505713],[-75.7367714005558,4.79716212415613],[-75.7368330601717,4.79724668987125],[-75.7368649635609,4.79731287005227],[-75.7368799302952,4.79739489318177],[-75.7368958119608,4.79741306794919],[-75.7368958125291,4.79745665811918],[-75.736902186477,4.79748867979111],[-75.7369360274293,4.79756596925388],[-75.7369812766374,4.79760406659731],[-75.7367367984775,4.79801895700404],[-75.7364361545055,4.79844741352135],[-75.7364403454446,4.79849156881502],[-75.7363252012631,4.79867223777835],[-75.7362760439919,4.79869989764434],[-75.7360594865248,4.79895263058045],[-75.7360345561942,4.79899887035598],[-75.7356871485692,4.79943831272319]]]},"properties":{"FID":149,"ID_BAR":321,"CODSUELO":"6600101","CODCOM":"15","COMUNA":"El Oso","CODBAR":"011516","NOMBRE":"Libertador","NOM_POPULA":"Libertador","ACT_GEOGRA":1168041600000,"NORMA":"Sin","CREACION":null,"ORIGEN_NOR":"Sin","OBSERVACIO":"Ajustado SPM, Visita de campo","COD_SISBEN":"15273","Shape_Area":29109.669572557341,"Shape__Area":29493.4033203125,"Shape__Length":793.26726607982141,"GlobalID":"e6324c93-d119-493c-9f9e-2ffd76c10258","CreationDate":1545839815055,"Creator":"sigper_arcgis","EditDate":1545839815055,"Editor":"sigper_arcgis"}},{"type":"Feature","id":150,"geometry":{"type":"Polygon","coordinates":[[[-75.7093612079491,4.79079970040899],[-75.7091528689287,4.79068783634618],[-75.7099986129949,4.78894934255045],[-75.7100350599429,4.78899469673789],[-75.7106981362072,4.78955978081079],[-75.7106410267955,4.78968682531638],[-75.7107883975365,4.78974751287045],[-75.7105620486339,4.79015121222538],[-75.7100373559549,4.79114417369299],[-75.7097392195762,4.79106043796186],[-75.7093612079491,4.79079970040899]]]},"properties":{"FID":150,"ID_BAR":0,"CODSUELO":" ","CODCOM":" ","COMUNA":" ","CODBAR":" ","NOMBRE":"Multifamiliares  Villa Verde","NOM_POPULA":"Multifamiliares  Villa Verde","ACT_GEOGRA":null,"NORMA":" ","CREACION":null,"ORIGEN_NOR":" ","OBSERVACIO":" ","COD_SISBEN":" ","Shape_Area":22754.614822963969,"Shape__Area":23053.55322265625,"Shape__Length":641.76505036342292,"GlobalID":"b0f4b6f4-d833-4740-a649-0cfed1d89c2a","CreationDate":1545839815055,"Creator":"sigper_arcgis","EditDate":1545839815055,"Editor":"sigper_arcgis"}},{"type":"Feature","id":151,"geometry":{"type":"Polygon","coordinates":[[[-75.7521811713615,4.79719392159152],[-75.7522751307791,4.79878542042906],[-75.7521968724014,4.79914100448834],[-75.7508517056307,4.79951437075846],[-75.7504079230112,4.79764814341295],[-75.7499246888706,4.79771107691412],[-75.7498497063651,4.79637051608523],[-75.7507798759088,4.79616945702274],[-75.7520822016839,4.79694456489548],[-75.7521811713615,4.79719392159152]]]},"properties":{"FID":151,"ID_BAR":322,"CODSUELO":"6600101","CODCOM":"13","COMUNA":"San Joaquin","CODBAR":"011340","NOMBRE":"EL Nogal Club Residencial","NOM_POPULA":"EL Nogal Club Residencial","ACT_GEOGRA":1180656000000,"NORMA":"Sin","CREACION":null,"ORIGEN_NOR":"Sin","OBSERVACIO":"Ajustado SPM","COD_SISBEN":" ","Shape_Area":67187.035701226356,"Shape__Area":68073.48681640625,"Shape__Length":1097.46866005488,"GlobalID":"d1de3b75-6167-4d56-8dc4-73074a0af1dd","CreationDate":1545839815055,"Creator":"sigper_arcgis","EditDate":1545839815055,"Editor":"sigper_arcgis"}},{"type":"Feature","id":152,"geometry":{"type":"Polygon","coordinates":[[[-75.7167161298825,4.8043463722711],[-75.7172562284731,4.80415398613142],[-75.7176760060775,4.80404869519093],[-75.7179431342015,4.80389555643996],[-75.7178985526316,4.80406328851467],[-75.7179258433987,4.80405602423256],[-75.718076446702,4.80444447140668],[-75.71796424992,4.80452974135862],[-75.7176187856341,4.80469949714839],[-75.7174478576609,4.80493033496104],[-75.7173707443163,4.8050344762805],[-75.7172853975237,4.80549118092862],[-75.7172808066971,4.80549386756637],[-75.7168269514129,4.80549388294533],[-75.7165969372481,4.80541432618195],[-75.7165502604779,4.80499622161703],[-75.7164831509028,4.80469026394022],[-75.7165502450336,4.80452726281793],[-75.7167161298825,4.8043463722711]]]},"properties":{"FID":152,"ID_BAR":205,"CODSUELO":"6600101","CODCOM":"08","COMUNA":"El Jardin","CODBAR":"010802","NOMBRE":"Jardines de Tanambi","NOM_POPULA":"Jardines de Tanambi","ACT_GEOGRA":1180656000000,"NORMA":"Sin","CREACION":null,"ORIGEN_NOR":"Sin","OBSERVACIO":"Ajustado SPM","COD_SISBEN":" ","Shape_Area":17161.58990659476,"Shape__Area":17387.88232421875,"Shape__Length":579.6356917375125,"GlobalID":"805658a8-92db-48ee-b565-57b49b30e5b1","CreationDate":1545839815055,"Creator":"sigper_arcgis","EditDate":1545839815055,"Editor":"sigper_arcgis"}},{"type":"Feature","id":153,"geometry":{"type":"Polygon","coordinates":[[[-75.7342804499733,4.79931294532406],[-75.7342675963821,4.79928834136945],[-75.73440608875,4.7992021659541],[-75.7347945582822,4.79894270218344],[-75.7348293481734,4.79887788175085],[-75.734904701378,4.79866462582369],[-75.7349494206556,4.79849425516618],[-75.735059389379,4.79834175769376],[-75.735104073156,4.79822871877995],[-75.735112734505,4.79812456373865],[-75.735078787782,4.79798298364019],[-75.7350232549169,4.79789650963489],[-75.7349483211119,4.79781360377201],[-75.7348372577017,4.79771559686694],[-75.7341410543789,4.79728379756042],[-75.7339713956408,4.79714892980338],[-75.7338086041346,4.79697121318818],[-75.7336507421503,4.79683643459868],[-75.7335012620078,4.79673408300155],[-75.7331964557977,4.79654686539418],[-75.7330244741997,4.79643730748103],[-75.7328037218607,4.79625697781481],[-75.7327268863498,4.79618590582983],[-75.7325153244578,4.79589054098957],[-75.7323934512823,4.79577391790085],[-75.7322373861424,4.79565701229471],[-75.7319062059042,4.79548975282255],[-75.7315293563151,4.79545008611739],[-75.7312477927914,4.79542698584215],[-75.7311226101733,4.79536126540996],[-75.7310477120801,4.79532171982909],[-75.7309290434924,4.79523386821237],[-75.7308539340764,4.79516925990233],[-75.7307962550871,4.79511003887835],[-75.7307294200831,4.79501437982312],[-75.7307933300532,4.79470919274964],[-75.7308591774273,4.79454438618839],[-75.7309247077596,4.79441765881875],[-75.730978125194,4.79429176189848],[-75.7309846033717,4.79424878941261],[-75.7309497782023,4.79417564937543],[-75.7309169588008,4.79413718120867],[-75.7307582533381,4.79395102209311],[-75.7305305298155,4.79370996812235],[-75.7303179136875,4.79349169904034],[-75.7301934706363,4.79335460464576],[-75.730072125624,4.7932544778512],[-75.7299507819646,4.7931651780436],[-75.7298644747089,4.79308668661604],[-75.7296998536954,4.79281115595518],[-75.7296099191971,4.79263654698926],[-75.7294842080541,4.79241825933924],[-75.7293230732047,4.7920746401189],[-75.7292663450969,4.79204542661672],[-75.7292157796969,4.79205927377565],[-75.7289996084538,4.79226986249969],[-75.7286093454858,4.7926270304382],[-75.7285144819855,4.79263381258684],[-75.728340319112,4.79262877946773],[-75.7282354904266,4.79265288895471],[-75.7281755581127,4.79268547580817],[-75.7279533659683,4.792873773487],[-75.7279251249008,4.79282658018472],[-75.7277802941515,4.79293409122036],[-75.7271683647733,4.79347459324388],[-75.7269754339512,4.79368680542689],[-75.7268887398001,4.79379081847046],[-75.7263130434043,4.79436118682025],[-75.7253036660027,4.79325709759744],[-75.7253243381893,4.79240743605987],[-75.7252190523037,4.79201135878317],[-75.7251567964547,4.79173967706666],[-75.7251397552032,4.79136723192254],[-75.7237000465415,4.79091758010082],[-75.7246452375073,4.78780236196215],[-75.724876337599,4.78812771947658],[-75.7254068505094,4.78832787032775],[-75.7272973475169,4.78897219195749],[-75.7280231860969,4.78923203920016],[-75.7286284930323,4.78942494494756],[-75.7291355216122,4.78962519904685],[-75.7295313482944,4.78974137960315],[-75.7300717231466,4.78990501853265],[-75.7306035766792,4.79000648542244],[-75.7307522097936,4.79005491473332],[-75.7307715770062,4.79011175213841],[-75.7307505555244,4.79018460946885],[-75.7306165008892,4.79032226944997],[-75.7303415260411,4.79051708657118],[-75.730189689645,4.79066769366349],[-75.7292819073858,4.79158170289034],[-75.7293348326153,4.79164714170234],[-75.7293716297837,4.7916993693548],[-75.7294104703054,4.79174682761203],[-75.7295077987804,4.79189948254125],[-75.7295426954315,4.79198018154852],[-75.7295789293502,4.79207979608003],[-75.7296210447891,4.7921746605384],[-75.7296338270288,4.7921959961923],[-75.7296483345311,4.79221346407313],[-75.7297291135139,4.79229114269231],[-75.7297536217793,4.79232784513523],[-75.729756720308,4.79233923694821],[-75.7298250339446,4.7924067953705],[-75.7298563033712,4.79252426700902],[-75.7298783114595,4.79255328545488],[-75.7298941222135,4.79258219856333],[-75.7299962052669,4.7927686059119],[-75.7302257239599,4.79303565874734],[-75.7302463588398,4.79307010063831],[-75.7303667171747,4.79320466825534],[-75.7304260153613,4.79326623938985],[-75.7304375654683,4.79327159067504],[-75.7305648610495,4.79342883759035],[-75.7305964822804,4.7934638435681],[-75.7306364139145,4.79350414924021],[-75.7306774370051,4.79354256396487],[-75.7307221580006,4.79358129787653],[-75.7307489196361,4.79360129142951],[-75.7308428684247,4.79369723170694],[-75.73090706177,4.79377411546209],[-75.731009180752,4.7939437616119],[-75.7310477739294,4.79398003976933],[-75.7311916523275,4.79372739671198],[-75.7316157582342,4.79395484888421],[-75.7313777230485,4.79457356046462],[-75.7315287520992,4.79466457395287],[-75.7316929861737,4.79475023428455],[-75.7319223289119,4.79483847373469],[-75.7319878945728,4.79473000917264],[-75.7323662242923,4.79491397614168],[-75.732475314691,4.79496703316534],[-75.7326875446938,4.79509951589414],[-75.7329235382812,4.79470734044641],[-75.7330225579484,4.7947644593909],[-75.733681416933,4.79366766015784],[-75.7337144464063,4.79368772470977],[-75.7338883282122,4.79373410404456],[-75.7339074489801,4.7937433413487],[-75.734052316095,4.79385826813611],[-75.734092600428,4.79389670115126],[-75.7341769710578,4.79399536157869],[-75.7342284534944,4.79406805875753],[-75.7342977884213,4.79413815931474],[-75.7343424039533,4.79417567417709],[-75.7343797302576,4.79420965610956],[-75.7344209294846,4.79425124969793],[-75.7344431845205,4.7942757826072],[-75.7345116040632,4.79434070832666],[-75.7345218505324,4.79434865616497],[-75.7333475101653,4.79556173210866],[-75.7335504829058,4.79605028722966],[-75.7339444773922,4.79564984363891],[-75.7339522603524,4.79568802923202],[-75.7339639514157,4.79571259743618],[-75.7340117357055,4.7957763579901],[-75.7340264903826,4.79579656290192],[-75.7341080796019,4.7958880704316],[-75.7341649848971,4.79594266458343],[-75.7342956260724,4.79604787738147],[-75.7344281688718,4.79613277788268],[-75.7344511981927,4.79614526483477],[-75.7343234473965,4.79631752711001],[-75.7340433319887,4.79669518479625],[-75.7340828053555,4.7967285481038],[-75.7340987220858,4.79674947855326],[-75.734123196092,4.7967766954875],[-75.7341493244816,4.79680080390391],[-75.7341953835376,4.79686292201562],[-75.7342555280655,4.79692477491864],[-75.7342911990147,4.79695227424456],[-75.7343358849003,4.79698383606313],[-75.7343794791229,4.797011866285],[-75.734495119956,4.7971253624281],[-75.7345427637725,4.79716699223744],[-75.7346315369386,4.79724454617691],[-75.7347658402657,4.79733117780579],[-75.734791194458,4.79734288822338],[-75.7348140831054,4.79735636394042],[-75.73483443608,4.79737105876736],[-75.734874931477,4.79738598305392],[-75.7349249699088,4.79740682418735],[-75.7349717328848,4.79742883053883],[-75.7350170876652,4.79746355423714],[-75.7350479344976,4.79748091587491],[-75.735069027098,4.79749575137659],[-75.7350834297685,4.79750749721003],[-75.7351487864966,4.79758853090294],[-75.7351894581954,4.79762947164645],[-75.7352069237212,4.79765200802741],[-75.7352423487322,4.79771179442648],[-75.7352988667084,4.7977710156682],[-75.7353483778582,4.79785512274496],[-75.7353883807521,4.79796164356262],[-75.7353943322827,4.79798750142463],[-75.7353925370852,4.79801517749084],[-75.7353654244815,4.79818067378938],[-75.7353437693375,4.79824895642856],[-75.7353209532926,4.79837266377622],[-75.7353148259551,4.79838974297676],[-75.7352870791298,4.79844808163423],[-75.7352703178763,4.79846498533129],[-75.735261655282,4.79848814025085],[-75.7352426408232,4.79852404827386],[-75.7352080264772,4.79855947901568],[-75.7352009844698,4.79857975497816],[-75.735209189679,4.79862279802106],[-75.7352192257107,4.798639312323],[-75.735267045681,4.7986974026814],[-75.735306837312,4.79877598222917],[-75.7348740715203,4.79908537723645],[-75.7346926191528,4.79917863654095],[-75.7344700374794,4.79931147683959],[-75.7344056681251,4.79933431508876],[-75.7342804499733,4.79931294532406]]]},"properties":{"FID":153,"ID_BAR":323,"CODSUELO":"6600101","CODCOM":"15","COMUNA":"El Oso","CODBAR":"011508","NOMBRE":"Hacienda Cuba","NOM_POPULA":"Hacienda Cuba","ACT_GEOGRA":1168041600000,"NORMA":"Sin","CREACION":null,"ORIGEN_NOR":"Sin","OBSERVACIO":"Ajustado SPM","COD_SISBEN":"15285","Shape_Area":356923.12054807547,"Shape__Area":361619.45458984375,"Shape__Length":5427.4155275484818,"GlobalID":"e7767e01-aae1-4302-9110-79bd34325371","CreationDate":1545839815055,"Creator":"sigper_arcgis","EditDate":1545839815055,"Editor":"sigper_arcgis"}},{"type":"Feature","id":154,"geometry":{"type":"Polygon","coordinates":[[[-75.7201745421541,4.80570543194923],[-75.7200424232077,4.80570543701823],[-75.7198563738899,4.80545421619675],[-75.7197079424566,4.80526893332047],[-75.7195343670026,4.80505226368462],[-75.7193020685807,4.80480371564745],[-75.7187830239159,4.80424836210055],[-75.718625597155,4.80400431782612],[-75.718623865172,4.8039614989131],[-75.7187472351713,4.80391817812412],[-75.7188603272512,4.80382275099602],[-75.7188617175377,4.80382486072084],[-75.7191047993331,4.80361646523115],[-75.7198726643967,4.8034521358862],[-75.7209454711564,4.80401662043634],[-75.7211299792702,4.80415495937585],[-75.7212013203392,4.80420356620805],[-75.7219742842742,4.80476835999708],[-75.7222390979401,4.8050665127196],[-75.7227185252748,4.8054828132019],[-75.7227041573485,4.80554253618709],[-75.7228033884362,4.8055909578151],[-75.7222820556577,4.80568381380738],[-75.7218312674396,4.80569818827158],[-75.7212445273016,4.80571974583432],[-75.7209654650067,4.80565515548569],[-75.7203572562543,4.80561211167138],[-75.7201745421541,4.80570543194923]]]},"properties":{"FID":154,"ID_BAR":205,"CODSUELO":"6600101","CODCOM":"08","COMUNA":"El Jardin","CODBAR":"010802","NOMBRE":"Andalucia","NOM_POPULA":"Andalucia","ACT_GEOGRA":1180656000000,"NORMA":"Sin","CREACION":null,"ORIGEN_NOR":"Sin","OBSERVACIO":"Ajustado SPM","COD_SISBEN":" ","Shape_Area":63310.929452482822,"Shape__Area":64145.93017578125,"Shape__Length":1130.0720461630931,"GlobalID":"6fc7eb79-1294-4f19-aa4a-eeddc3d6482b","CreationDate":1545839815055,"Creator":"sigper_arcgis","EditDate":1545839815055,"Editor":"sigper_arcgis"}},{"type":"Feature","id":155,"geometry":{"type":"Polygon","coordinates":[[[-75.7342675963821,4.79928834136945],[-75.734112796062,4.79899142301992],[-75.734730044483,4.79868492195672],[-75.73448569451,4.79818704317363],[-75.7346151729781,4.79811088135425],[-75.7347142971717,4.79804936251879],[-75.7349494206556,4.79849425516618],[-75.734904701378,4.79866462582369],[-75.7348293481734,4.79887788175085],[-75.7347945582822,4.79894270218344],[-75.73440608875,4.7992021659541],[-75.7342675963821,4.79928834136945]]]},"properties":{"FID":155,"ID_BAR":324,"CODSUELO":"6600101","CODCOM":"14","COMUNA":"Perla Del Otun","CODBAR":"011407","NOMBRE":"Gaviria Trujillo","NOM_POPULA":"Gaviria Trujillo","ACT_GEOGRA":1180656000000,"NORMA":"82","CREACION":722476800000,"ORIGEN_NOR":"Concejo Municipal","OBSERVACIO":"Ajustado a delimitacion de la Norma de creacion","COD_SISBEN":"14129","Shape_Area":4654.86070626526,"Shape__Area":4716.22509765625,"Shape__Length":385.34554047873632,"GlobalID":"eacd4876-ce8e-49eb-b2a8-a21589ef1481","CreationDate":1545839815055,"Creator":"sigper_arcgis","EditDate":1545839815055,"Editor":"sigper_arcgis"}},{"type":"Feature","id":156,"geometry":{"type":"Polygon","coordinates":[[[-75.7188603272512,4.80382275099602],[-75.7187472351713,4.80391817812412],[-75.718623865172,4.8039614989131],[-75.7186091097305,4.80359670757224],[-75.7186066335897,4.80359781871361],[-75.7184868930206,4.80345278054429],[-75.7185269501171,4.80363357580413],[-75.7179431342015,4.80389555643996],[-75.7176760060775,4.80404869519093],[-75.7172562284731,4.80415398613142],[-75.7167161298825,4.8043463722711],[-75.7165979389464,4.8042688553639],[-75.7163212642726,4.80424972331975],[-75.7159682525398,4.80381905834849],[-75.7165813720608,4.80340521219266],[-75.7174183813409,4.80312035706653],[-75.7185727769883,4.80309160461086],[-75.7187540562541,4.80337871568418],[-75.7186664806086,4.80352859343159],[-75.7188603272512,4.80382275099602]]]},"properties":{"FID":156,"ID_BAR":205,"CODSUELO":"6600101","CODCOM":"08","COMUNA":"El Jardin","CODBAR":"010802","NOMBRE":"Arco Iris de la Colina","NOM_POPULA":"Arco Iris de la Colina","ACT_GEOGRA":1180656000000,"NORMA":"Sin","CREACION":null,"ORIGEN_NOR":"Sin","OBSERVACIO":"Ajustado SPM","COD_SISBEN":" ","Shape_Area":26127.700719964949,"Shape__Area":26472.14892578125,"Shape__Length":846.19515798553778,"GlobalID":"aa4ec336-c750-451a-adf0-629b0c4068ad","CreationDate":1545839815055,"Creator":"sigper_arcgis","EditDate":1545839815055,"Editor":"sigper_arcgis"}},{"type":"Feature","id":157,"geometry":{"type":"Polygon","coordinates":[[[-75.7203365057815,4.80621540678527],[-75.7203286554443,4.80615045830659],[-75.7202570875794,4.80578438611367],[-75.7202482017384,4.80569825117163],[-75.7201745418798,4.80569825400883],[-75.720357255978,4.80560493373095],[-75.7209654647241,4.80564797754531],[-75.721244527016,4.80571256789395],[-75.7218312671479,4.80569101033125],[-75.7222820553613,4.80567663586708],[-75.7228033881343,4.8055837798748],[-75.7229761285157,4.80571249637278],[-75.7229332180806,4.80622930989261],[-75.72291528131,4.8062458297501],[-75.7227185659088,4.80645183512895],[-75.7224967567161,4.80663847089642],[-75.7222820947875,4.80663130191219],[-75.7214019800898,4.80658109234337],[-75.7211157566424,4.80638012148429],[-75.7205647900374,4.80632989763592],[-75.7203365057815,4.80621540678527]]]},"properties":{"FID":157,"ID_BAR":205,"CODSUELO":"6600101","CODCOM":"08","COMUNA":"El Jardin","CODBAR":"010802","NOMBRE":"La Castellana","NOM_POPULA":"La Castellana","ACT_GEOGRA":1180656000000,"NORMA":"Sin","CREACION":null,"ORIGEN_NOR":"Sin","OBSERVACIO":"Ajustado SPM","COD_SISBEN":" ","Shape_Area":26799.694710603439,"Shape__Area":27153.28662109375,"Shape__Length":763.79554049836315,"GlobalID":"257b8f5b-968a-4a87-a88b-4b5fe6d5f61d","CreationDate":1545839815055,"Creator":"sigper_arcgis","EditDate":1545839815055,"Editor":"sigper_arcgis"}},{"type":"Feature","id":158,"geometry":{"type":"Polygon","coordinates":[[[-75.7229321946237,4.79748498117301],[-75.7228930732071,4.79744395167169],[-75.7230458636908,4.7972991575467],[-75.7233665859572,4.7969951912354],[-75.7236403343038,4.79669092363238],[-75.7248043345193,4.79752697317436],[-75.7251505844329,4.79781200815846],[-75.7246694660589,4.79843765783226],[-75.7246865787202,4.79855954489583],[-75.7249116259793,4.79874568843233],[-75.7250212088147,4.79887937494335],[-75.7251130085771,4.79919870934501],[-75.7229321946237,4.79748498117301]]]},"properties":{"FID":158,"ID_BAR":325,"CODSUELO":"6600101","CODCOM":"15","COMUNA":"El Oso","CODBAR":"011528","NOMBRE":"Pueblito Paisa","NOM_POPULA":"Pueblito Paisa","ACT_GEOGRA":1168041600000,"NORMA":"Sin","CREACION":null,"ORIGEN_NOR":"Sin","OBSERVACIO":"Ajustado SPM","COD_SISBEN":"15302","Shape_Area":28017.237813439038,"Shape__Area":28386.24658203125,"Shape__Length":834.359460833336,"GlobalID":"c37be8ca-90c9-4f51-bfcf-6a2b80ec7a79","CreationDate":1545839815055,"Creator":"sigper_arcgis","EditDate":1545839815055,"Editor":"sigper_arcgis"}},{"type":"Feature","id":159,"geometry":{"type":"Polygon","coordinates":[[[-75.7422726757657,4.79891717508671],[-75.7427534959885,4.79823509997099],[-75.742805295468,4.7982774706822],[-75.7428748067815,4.79830853726756],[-75.7429328710386,4.79821985286497],[-75.7430570324754,4.79822689774176],[-75.7431584136017,4.79831628348042],[-75.7432903949049,4.79840127198959],[-75.7434589973742,4.79851621403093],[-75.7435527007813,4.79855939526722],[-75.7434215710038,4.79872455896223],[-75.7433794930692,4.7987832163831],[-75.7433140345744,4.79888988083357],[-75.7432598431854,4.79897603874799],[-75.7432095954431,4.79903577319157],[-75.7430938868944,4.79910868655122],[-75.7429169402415,4.79910869046748],[-75.7426815404657,4.79911685581487],[-75.7425079402001,4.79914923521374],[-75.7423707109081,4.79899529339646],[-75.7422726757657,4.79891717508671]]]},"properties":{"FID":159,"ID_BAR":326,"CODSUELO":"6600101","CODCOM":"13","COMUNA":"San Joaquin","CODBAR":"011331","NOMBRE":"Portal de Corales","NOM_POPULA":"Portal de Corales","ACT_GEOGRA":1168041600000,"NORMA":"Sin","CREACION":null,"ORIGEN_NOR":"Sin","OBSERVACIO":"Ajustado SPM, Visita de campo","COD_SISBEN":" ","Shape_Area":9023.45040654595,"Shape__Area":9142.46826171875,"Shape__Length":384.93390038650324,"GlobalID":"c916022f-ebe4-40f0-84d0-ac9f6f534344","CreationDate":1545839815055,"Creator":"sigper_arcgis","EditDate":1545839815055,"Editor":"sigper_arcgis"}},{"type":"Feature","id":160,"geometry":{"type":"Polygon","coordinates":[[[-75.721843701991,4.80715060947178],[-75.721251739243,4.80714097770619],[-75.72080094948,4.8071409956139],[-75.7204073981532,4.80701898602203],[-75.720149802402,4.80697592833131],[-75.7202928997547,4.80670316108933],[-75.7203572860934,4.80638732922776],[-75.7203365057815,4.80621540678527],[-75.7205647900374,4.80632989763592],[-75.7211157566424,4.80638012148429],[-75.7214019800898,4.80658109234337],[-75.7222820947875,4.80663130191219],[-75.7224967567161,4.80663847089642],[-75.7227185659088,4.80645183512895],[-75.72291528131,4.8062458297501],[-75.7231061447141,4.80652444516556],[-75.7232266099386,4.80672457522105],[-75.7234055048249,4.80696143953359],[-75.7231264531231,4.80716243385434],[-75.721843701991,4.80715060947178]]]},"properties":{"FID":160,"ID_BAR":205,"CODSUELO":"6600101","CODCOM":"08","COMUNA":"El Jardin","CODBAR":"010802","NOMBRE":"Paseo de la Castellana","NOM_POPULA":"Paseo de la Castellana","ACT_GEOGRA":1180656000000,"NORMA":"Sin","CREACION":null,"ORIGEN_NOR":"Sin","OBSERVACIO":"Ajustado SPM","COD_SISBEN":" ","Shape_Area":23948.248398652839,"Shape__Area":24264.265625,"Shape__Length":873.92421880866823,"GlobalID":"88707512-146f-4d42-9346-a452610c0a08","CreationDate":1545839815055,"Creator":"sigper_arcgis","EditDate":1545839815055,"Editor":"sigper_arcgis"}},{"type":"Feature","id":161,"geometry":{"type":"Polygon","coordinates":[[[-75.7492192635252,4.80089043152091],[-75.7492445569898,4.80085236475813],[-75.7491703401743,4.8006713540704],[-75.7490201186854,4.80030497188435],[-75.7488246961098,4.79982834601305],[-75.7491776893075,4.79979960578813],[-75.7496070942285,4.80086190587319],[-75.7493946786882,4.80097040822071],[-75.7492192635252,4.80089043152091]]]},"properties":{"FID":161,"ID_BAR":232,"CODSUELO":"6600101","CODCOM":"11","COMUNA":"Olimpica","CODBAR":"011121","NOMBRE":"Coral Plaza","NOM_POPULA":"Coral Plaza","ACT_GEOGRA":1180656000000,"NORMA":"3","CREACION":887846400000,"ORIGEN_NOR":"Concejo Municipal","OBSERVACIO":"Ajustado a delimitacion de la Norma de creacion","COD_SISBEN":"11217","Shape_Area":4937.85758599019,"Shape__Area":5003.03662109375,"Shape__Length":344.08247034815059,"GlobalID":"0452010f-9608-4503-94d5-53107fb726cf","CreationDate":1545839815055,"Creator":"sigper_arcgis","EditDate":1545839815055,"Editor":"sigper_arcgis"}},{"type":"Feature","id":162,"geometry":{"type":"Polygon","coordinates":[[[-75.7400325561493,4.79901219278046],[-75.7399838556367,4.79900848472287],[-75.7399839177435,4.79858872283418],[-75.7396892475188,4.79823272728754],[-75.7394635627567,4.79800983350402],[-75.7393359467428,4.79784711274534],[-75.7389335422667,4.79843470939471],[-75.7387229035991,4.79884435484654],[-75.7384918022984,4.7989939051209],[-75.7384321862471,4.7989754664732],[-75.7383891186997,4.79888743856812],[-75.7383405927667,4.79874797788362],[-75.738318899444,4.79864735675949],[-75.7382525211047,4.79855431259768],[-75.7381408952788,4.79850173401352],[-75.7382594545493,4.79830583968644],[-75.7378740767752,4.79801747385516],[-75.7379061562034,4.79801515912192],[-75.7379606303978,4.79799726616056],[-75.7380382043298,4.79793871499253],[-75.7383309232654,4.79750404092634],[-75.7388000191688,4.79675790723268],[-75.7392469688891,4.79620137804681],[-75.7392495750772,4.79622410944249],[-75.7392570050996,4.79624145394947],[-75.7392676403729,4.796261288193],[-75.7392878532677,4.79628642182463],[-75.7393151785023,4.79630784556425],[-75.739333419526,4.79631725913227],[-75.7393533497209,4.7963241997861],[-75.7394359968558,4.79644076954192],[-75.7394835708438,4.79648465909342],[-75.7395897041617,4.79656291915464],[-75.7397743289281,4.7967190325159],[-75.7399323693327,4.79692500700682],[-75.7399824445971,4.79701918171868],[-75.7400358992872,4.7970888756425],[-75.740103861331,4.79716104256142],[-75.7401544293057,4.79725675333278],[-75.7402146456758,4.79734456884661],[-75.7402680302502,4.7974077108943],[-75.7403050763734,4.79750488778798],[-75.7403497284296,4.79759155630206],[-75.7403919148192,4.79765690583294],[-75.7404041347727,4.79771224115242],[-75.7404316728025,4.79777487150925],[-75.7405071750227,4.79803014282613],[-75.7405173170265,4.79809323183018],[-75.7405515815659,4.79818325577046],[-75.7403933708623,4.79830535855815],[-75.7403717530056,4.79842277821415],[-75.7402055228113,4.79902469401817],[-75.7401669995852,4.79902241624831],[-75.7400325561493,4.79901219278046]]]},"properties":{"FID":162,"ID_BAR":327,"CODSUELO":"6600101","CODCOM":"13","COMUNA":"San Joaquin","CODBAR":"011323","NOMBRE":"Leningrado III","NOM_POPULA":"Leningrado III","ACT_GEOGRA":1180656000000,"NORMA":"Sin","CREACION":null,"ORIGEN_NOR":"Sin","OBSERVACIO":"Ajustado SPM, Visita de campo","COD_SISBEN":"13119","Shape_Area":45427.26266856298,"Shape__Area":46026.16845703125,"Shape__Length":1129.1570246085066,"GlobalID":"623d20de-0c90-4c1d-a89a-43816f275e7f","CreationDate":1545839815055,"Creator":"sigper_arcgis","EditDate":1545839815055,"Editor":"sigper_arcgis"}},{"type":"Feature","id":163,"geometry":{"type":"Polygon","coordinates":[[[-75.7521586616773,4.80044414255417],[-75.7521301312045,4.80151605046719],[-75.7519393546942,4.80189889008567],[-75.7517199388988,4.80207117921832],[-75.7514432145678,4.80145868518212],[-75.7508230303962,4.80078879621621],[-75.7509470440998,4.80064522709654],[-75.7517484345855,4.80057816560511],[-75.7521586616773,4.80044414255417]]]},"properties":{"FID":163,"ID_BAR":259,"CODSUELO":"6600101","CODCOM":"11","COMUNA":"Olimpica","CODBAR":"011107","NOMBRE":"San Sebastian","NOM_POPULA":"San Sebastian","ACT_GEOGRA":1180656000000,"NORMA":"Sin","CREACION":null,"ORIGEN_NOR":"Sin","OBSERVACIO":"Ajustado SPM","COD_SISBEN":" ","Shape_Area":14553.61446781079,"Shape__Area":14745.78173828125,"Shape__Length":534.23092681592618,"GlobalID":"ac607695-15f9-455c-8e7d-3c9487465c2b","CreationDate":1545839815055,"Creator":"sigper_arcgis","EditDate":1545839815055,"Editor":"sigper_arcgis"}},{"type":"Feature","id":164,"geometry":{"type":"Polygon","coordinates":[[[-75.7398776875566,4.79900018532641],[-75.739834515705,4.79896699851797],[-75.7397982455619,4.79893785644297],[-75.7393056123387,4.79887359297811],[-75.7392662790621,4.7988888360843],[-75.7390015829599,4.79894981131536],[-75.7387229035991,4.79884435484654],[-75.7389335422667,4.79843470939471],[-75.7393359467428,4.79784711274534],[-75.7394635627567,4.79800983350402],[-75.7396892475188,4.79823272728754],[-75.7399839177435,4.79858872283418],[-75.7399838556367,4.79900848472287],[-75.7398776875566,4.79900018532641]]]},"properties":{"FID":164,"ID_BAR":328,"CODSUELO":"6600101","CODCOM":"13","COMUNA":"San Joaquin","CODBAR":"011318","NOMBRE":"Jose Maria Cordoba","NOM_POPULA":"Jose Maria Cordoba","ACT_GEOGRA":1180656000000,"NORMA":"Sin","CREACION":null,"ORIGEN_NOR":"Sin","OBSERVACIO":"Ajustado SPM, Visita de campo","COD_SISBEN":"13114","Shape_Area":10152.764119855479,"Shape__Area":10286.64404296875,"Shape__Length":434.31813501509549,"GlobalID":"95eeee37-5957-4dc0-abe0-a1fb0f7f076e","CreationDate":1545839815055,"Creator":"sigper_arcgis","EditDate":1545839815055,"Editor":"sigper_arcgis"}},{"type":"Feature","id":165,"geometry":{"type":"Polygon","coordinates":[[[-75.7651863961074,4.80867737976462],[-75.7652488644099,4.8086976465172],[-75.7654133650915,4.8087626339531],[-75.7651863961074,4.80867737976462]]]},"properties":{"FID":165,"ID_BAR":134,"CODSUELO":"6600101","CODCOM":"11","COMUNA":"Olimpica","CODBAR":"011110","NOMBRE":"El Palmar","NOM_POPULA":"El Palmar","ACT_GEOGRA":1180656000000,"NORMA":"Sin","CREACION":null,"ORIGEN_NOR":"Sin","OBSERVACIO":"Ajustado SPM","COD_SISBEN":" ","Shape_Area":4.45376076925,"Shape__Area":4.51318359375,"Shape__Length":54.013460313377962,"GlobalID":"69cddb14-973c-4ff0-ace7-1c32ad42d66d","CreationDate":1545839815055,"Creator":"sigper_arcgis","EditDate":1545839815055,"Editor":"sigper_arcgis"}},{"type":"Feature","id":166,"geometry":{"type":"Polygon","coordinates":[[[-75.6662369360157,4.79898926902129],[-75.6659805154665,4.79897511591473],[-75.6650090896319,4.79897139048159],[-75.665024622167,4.79892637103597],[-75.6650374535898,4.79877191549709],[-75.6650361355455,4.79855565809084],[-75.6650282495416,4.79853055937289],[-75.6656037034034,4.79853121195023],[-75.6655851989513,4.79832668041991],[-75.665585960339,4.79808205779035],[-75.665609506822,4.79781304535258],[-75.6657118394641,4.79738064712855],[-75.6661056245661,4.79741893885839],[-75.6665027021834,4.79765407606565],[-75.6665774187166,4.79771439934736],[-75.6665675585406,4.79772510171529],[-75.6665574155202,4.79774276365457],[-75.6665355456136,4.79777130400562],[-75.6665031116744,4.79780441772627],[-75.6664429276751,4.79784980420689],[-75.666396900927,4.79788788009192],[-75.6662963628314,4.79793900421813],[-75.6662496670207,4.79797813913746],[-75.6661736695143,4.79806760973613],[-75.666135455124,4.79815611246736],[-75.6662417839704,4.79832359568475],[-75.6662651232213,4.79840673366701],[-75.6662777923025,4.79849214945281],[-75.6663364480126,4.79860335656137],[-75.6663322474054,4.79871224415736],[-75.6662371144546,4.7989625108989],[-75.6662369360157,4.79898926902129]]]},"properties":{"FID":166,"ID_BAR":329,"CODSUELO":"6600101","CODCOM":"01","COMUNA":"Villa Santana","CODBAR":"010105","NOMBRE":"El Otono","NOM_POPULA":"El Otono","ACT_GEOGRA":1168041600000,"NORMA":"Sin","CREACION":null,"ORIGEN_NOR":"Sin","OBSERVACIO":"Ajustado SPM","COD_SISBEN":"01002","Shape_Area":16418.534406723349,"Shape__Area":16633.99853515625,"Shape__Length":658.61951347172078,"GlobalID":"9c6d9273-6246-441a-b07d-d36dea31de9c","CreationDate":1545839815055,"Creator":"sigper_arcgis","EditDate":1545839815055,"Editor":"sigper_arcgis"}},{"type":"Feature","id":167,"geometry":{"type":"Polygon","coordinates":[[[-75.7464005545052,4.79233678703793],[-75.7457851414241,4.79150419280314],[-75.7458422382103,4.7895805001708],[-75.7487617013573,4.79131733421665],[-75.7479461115149,4.79266685199079],[-75.7464005545052,4.79233678703793]]]},"properties":{"FID":167,"ID_BAR":330,"CODSUELO":"6600101","CODCOM":"13","COMUNA":" ","CODBAR":" ","NOMBRE":"Ciudadela Salamanca","NOM_POPULA":"Ciudadela Salamanca","ACT_GEOGRA":1168041600000,"NORMA":"Sin","CREACION":null,"ORIGEN_NOR":"Sin","OBSERVACIO":"Ajustado SPM","COD_SISBEN":"13183","Shape_Area":65441.095724900122,"Shape__Area":66303.09228515625,"Shape__Length":1060.9485916001468,"GlobalID":"b065e1ba-51a5-4df1-8550-7b45ff7cae98","CreationDate":1545839815055,"Creator":"sigper_arcgis","EditDate":1545839815055,"Editor":"sigper_arcgis"}},{"type":"Feature","id":168,"geometry":{"type":"Polygon","coordinates":[[[-75.7640038357382,4.80881262262691],[-75.7643615603323,4.80836755377111],[-75.7647622805902,4.8085397826888],[-75.7651863961074,4.80867737976462],[-75.7654133650915,4.8087626339531],[-75.7653347770947,4.80915702535901],[-75.7651913579589,4.80934889453917],[-75.7649054584769,4.80921449368728],[-75.7644618053381,4.80904226930826],[-75.7640038357382,4.80881262262691]]]},"properties":{"FID":168,"ID_BAR":134,"CODSUELO":"6600101","CODCOM":"11","COMUNA":"Olimpica","CODBAR":"011110","NOMBRE":"Olivar de los Vientos II","NOM_POPULA":"Olivar de los Vientos II","ACT_GEOGRA":1180656000000,"NORMA":"Sin","CREACION":null,"ORIGEN_NOR":"Sin","OBSERVACIO":"Ajustado SPM","COD_SISBEN":" ","Shape_Area":8990.29484754378,"Shape__Area":9109.3037109375,"Shape__Length":405.84447851465404,"GlobalID":"f8583eb4-eb25-4121-89bf-d276a6405c7d","CreationDate":1545839815055,"Creator":"sigper_arcgis","EditDate":1545839815055,"Editor":"sigper_arcgis"}},{"type":"Feature","id":169,"geometry":{"type":"Polygon","coordinates":[[[-75.7229321946237,4.79748498117301],[-75.722862119616,4.79763867796716],[-75.7226253089859,4.79797175283522],[-75.722575904237,4.79806949523092],[-75.7225299863794,4.7981762986497],[-75.7224959344254,4.79827042092957],[-75.7222316216225,4.79868419383962],[-75.7221735546042,4.79875030327549],[-75.7221383412608,4.79883054235126],[-75.7221152410166,4.79880754614849],[-75.7220833027336,4.79878497357467],[-75.7220392511306,4.79876572104476],[-75.7218344521948,4.7986946823558],[-75.7217915273471,4.79866983143261],[-75.7217013825568,4.79859271734636],[-75.721634653592,4.79852070704455],[-75.7215820807762,4.79845141803669],[-75.72157232767,4.7984369518722],[-75.7215663759769,4.7984192196768],[-75.721560601838,4.79839097729565],[-75.7215604962275,4.79836914688019],[-75.721555850102,4.79808626711246],[-75.7215229266739,4.79794689414434],[-75.7215013419224,4.79788025409423],[-75.7214723973051,4.79780983403939],[-75.7214348960511,4.79773653565715],[-75.7213269337377,4.79759869790179],[-75.7212976713793,4.79753631426069],[-75.7212897854161,4.79741965477388],[-75.7212919346513,4.79720329167996],[-75.721291301793,4.79707052459509],[-75.7212946127539,4.7969381278684],[-75.7213093334224,4.79680318809387],[-75.7213263772065,4.79668020633932],[-75.7212547909484,4.79642187705368],[-75.7212597577874,4.79621072419325],[-75.7213756450016,4.79605264712962],[-75.7214848759089,4.79613894627956],[-75.7216593897672,4.79629515267618],[-75.7217541828727,4.7964178710086],[-75.7219465152387,4.79666691125043],[-75.7220628576488,4.79678978806288],[-75.722422733832,4.79707385298429],[-75.7226824297557,4.79723006012974],[-75.7227447563526,4.79728838143172],[-75.7228930732071,4.79744395167169],[-75.7229321946237,4.79748498117301]]]},"properties":{"FID":169,"ID_BAR":331,"CODSUELO":"6600101","CODCOM":"10","COMUNA":"Consota","CODBAR":"011001","NOMBRE":"Aguas Claras","NOM_POPULA":"Aguas Claras","ACT_GEOGRA":1168041600000,"NORMA":"Sin","CREACION":null,"ORIGEN_NOR":"Sin","OBSERVACIO":"Ajustado SPM","COD_SISBEN":"10269","Shape_Area":30510.976653309888,"Shape__Area":30912.77099609375,"Shape__Length":771.04630178484717,"GlobalID":"e5a36499-50ae-4dde-ae80-24046e60fa41","CreationDate":1545839815055,"Creator":"sigper_arcgis","EditDate":1545839815055,"Editor":"sigper_arcgis"}},{"type":"Feature","id":170,"geometry":{"type":"Polygon","coordinates":[[[-75.7576979590957,4.80775123436431],[-75.7581410088439,4.80706178376993],[-75.7583031859768,4.80693735091261],[-75.7585646596639,4.80696398515411],[-75.7585647651036,4.80696704414717],[-75.758577840717,4.80696532780026],[-75.7587936958313,4.80688366521241],[-75.758874402174,4.80681544943196],[-75.7589329947638,4.80674552194155],[-75.7589989460049,4.80668255282639],[-75.7590476455179,4.80665074067436],[-75.7590715527042,4.80660510074943],[-75.7590850027781,4.80655532798731],[-75.7591076429141,4.80652464703111],[-75.7591667641602,4.80646847863801],[-75.7594147106725,4.80664342891646],[-75.7591371099137,4.80712774186495],[-75.7590306683702,4.80731344757403],[-75.7587984178785,4.80771052496441],[-75.7585531007712,4.80806090259033],[-75.7581843728495,4.80792737568745],[-75.7576979590957,4.80775123436431]]]},"properties":{"FID":170,"ID_BAR":167,"CODSUELO":"6600101","CODCOM":"11","COMUNA":"Olimpica","CODBAR":"011139","NOMBRE":"Villas de La Madrid","NOM_POPULA":"Villas de La Madrid","ACT_GEOGRA":1180656000000,"NORMA":"Sin","CREACION":null,"ORIGEN_NOR":"Sin","OBSERVACIO":"Ajustado SPM","COD_SISBEN":" ","Shape_Area":14448.90312170717,"Shape__Area":14640.033203125,"Shape__Length":554.8517623295885,"GlobalID":"09abe18d-dddd-4555-9cff-85ffd2ecbcfb","CreationDate":1545839815055,"Creator":"sigper_arcgis","EditDate":1545839815055,"Editor":"sigper_arcgis"}},{"type":"Feature","id":171,"geometry":{"type":"Polygon","coordinates":[[[-75.7561095322188,4.80773696560865],[-75.7560707475959,4.80740651656141],[-75.7562239411034,4.80751695009561],[-75.7573681268937,4.80598038033569],[-75.7583604102013,4.80673636328747],[-75.7584528847778,4.8067893608426],[-75.7585607718017,4.80685119130738],[-75.7585646596639,4.80696398515411],[-75.7583031859768,4.80693735091261],[-75.7581410088439,4.80706178376993],[-75.7576979590957,4.80775123436431],[-75.7575571953549,4.80797814144642],[-75.7573563210015,4.80830194478963],[-75.7562126397933,4.8076909843884],[-75.7561095322188,4.80773696560865]]]},"properties":{"FID":171,"ID_BAR":167,"CODSUELO":"6600101","CODCOM":"11","COMUNA":"Olimpica","CODBAR":"011139","NOMBRE":"Villasol Parque Residencial","NOM_POPULA":"Villasol Parque Residencial","ACT_GEOGRA":1180656000000,"NORMA":"Sin","CREACION":null,"ORIGEN_NOR":"Sin","OBSERVACIO":"Ajustado SPM","COD_SISBEN":" ","Shape_Area":32505.948133887941,"Shape__Area":32935.892578125,"Shape__Length":822.20532949232506,"GlobalID":"93cbeae1-e83e-4a97-a8c0-5ed3e906089c","CreationDate":1545839815055,"Creator":"sigper_arcgis","EditDate":1545839815055,"Editor":"sigper_arcgis"}},{"type":"Feature","id":172,"geometry":{"type":"Polygon","coordinates":[[[-75.7435527007813,4.79855939526722],[-75.7434589973742,4.79851621403093],[-75.7432903949049,4.79840127198959],[-75.7431584136017,4.79831628348042],[-75.7430570324754,4.79822689774176],[-75.7432116839386,4.79800272400669],[-75.7437023148582,4.79829044869851],[-75.7438309437991,4.79808526258609],[-75.7438849242545,4.79803340431498],[-75.7442534348929,4.79822467793338],[-75.7441968847819,4.79831523415074],[-75.7443091460287,4.79838579130072],[-75.7440629107324,4.79880829786991],[-75.7439288521288,4.79872599499152],[-75.7438194080883,4.79866564562732],[-75.7437979984442,4.79865520707594],[-75.7437236620104,4.79861900148406],[-75.7436607360867,4.79859704903295],[-75.7435527007813,4.79855939526722]]]},"properties":{"FID":172,"ID_BAR":332,"CODSUELO":"6600101","CODCOM":"13","COMUNA":"San Joaquin","CODBAR":"011307","NOMBRE":"Codelmar I","NOM_POPULA":"Codelmar I","ACT_GEOGRA":1168041600000,"NORMA":"Sin","CREACION":null,"ORIGEN_NOR":"Sin","OBSERVACIO":"Ajustado SPM","COD_SISBEN":"13277","Shape_Area":6163.68712182276,"Shape__Area":6244.98388671875,"Shape__Length":386.93334993109022,"GlobalID":"e9d2bdec-2647-4adf-9ab7-de48c374250d","CreationDate":1545839815055,"Creator":"sigper_arcgis","EditDate":1545839815055,"Editor":"sigper_arcgis"}},{"type":"Feature","id":173,"geometry":{"type":"Polygon","coordinates":[[[-75.7033978525212,4.79870775791067],[-75.7033823265563,4.79863214464582],[-75.7033472907397,4.79857267456272],[-75.7033138389163,4.79855255634674],[-75.7031133427852,4.79834477049141],[-75.7029411191716,4.79822792815657],[-75.7027811166332,4.79805529179515],[-75.7026899546439,4.79792140772584],[-75.7026167888928,4.7977022874212],[-75.7025811910459,4.79764180999305],[-75.7025356967895,4.797603145382],[-75.7022230060976,4.79656768239934],[-75.7023792570878,4.79627209237133],[-75.7019473004614,4.79525184947647],[-75.7016044096828,4.79487541790496],[-75.7013020890281,4.79438734494334],[-75.7012042406466,4.79417341574449],[-75.701114740298,4.79388551705802],[-75.7008226371617,4.79325513875519],[-75.7008065500156,4.79313180157587],[-75.700627513259,4.79257243072201],[-75.7001959556599,4.79137135958689],[-75.7001227825615,4.79140892447337],[-75.7000566868626,4.7914287390921],[-75.6999992545597,4.79143670283509],[-75.6999750654682,4.79139097442367],[-75.699980137481,4.79133959501421],[-75.6999998952731,4.79127018234232],[-75.7000160284837,4.79111615082692],[-75.7000168430116,4.79099648832635],[-75.7000745999631,4.79079932632604],[-75.7004442837384,4.79027401153914],[-75.7006988890341,4.78981685044113],[-75.7007237904274,4.78965248606629],[-75.7006996423576,4.78945514365935],[-75.7006425667804,4.78933171765263],[-75.7004873930946,4.78911766233517],[-75.7000262246806,4.78880500392345],[-75.6997845045294,4.78842566187049],[-75.699075270759,4.78706272197944],[-75.6990676761547,4.78679142855864],[-75.6989559682142,4.78538552253029],[-75.6987261553554,4.78491903460154],[-75.6985221737154,4.78397091379571],[-75.6985952388159,4.78397967741252],[-75.698734399393,4.78395348989076],[-75.6987810217992,4.78393768430889],[-75.6989727216619,4.78383544474636],[-75.6991001957421,4.78372592662469],[-75.6991186131246,4.78367949299548],[-75.6992377669603,4.78379958411031],[-75.6993125931576,4.78381816733102],[-75.699399884116,4.78383104668889],[-75.6994370971568,4.78399196956795],[-75.6997324227402,4.78402742937327],[-75.6997815724041,4.78419082534134],[-75.6994711651288,4.78442683395559],[-75.6995150920652,4.78488686786858],[-75.6991939069649,4.78518873964339],[-75.6992663867291,4.78577253442286],[-75.6993382606004,4.7865257987606],[-75.6993375058914,4.78689571772181],[-75.6993616183171,4.78710127234012],[-75.6994604882469,4.78727030487988],[-75.6995552733384,4.78745996586396],[-75.6996389307747,4.78766084264247],[-75.6996716063057,4.78770201544945],[-75.6997052693873,4.78770318165946],[-75.6997369605787,4.78769989779525],[-75.6997603427241,4.7876944410457],[-75.699979755006,4.78762104573997],[-75.7000772874454,4.78778665103076],[-75.7001261680927,4.7885466966195],[-75.7004930035805,4.78882093559372],[-75.700819143451,4.78880920302887],[-75.7010101016214,4.78882485940897],[-75.7011984095406,4.78905860908015],[-75.7011991109574,4.78913282643802],[-75.7011741019061,4.78935471607994],[-75.7010173866378,4.78986405544217],[-75.70078711397,4.79030745909877],[-75.7007785496111,4.79048828561046],[-75.7008923020232,4.79102774886022],[-75.7008567680495,4.79115262022561],[-75.7008194709805,4.79131460006799],[-75.7008014034951,4.79141393200964],[-75.7008091423458,4.79162766339815],[-75.7010772489086,4.79266399080399],[-75.7012481531131,4.79318224457817],[-75.7014669721594,4.79396652938533],[-75.7015998906184,4.79423756190983],[-75.7017448213805,4.79440668368006],[-75.7021488716896,4.79492082976715],[-75.7022640467869,4.79509374826089],[-75.7023785884947,4.79527968285565],[-75.702528198625,4.79554792562812],[-75.7027112282709,4.7957708660391],[-75.7029016121056,4.79614729146201],[-75.7032323533753,4.79657061476719],[-75.7034761725127,4.79645511151891],[-75.7038781774084,4.79715467610945],[-75.7038931728807,4.79730049667307],[-75.7037325652408,4.79731550349824],[-75.7039987897894,4.7979760474837],[-75.7042248818065,4.79833629446952],[-75.7039120046837,4.79856511689385],[-75.7037827423976,4.79841461214819],[-75.7033978525212,4.79870775791067]]]},"properties":{"FID":173,"ID_BAR":333,"CODSUELO":"6600101","CODCOM":"17","COMUNA":"El Rocio","CODBAR":"011702","NOMBRE":"Rocio Alto *3","NOM_POPULA":"Rocio Alto *3","ACT_GEOGRA":1168041600000,"NORMA":"115","CREACION":655689600000,"ORIGEN_NOR":"Concejo Municipal","OBSERVACIO":"Asignado por la Comunidad. Visita de campo SPM","COD_SISBEN":"17173","Shape_Area":109257.00137780215,"Shape__Area":110692.1982421875,"Shape__Length":4101.042833899367,"GlobalID":"deb0b570-469d-409c-8c8d-2fb25ce60721","CreationDate":1545839815055,"Creator":"sigper_arcgis","EditDate":1545839815055,"Editor":"sigper_arcgis"}},{"type":"Feature","id":174,"geometry":{"type":"Polygon","coordinates":[[[-75.7534098137789,4.80862738353366],[-75.7537448001951,4.80800893948754],[-75.7541101738919,4.80734823889356],[-75.7541920133115,4.80720129762863],[-75.754360375012,4.80688308408947],[-75.7546021874037,4.80642604382747],[-75.7551174032451,4.80674182719988],[-75.7551174202896,4.8069332389191],[-75.7549361801441,4.80726822564579],[-75.7547358392821,4.80738309054852],[-75.7546023006444,4.80770850234978],[-75.7543161234044,4.80814877467203],[-75.7539917903193,4.8086656149172],[-75.7538806008531,4.80882179925078],[-75.7536310325047,4.8087187378296],[-75.7534098137789,4.80862738353366]]]},"properties":{"FID":174,"ID_BAR":167,"CODSUELO":"6600101","CODCOM":"11","COMUNA":"Olimpica","CODBAR":"011139","NOMBRE":"Serrezuela","NOM_POPULA":"Serrezuela","ACT_GEOGRA":1180656000000,"NORMA":"Sin","CREACION":null,"ORIGEN_NOR":"Sin","OBSERVACIO":"Ajustado SPM","COD_SISBEN":" ","Shape_Area":17957.76644502415,"Shape__Area":18195.2646484375,"Shape__Length":680.51643746378454,"GlobalID":"70b282ad-319c-46a2-84c7-ff71335774b0","CreationDate":1545839815055,"Creator":"sigper_arcgis","EditDate":1545839815055,"Editor":"sigper_arcgis"}},{"type":"Feature","id":175,"geometry":{"type":"Polygon","coordinates":[[[-75.7643615603323,4.80836755377112],[-75.7654205971113,4.80872634026484],[-75.7654133650915,4.80876263395314],[-75.7652488644099,4.80869764651722],[-75.7647622805902,4.8085397826888],[-75.7643615603323,4.80836755377112]]]},"properties":{"FID":175,"ID_BAR":134,"CODSUELO":"6600101","CODCOM":"11","COMUNA":"Olimpica","CODBAR":"011110","NOMBRE":"Olivar de los Vientos","NOM_POPULA":"Olivar de los Vientos","ACT_GEOGRA":1180656000000,"NORMA":"Sin","CREACION":null,"ORIGEN_NOR":"Sin","OBSERVACIO":"Ajustado SPM","COD_SISBEN":" ","Shape_Area":357.22941491683,"Shape__Area":361.958984375,"Shape__Length":253.89616951417477,"GlobalID":"a6e73563-057b-41f6-816a-ecc0a5923a66","CreationDate":1545839815055,"Creator":"sigper_arcgis","EditDate":1545839815055,"Editor":"sigper_arcgis"}},{"type":"Feature","id":176,"geometry":{"type":"Polygon","coordinates":[[[-75.7477955000465,4.79858790868697],[-75.7477540900283,4.79858753872208],[-75.7477115877251,4.79859183250203],[-75.7476715502134,4.79860032955477],[-75.7476454918315,4.79858533460968],[-75.7476095039564,4.79857170082547],[-75.7475628459172,4.79856401849933],[-75.7475231254858,4.79856561001541],[-75.7472602251039,4.7985988582173],[-75.7472394847518,4.7986076188632],[-75.7472238862453,4.7986222089885],[-75.7472175477664,4.79863257619489],[-75.7472134285052,4.79864365108773],[-75.7471738488212,4.79863120003063],[-75.7471117321192,4.79861569451601],[-75.7470564121677,4.79860587614863],[-75.7470136279329,4.79860079057506],[-75.7469169308439,4.79853920531332],[-75.7468962952831,4.79851573265909],[-75.7468755887133,4.79848053234972],[-75.7468668898978,4.79845743012305],[-75.7468611145336,4.79843250919398],[-75.7468259345272,4.79837402995828],[-75.7467883253857,4.79832132657145],[-75.7467487452548,4.7982737634651],[-75.7467178618238,4.79824108916064],[-75.7466634191841,4.79814267603751],[-75.7466251069325,4.79810449144609],[-75.7463976260385,4.79798246946265],[-75.7462741671098,4.79791277766704],[-75.7462537430658,4.79790481282051],[-75.7462243395913,4.79789532881451],[-75.74619074642,4.79788722256722],[-75.7461586318968,4.79788203119079],[-75.7461432432554,4.79788040641414],[-75.7460949304207,4.79785239562021],[-75.7460982050166,4.7978316772521],[-75.7460972178283,4.7978100058266],[-75.7460926396996,4.79779139036591],[-75.7460839418846,4.79777243869641],[-75.7460444672249,4.79775652613835],[-75.7460115776045,4.79774020693508],[-75.7459737236145,4.79771763549013],[-75.74593699556,4.79769117876641],[-75.7459140364046,4.79769949838519],[-75.7458956905165,4.79770225435291],[-75.7458786472921,4.79770200684956],[-75.7458618859408,4.79769907573097],[-75.7458414619217,4.79769157013942],[-75.7461268350729,4.79666585986599],[-75.7463758361673,4.7957373284652],[-75.7466596214349,4.79464985415443],[-75.7466876510528,4.79466228719813],[-75.7467930097673,4.79472682199721],[-75.7469079480521,4.7948357423827],[-75.746982073356,4.79488273896529],[-75.7470860576522,4.7949114900126],[-75.7472309236265,4.79489590760332],[-75.7476588312917,4.79487463001547],[-75.7477248895943,4.79484121058595],[-75.7477624251137,4.79480429476223],[-75.7478103142708,4.79478246351062],[-75.7478799302748,4.79477294088578],[-75.7479266222904,4.79478064036422],[-75.7479732792053,4.79477293813109],[-75.7480164515578,4.79478552987883],[-75.7480556087136,4.79480760648675],[-75.7480887801478,4.7948380204798],[-75.7481172326464,4.79484896982317],[-75.7481473391759,4.79484437699653],[-75.7481647346817,4.79483485578916],[-75.7482090650077,4.7947570704577],[-75.7482438892284,4.79471339053757],[-75.7483103344097,4.79466024239261],[-75.7483768856003,4.7946268410215],[-75.7484200217382,4.79460875324319],[-75.7484661853433,4.79460122720855],[-75.7485115399662,4.79460520020203],[-75.7485365056637,4.79459518471968],[-75.7485806081433,4.79509681027579],[-75.7485791018537,4.79534175098291],[-75.7485791398283,4.79544424485619],[-75.7485714308294,4.79552538592542],[-75.7485544611022,4.79561719501925],[-75.7485481585685,4.79564349374741],[-75.7485500638656,4.79576508147863],[-75.7485617564301,4.79582087597027],[-75.7486286649962,4.79592153089696],[-75.7477955000465,4.79858790868697]]]},"properties":{"FID":176,"ID_BAR":334,"CODSUELO":"6600101","CODCOM":"13","COMUNA":"San Joaquin","CODBAR":"011329","NOMBRE":"Perla Del Sur","NOM_POPULA":"Perla Del Sur","ACT_GEOGRA":1180656000000,"NORMA":"Sin","CREACION":null,"ORIGEN_NOR":"Sin","OBSERVACIO":"Ajustado SPM, Visita de campo","COD_SISBEN":"13120","Shape_Area":93482.41156633888,"Shape__Area":94715.1650390625,"Shape__Length":1317.9771710200648,"GlobalID":"d3b7060c-c22d-4d7c-ad6b-4e5edd5d229a","CreationDate":1545839815055,"Creator":"sigper_arcgis","EditDate":1545839815055,"Editor":"sigper_arcgis"}},{"type":"Feature","id":177,"geometry":{"type":"Polygon","coordinates":[[[-75.6969051315395,4.79729607534954],[-75.6972174946106,4.79677167791812],[-75.6973641596974,4.79670900034727],[-75.697996438391,4.79689320977081],[-75.6987372023154,4.79722336637413],[-75.6983986726711,4.79786458245078],[-75.6983256658188,4.79810443294005],[-75.697789421565,4.79853411632335],[-75.6977660458909,4.79839795686475],[-75.6977502717164,4.79836369148536],[-75.697703404858,4.79832568017981],[-75.6976315720355,4.79827834199706],[-75.6975494553127,4.79825362936384],[-75.6974426897425,4.79824746039877],[-75.6969536530162,4.79815388199116],[-75.6967774362395,4.79758620825377],[-75.6968587160436,4.79740036890304],[-75.6969051315395,4.79729607534954]]]},"properties":{"FID":177,"ID_BAR":335,"CODSUELO":"6600101","CODCOM":"07","COMUNA":"Boston","CODBAR":"010720","NOMBRE":"Las Gaviotas","NOM_POPULA":"Las Gaviotas","ACT_GEOGRA":1180656000000,"NORMA":"97","CREACION":533520000000,"ORIGEN_NOR":"Concejo Municipal","OBSERVACIO":"Ajustado a delimitacion de la Norma de creacion","COD_SISBEN":"07287","Shape_Area":27099.810337905819,"Shape__Area":27456.134765625,"Shape__Length":649.70702342817879,"GlobalID":"5cc87322-400e-4adf-9e53-ee223bd27c3b","CreationDate":1545839815055,"Creator":"sigper_arcgis","EditDate":1545839815055,"Editor":"sigper_arcgis"}},{"type":"Feature","id":178,"geometry":{"type":"Polygon","coordinates":[[[-75.7643615603323,4.80836755377111],[-75.7645442552306,4.80811310137075],[-75.7646203080922,4.80809712014381],[-75.764674310719,4.8079574077051],[-75.7647123759873,4.80781161065242],[-75.7648931446427,4.80788755826511],[-75.7657496991302,4.80828127369482],[-75.7654205971113,4.80872634026484],[-75.7643615603323,4.80836755377111]]]},"properties":{"FID":178,"ID_BAR":134,"CODSUELO":"6600101","CODCOM":"11","COMUNA":"Olimpica","CODBAR":"011110","NOMBRE":"Olivar de los Vientos","NOM_POPULA":"Olivar de los Vientos","ACT_GEOGRA":1180656000000,"NORMA":"Sin","CREACION":null,"ORIGEN_NOR":"Sin","OBSERVACIO":"Ajustado SPM","COD_SISBEN":" ","Shape_Area":7989.30579564636,"Shape__Area":8095.0517578125,"Shape__Length":390.28174034098726,"GlobalID":"ad59d17d-00df-4564-9c9c-f522155992d3","CreationDate":1545839815055,"Creator":"sigper_arcgis","EditDate":1545839815055,"Editor":"sigper_arcgis"}},{"type":"Feature","id":179,"geometry":{"type":"Polygon","coordinates":[[[-75.7651232714658,4.80648145897124],[-75.7649532799423,4.80652186574762],[-75.7639754070526,4.80680908433001],[-75.7638412508703,4.80681750933945],[-75.7637965151174,4.80673732332839],[-75.7634268032962,4.80656987594564],[-75.7635817867981,4.80607936785349],[-75.7638083774056,4.80611523435041],[-75.7640826448739,4.80589986811687],[-75.7641541643524,4.80556489041781],[-75.7645596108086,4.80532558402128],[-75.7646192968029,4.80588784947274],[-75.765000317157,4.80622656607341],[-75.7651440727428,4.80635436068541],[-75.7651232714658,4.80648145897124]]]},"properties":{"FID":179,"ID_BAR":134,"CODSUELO":"6600101","CODCOM":"11","COMUNA":"Olimpica","CODBAR":"011110","NOMBRE":"La Italia","NOM_POPULA":"La Italia","ACT_GEOGRA":1180656000000,"NORMA":"Sin","CREACION":null,"ORIGEN_NOR":"Sin","OBSERVACIO":"Ajustado SPM","COD_SISBEN":" ","Shape_Area":15462.13203776001,"Shape__Area":15666.6865234375,"Shape__Length":571.7705747144463,"GlobalID":"97bbd9cc-8e1d-46fc-bba5-9cb1c0516760","CreationDate":1545839815055,"Creator":"sigper_arcgis","EditDate":1545839815055,"Editor":"sigper_arcgis"}},{"type":"Feature","id":180,"geometry":{"type":"Polygon","coordinates":[[[-75.73448569451,4.79818704317363],[-75.7344231211718,4.79822381654206],[-75.7339676066213,4.79845797018302],[-75.7338490441774,4.79850474157207],[-75.7336509665828,4.79812708782882],[-75.7336350146461,4.79809236406663],[-75.7335053573489,4.79781028109541],[-75.733476165302,4.79774678581026],[-75.7333265771356,4.79750426590746],[-75.7331645598181,4.79733903664465],[-75.7330534262491,4.79722688268946],[-75.7329508149604,4.7971370703351],[-75.7328204553057,4.79702299082845],[-75.7331964557977,4.79654686539418],[-75.7335012620078,4.79673408300155],[-75.7336507421503,4.79683643459868],[-75.7338086041346,4.79697121318818],[-75.7339713956408,4.79714892980338],[-75.7341410543789,4.79728379756042],[-75.7348372577017,4.79771559686694],[-75.7349483211119,4.79781360377201],[-75.7350232549169,4.79789650963489],[-75.735078787782,4.79798298364019],[-75.735112734505,4.79812456373865],[-75.735104073156,4.79822871877995],[-75.735059389379,4.79834175769376],[-75.7349494206556,4.79849425516618],[-75.7347142971717,4.79804936251879],[-75.7346151729781,4.79811088135425],[-75.73448569451,4.79818704317363]]]},"properties":{"FID":180,"ID_BAR":336,"CODSUELO":"6600101","CODCOM":"14","COMUNA":"Perla Del Otun","CODBAR":"011411","NOMBRE":"La Albania","NOM_POPULA":"La Albania","ACT_GEOGRA":1180656000000,"NORMA":"Sin","CREACION":643939200000,"ORIGEN_NOR":"Sin","OBSERVACIO":"Ajustado SPM, Visita de campo","COD_SISBEN":"14124","Shape_Area":23241.142998896648,"Shape__Area":23547.4404296875,"Shape__Length":765.43891072594329,"GlobalID":"89b94656-bd92-45fc-826b-ae91d57ce00e","CreationDate":1545839815055,"Creator":"sigper_arcgis","EditDate":1545839815055,"Editor":"sigper_arcgis"}},{"type":"Feature","id":181,"geometry":{"type":"Polygon","coordinates":[[[-75.7381408952788,4.79850173401352],[-75.7380637424256,4.79846538585297],[-75.738005852163,4.79846455715065],[-75.7378802458072,4.79843052412111],[-75.7378445039178,4.79840784613832],[-75.7375973416901,4.79831093667814],[-75.7377665369936,4.79805509595583],[-75.737797699341,4.79800592377778],[-75.7378347442201,4.79801480744536],[-75.7378740767752,4.79801747385516],[-75.7382594545493,4.79830583968644],[-75.7381408952788,4.79850173401352]]]},"properties":{"FID":181,"ID_BAR":337,"CODSUELO":"6600101","CODCOM":"13","COMUNA":"San Joaquin","CODBAR":"011327","NOMBRE":"Los Geranios","NOM_POPULA":"Los Geranios","ACT_GEOGRA":1180656000000,"NORMA":"62","CREACION":905212800000,"ORIGEN_NOR":"Concejo Municipal","OBSERVACIO":"Norma de creacion no delimitable. Ajuste SPM","COD_SISBEN":" ","Shape_Area":2171.09050928647,"Shape__Area":2199.7158203125,"Shape__Length":193.27795506255015,"GlobalID":"b287c09e-921d-4599-b3d0-903513ca4072","CreationDate":1545839815055,"Creator":"sigper_arcgis","EditDate":1545839815055,"Editor":"sigper_arcgis"}},{"type":"Feature","id":182,"geometry":{"type":"Polygon","coordinates":[[[-75.7452348328839,4.80796117959822],[-75.7452641397848,4.80771995526863],[-75.7452129315887,4.80741806583802],[-75.7457226030467,4.80734303901889],[-75.7464552537177,4.80723400667145],[-75.7467180516617,4.80719630790315],[-75.7469393330531,4.80716457976309],[-75.7470335486836,4.80780513464245],[-75.745837698716,4.80799433234872],[-75.7456548345813,4.80800421070689],[-75.7455097914157,4.80800421444436],[-75.7454859260035,4.80815134796667],[-75.7452348328839,4.80796117959822]]]},"properties":{"FID":182,"ID_BAR":168,"CODSUELO":"6600101","CODCOM":"11","COMUNA":"Olimpica","CODBAR":"011115","NOMBRE":"Gamma IV","NOM_POPULA":"Gamma IV","ACT_GEOGRA":1180656000000,"NORMA":"Sin","CREACION":null,"ORIGEN_NOR":"Sin","OBSERVACIO":"Ajustado SPM","COD_SISBEN":"11274","Shape_Area":14142.573774662629,"Shape__Area":14329.5166015625,"Shape__Length":551.00759316396659,"GlobalID":"1369c7c0-aa1a-4f3c-9180-f217def931e9","CreationDate":1545839815055,"Creator":"sigper_arcgis","EditDate":1545839815055,"Editor":"sigper_arcgis"}},{"type":"Feature","id":183,"geometry":{"type":"Polygon","coordinates":[[[-75.7444532115232,4.80794731721473],[-75.7452348328839,4.80796117959822],[-75.7454859260035,4.80815134796667],[-75.7454549970952,4.80834202881354],[-75.7452712673125,4.80862691597953],[-75.744918287426,4.8087840243239],[-75.7431414646554,4.80901214062963],[-75.7431652541994,4.8081507863596],[-75.7429386357109,4.80772012640343],[-75.74268192172,4.80729472263751],[-75.7430340161779,4.80737318586237],[-75.7438211059948,4.80732527580166],[-75.7440954240526,4.80770807903679],[-75.7444532115232,4.80794731721473]]]},"properties":{"FID":183,"ID_BAR":168,"CODSUELO":"6600101","CODCOM":"11","COMUNA":"Olimpica","CODBAR":"011115","NOMBRE":"Rincon de Unicentro","NOM_POPULA":"Rincon de Unicentro","ACT_GEOGRA":1180656000000,"NORMA":"Sin","CREACION":null,"ORIGEN_NOR":"Sin","OBSERVACIO":"Ajustado SPM","COD_SISBEN":"11274","Shape_Area":33740.87362285472,"Shape__Area":34186.87353515625,"Shape__Length":858.49997869793344,"GlobalID":"a00d1c87-a579-469a-86be-1a1c795e639e","CreationDate":1545839815055,"Creator":"sigper_arcgis","EditDate":1545839815055,"Editor":"sigper_arcgis"}},{"type":"Feature","id":184,"geometry":{"type":"Polygon","coordinates":[[[-75.6946384423827,4.79849923314308],[-75.6942178993921,4.79834588688991],[-75.6942646633167,4.79757503612283],[-75.6942391810263,4.79732802760239],[-75.6941707460697,4.79692258689391],[-75.6940621391722,4.79638577136584],[-75.6940278444935,4.79632259146378],[-75.6938247644889,4.79572877534675],[-75.6938155410396,4.79568121116679],[-75.6935821115458,4.79499895785688],[-75.6935235234223,4.7948727584532],[-75.6936224436625,4.79471360840176],[-75.6935664576138,4.7946718520027],[-75.6934667352442,4.79465331868025],[-75.6934961790546,4.79453547741123],[-75.6936600232425,4.79456538782436],[-75.6937539706225,4.79458893590564],[-75.6938212608418,4.79461877095286],[-75.6939105232717,4.7946784387542],[-75.6939934814316,4.79474909148052],[-75.6940389048137,4.794783623942],[-75.6941062297395,4.79481817453575],[-75.6941735209233,4.79484486529442],[-75.6942522203746,4.79488448619013],[-75.6943559187447,4.79495817779238],[-75.694402221624,4.79500664515299],[-75.6944294040466,4.79504702238022],[-75.6946208392396,4.7954303921463],[-75.6947649527225,4.79571092867959],[-75.694835443127,4.79584520086398],[-75.6948828333229,4.79599561501307],[-75.6947772206455,4.79617993388528],[-75.6946862853378,4.79650546346528],[-75.6946783514456,4.79674005328894],[-75.6946932045885,4.79688082230954],[-75.6947130931602,4.79702314654018],[-75.6947488910282,4.79731745479915],[-75.6947910917595,4.79774615592603],[-75.6947755518204,4.79798113445203],[-75.6946384423827,4.79849923314308]]]},"properties":{"FID":184,"ID_BAR":338,"CODSUELO":"6600101","CODCOM":"07","COMUNA":"Boston","CODBAR":"010706","NOMBRE":"Central","NOM_POPULA":"Central","ACT_GEOGRA":1168041600000,"NORMA":"Sin","CREACION":null,"ORIGEN_NOR":"Sin","OBSERVACIO":"Ajustado SPM","COD_SISBEN":"07054","Shape_Area":30909.617073759131,"Shape__Area":31315.83251953125,"Shape__Length":1030.0103089993409,"GlobalID":"a5150957-3ee7-490a-808b-01bc41bb4aff","CreationDate":1545839815055,"Creator":"sigper_arcgis","EditDate":1545839815055,"Editor":"sigper_arcgis"}},{"type":"Feature","id":185,"geometry":{"type":"Polygon","coordinates":[[[-75.7336350146461,4.79809236406663],[-75.7329326922162,4.79844835473817],[-75.7325722128916,4.79820576645333],[-75.732487841122,4.79812837102333],[-75.7324213226749,4.79804708895716],[-75.7323374443232,4.79791792538516],[-75.7322083858283,4.79765758430318],[-75.732159227737,4.79756323301403],[-75.731932526684,4.79764377454784],[-75.731649061047,4.79774010738774],[-75.7312858741162,4.79787766344833],[-75.7311285067195,4.79786923920877],[-75.7310284660543,4.79782580895522],[-75.7307738393442,4.79769754616855],[-75.731102093483,4.79726711424902],[-75.731098677031,4.79720501408829],[-75.7315339775349,4.79664024188498],[-75.7319779819878,4.79699332536941],[-75.7322964454292,4.79661116356043],[-75.7325767438337,4.7968182342853],[-75.7328204553057,4.79702299082845],[-75.7329508149604,4.7971370703351],[-75.732424698007,4.79741855881155],[-75.7326902095142,4.79792502288859],[-75.7328139502353,4.79817568546408],[-75.7330974504974,4.79803088742786],[-75.7335053573489,4.79781028109541],[-75.7336350146461,4.79809236406663]]]},"properties":{"FID":185,"ID_BAR":339,"CODSUELO":"6600101","CODCOM":"14","COMUNA":"Perla Del Otun","CODBAR":"011409","NOMBRE":"Heroes II","NOM_POPULA":"Heroes II","ACT_GEOGRA":1180656000000,"NORMA":"Sin","CREACION":null,"ORIGEN_NOR":"Sin","OBSERVACIO":"Ajustado SPM, Visita de campo","COD_SISBEN":"14130","Shape_Area":23737.097452514088,"Shape__Area":24049.8857421875,"Shape__Length":1029.5177372317867,"GlobalID":"2f3a57b9-181c-4e12-a273-8d0d4dc3129a","CreationDate":1545839815055,"Creator":"sigper_arcgis","EditDate":1545839815055,"Editor":"sigper_arcgis"}},{"type":"Feature","id":186,"geometry":{"type":"Polygon","coordinates":[[[-75.7437971990423,4.80655963080818],[-75.744787056563,4.80695434430234],[-75.7448855622802,4.80702679816002],[-75.7437971990423,4.80655963080818]]]},"properties":{"FID":186,"ID_BAR":179,"CODSUELO":"6600101","CODCOM":"11","COMUNA":"Olimpica","CODBAR":"011116","NOMBRE":"Gamma V","NOM_POPULA":"Gamma V","ACT_GEOGRA":1168041600000,"NORMA":"Sin","CREACION":null,"ORIGEN_NOR":"Sin","OBSERVACIO":"Ajustado SPM","COD_SISBEN":"10274","Shape_Area":201.51711267788,"Shape__Area":204.1796875,"Shape__Length":264.23298419563548,"GlobalID":"ea829b15-d374-44f5-911c-2ff9301d95b9","CreationDate":1545839815055,"Creator":"sigper_arcgis","EditDate":1545839815055,"Editor":"sigper_arcgis"}},{"type":"Feature","id":187,"geometry":{"type":"Polygon","coordinates":[[[-75.7412589076615,4.79817131925553],[-75.7412153148844,4.79821319776599],[-75.7409967498548,4.79838412034619],[-75.7407756052229,4.79806837596588],[-75.7406149643998,4.79813424233864],[-75.7405515815659,4.79818325577046],[-75.7405173170265,4.79809323183018],[-75.7405071750227,4.79803014282613],[-75.7404316728025,4.79777487150925],[-75.7404041347727,4.79771224115242],[-75.7403919148192,4.79765690583294],[-75.7403497284296,4.79759155630206],[-75.7403050763734,4.79750488778798],[-75.7402680302502,4.7974077108943],[-75.7402146456758,4.79734456884661],[-75.7401544293057,4.79725675333278],[-75.740103861331,4.79716104256142],[-75.7400358992872,4.7970888756425],[-75.7399824445971,4.79701918171868],[-75.7399323693327,4.79692500700682],[-75.7397743289281,4.7967190325159],[-75.7395897041617,4.79656291915464],[-75.7394835708438,4.79648465909342],[-75.7399772496914,4.79605711641485],[-75.7401844130283,4.7963061859999],[-75.7403374868888,4.79648487243289],[-75.7404965476525,4.7966431234133],[-75.7405894066386,4.7967439381152],[-75.7406733221377,4.79686324506176],[-75.7407434683658,4.79698380610653],[-75.7407825924946,4.79706860231479],[-75.7408915820581,4.79735116136761],[-75.7410459645525,4.79774128233403],[-75.7411451299958,4.79798547910072],[-75.7412589076615,4.79817131925553]]]},"properties":{"FID":187,"ID_BAR":340,"CODSUELO":"6600101","CODCOM":"13","COMUNA":"San Joaquin","CODBAR":"011326","NOMBRE":"Los Conquistadores","NOM_POPULA":"Los Conquistadores","ACT_GEOGRA":1180656000000,"NORMA":"76","CREACION":807494400000,"ORIGEN_NOR":"Concejo Municipal","OBSERVACIO":"Asignado por la Comunidad. Visita de campo SPM","COD_SISBEN":"13111","Shape_Area":17314.873659089921,"Shape__Area":17543.14013671875,"Shape__Length":690.464187935037,"GlobalID":"563a4800-8d02-4f30-80f9-a34ea5262cf5","CreationDate":1545839815055,"Creator":"sigper_arcgis","EditDate":1545839815055,"Editor":"sigper_arcgis"}},{"type":"Feature","id":188,"geometry":{"type":"Polygon","coordinates":[[[-75.7449177590794,4.80704061822789],[-75.7449714586714,4.80706488395715],[-75.7450255775702,4.8070760219582],[-75.7452015401539,4.80707990270594],[-75.7453098914036,4.80706882550297],[-75.7458183741077,4.80698579935873],[-75.7466038456653,4.80688994090945],[-75.7466742719653,4.80687962385713],[-75.7467180516617,4.80719630790314],[-75.7464552537177,4.80723400667145],[-75.7457226030467,4.80734303901889],[-75.7452596901048,4.8074111827092],[-75.7452590375079,4.80741021811327],[-75.7452124810512,4.80749897022579],[-75.7449177590794,4.80704061822789]]]},"properties":{"FID":188,"ID_BAR":179,"CODSUELO":"6600101","CODCOM":"11","COMUNA":"Olimpica","CODBAR":"011116","NOMBRE":"Gamma V","NOM_POPULA":"Gamma V","ACT_GEOGRA":1168041600000,"NORMA":"Sin","CREACION":null,"ORIGEN_NOR":"Sin","OBSERVACIO":"Ajustado SPM","COD_SISBEN":"10274","Shape_Area":6828.87699406937,"Shape__Area":6919.1357421875,"Shape__Length":469.75909912669306,"GlobalID":"461fa880-bd7b-4262-98f7-b3a030ac42f1","CreationDate":1545839815055,"Creator":"sigper_arcgis","EditDate":1545839815055,"Editor":"sigper_arcgis"}},{"type":"Feature","id":189,"geometry":{"type":"Polygon","coordinates":[[[-75.7375973416901,4.79831093667814],[-75.7375840658292,4.79827543619176],[-75.7375287102367,4.79825081574912],[-75.7374509925444,4.79810165867044],[-75.7373742261956,4.79801552098995],[-75.7372870377348,4.79796431924555],[-75.7372056241281,4.79790439289535],[-75.7371307601137,4.79783635822389],[-75.7370754041543,4.79776298992212],[-75.7370611772099,4.7977128824741],[-75.7370380062344,4.79766623719459],[-75.7370283928267,4.79764371716391],[-75.7369812766374,4.79760406659731],[-75.7369360274293,4.79756596925388],[-75.736902186477,4.79748867979111],[-75.7368958125291,4.79745665811918],[-75.7368958119608,4.79741306794919],[-75.7368799302952,4.79739489318177],[-75.7368649635609,4.79731287005227],[-75.7368330601717,4.79724668987125],[-75.7367714005558,4.79716212415613],[-75.7367284748272,4.79712026505713],[-75.736697486699,4.79707829921253],[-75.7366655479109,4.79704320507031],[-75.7366329757664,4.79700939977764],[-75.7366001920203,4.79697919765252],[-75.7365706476587,4.79695477159961],[-75.7365002206078,4.79687972558941],[-75.7364860293457,4.79686123319715],[-75.7364732818608,4.79684040935687],[-75.7364647249527,4.79682283570556],[-75.7364160236814,4.79672496958192],[-75.7363342581243,4.79664831648145],[-75.736319291746,4.79661232086726],[-75.7362573866242,4.79654647683484],[-75.7362026647389,4.79650525361377],[-75.7361859739456,4.79649810045528],[-75.736157627117,4.79647701182339],[-75.7371054398115,4.79535413670336],[-75.7381848376753,4.79616107412176],[-75.7383854115116,4.79620061596624],[-75.7385945415084,4.79616795543521],[-75.7387637025958,4.79607026242224],[-75.7390457890731,4.79576118431723],[-75.7391544605784,4.79598588196317],[-75.7391887940816,4.79601075034839],[-75.7392209440103,4.79604300063338],[-75.7392443610076,4.79607537574382],[-75.7392469688891,4.79620137804681],[-75.7388000191688,4.79675790723268],[-75.7383309232654,4.79750404092634],[-75.7380382043298,4.79793871499253],[-75.7379606303978,4.79799726616056],[-75.7379061562034,4.79801515912192],[-75.7378740767752,4.79801747385516],[-75.7378347442201,4.79801480744536],[-75.737797699341,4.79800592377778],[-75.7377665369936,4.79805509595583],[-75.7375973416901,4.79831093667814]]]},"properties":{"FID":189,"ID_BAR":341,"CODSUELO":"6600101","CODCOM":"13","COMUNA":"San Joaquin","CODBAR":"011305","NOMBRE":"Ciudadela Comfamiliar I","NOM_POPULA":"Ciudadela Comfamiliar I","ACT_GEOGRA":1168041600000,"NORMA":"Sin","CREACION":null,"ORIGEN_NOR":"Sin","OBSERVACIO":"Ajustado SPM","COD_SISBEN":"13266","Shape_Area":54499.333169909507,"Shape__Area":55217.6201171875,"Shape__Length":1060.0343569645443,"GlobalID":"a5031207-af7c-44c9-9524-091e09eb1f44","CreationDate":1545839815055,"Creator":"sigper_arcgis","EditDate":1545839815055,"Editor":"sigper_arcgis"}},{"type":"Feature","id":190,"geometry":{"type":"Polygon","coordinates":[[[-75.7438211059948,4.80732527580166],[-75.74268192172,4.80729472263751],[-75.7437971990423,4.80655963080818],[-75.7448855622802,4.80702679816002],[-75.7449218267043,4.80705347170501],[-75.7449177590794,4.80704061822789],[-75.7452124810512,4.80749897022579],[-75.7452348328839,4.80796117959822],[-75.7444532115232,4.80794731721473],[-75.7440954240526,4.80770807903679],[-75.7440476986846,4.8073970385644],[-75.7438211059948,4.80732527580166]]]},"properties":{"FID":190,"ID_BAR":179,"CODSUELO":"6600101","CODCOM":"11","COMUNA":"Olimpica","CODBAR":"011116","NOMBRE":"Senderos de Unicentro","NOM_POPULA":"Senderos de Unicentro","ACT_GEOGRA":1168041600000,"NORMA":"Sin","CREACION":null,"ORIGEN_NOR":"Sin","OBSERVACIO":"Ajustado SPM","COD_SISBEN":"10274","Shape_Area":21018.883283829469,"Shape__Area":21296.6708984375,"Shape__Length":723.2676082074355,"GlobalID":"e132c88c-862f-4b49-9593-eac87340692e","CreationDate":1545839815055,"Creator":"sigper_arcgis","EditDate":1545839815055,"Editor":"sigper_arcgis"}},{"type":"Feature","id":191,"geometry":{"type":"Polygon","coordinates":[[[-75.7199542136269,4.79824805770566],[-75.7197367013974,4.79830771849846],[-75.7196982495833,4.79822894412946],[-75.7197032501499,4.7981788893792],[-75.7196963492669,4.79811889077462],[-75.719675116092,4.79806095745357],[-75.7196003599229,4.79792810179739],[-75.7194676443368,4.79771295598095],[-75.7193375690543,4.79752303128059],[-75.7193198570095,4.79748966720198],[-75.7197396853818,4.7957995497615],[-75.7205516945801,4.79615518748843],[-75.7208248117957,4.79563123841686],[-75.7208518903365,4.79564665750854],[-75.7209445354744,4.79570416669925],[-75.7213756450016,4.79605264712962],[-75.7212597577874,4.79621072419325],[-75.7212547909484,4.79642187705368],[-75.7213263772065,4.79668020633932],[-75.7213093334224,4.79680318809387],[-75.7212946127539,4.7969381278684],[-75.721291301793,4.79707052459509],[-75.7212919346513,4.79720329167996],[-75.7212897854161,4.79741965477388],[-75.7209903671067,4.79747507699824],[-75.720852400707,4.79763875222956],[-75.7199542136269,4.79824805770566]]]},"properties":{"FID":191,"ID_BAR":342,"CODSUELO":"6600101","CODCOM":"10","COMUNA":"Consota","CODBAR":"011004","NOMBRE":"Bella Sardi","NOM_POPULA":"Bella Sardi","ACT_GEOGRA":1168041600000,"NORMA":"50","CREACION":900633600000,"ORIGEN_NOR":"Concejo Municipal","OBSERVACIO":"Ajustado a delimitacion de la Norma de creacion","COD_SISBEN":"10325","Shape_Area":43325.889898620109,"Shape__Area":43896.31787109375,"Shape__Length":902.86553561629034,"GlobalID":"ff40316b-dc8b-48fd-8d4b-8280e72e2713","CreationDate":1545839815055,"Creator":"sigper_arcgis","EditDate":1545839815055,"Editor":"sigper_arcgis"}},{"type":"Feature","id":192,"geometry":{"type":"Polygon","coordinates":[[[-75.7368834614227,4.80946709816076],[-75.7360696031747,4.81014912143964],[-75.736749330293,4.80953895431301],[-75.7368834614227,4.80946709816076]]]},"properties":{"FID":192,"ID_BAR":120,"CODSUELO":"6600101","CODCOM":"11","COMUNA":"Olimpica","CODBAR":"011106","NOMBRE":"Canaveral II","NOM_POPULA":"Canaveral II","ACT_GEOGRA":1180656000000,"NORMA":"Sin","CREACION":null,"ORIGEN_NOR":"Sin","OBSERVACIO":"Ajustado SPM","COD_SISBEN":" ","Shape_Area":202.51419754738,"Shape__Area":205.18994140625,"Shape__Length":237.1710349672943,"GlobalID":"1e1abe44-2f16-4e7e-8704-0d50e363928b","CreationDate":1545839815055,"Creator":"sigper_arcgis","EditDate":1545839815055,"Editor":"sigper_arcgis"}},{"type":"Feature","id":193,"geometry":{"type":"Polygon","coordinates":[[[-75.7442534348929,4.79822467793338],[-75.7438849242545,4.79803340431498],[-75.7438309437991,4.79808526258609],[-75.7437023148582,4.79829044869851],[-75.7432116839386,4.79800272400669],[-75.7433479182398,4.79779939264002],[-75.7436011032267,4.79792387050204],[-75.7436163856994,4.79790172099059],[-75.7436339211249,4.79787125307897],[-75.7436499067117,4.797836016824],[-75.7436595191365,4.79780856927437],[-75.7436674061728,4.79777857884142],[-75.7436749395903,4.79768655816607],[-75.7436590212975,4.7976142490622],[-75.7436221159055,4.79750605016011],[-75.7436492614392,4.79735507228157],[-75.7436743680726,4.79734541078893],[-75.7437133482682,4.7973272176338],[-75.7437597587395,4.79729984015098],[-75.7437899707074,4.79727811486702],[-75.7439811708912,4.79698440389185],[-75.7441563584667,4.79710951932405],[-75.7443624290889,4.7972330785606],[-75.7445026497221,4.79730762741914],[-75.7446264594731,4.79734634061216],[-75.7447900596983,4.79736124339185],[-75.7448431620022,4.79737828556329],[-75.7448601351808,4.79739744866695],[-75.7448452763844,4.79742514366702],[-75.7445029495585,4.79801152243288],[-75.744364491409,4.79802855313147],[-75.7442534348929,4.79822467793338]]]},"properties":{"FID":193,"ID_BAR":343,"CODSUELO":"6600101","CODCOM":"13","COMUNA":"San Joaquin","CODBAR":"011308","NOMBRE":"Codelmar II","NOM_POPULA":"Codelmar II","ACT_GEOGRA":1168041600000,"NORMA":"Sin","CREACION":null,"ORIGEN_NOR":"Sin","OBSERVACIO":"Ajustado SPM","COD_SISBEN":"13277","Shape_Area":12841.582840846029,"Shape__Area":13010.93408203125,"Shape__Length":557.46309522802278,"GlobalID":"afd58f80-7496-45b0-9e96-388381963125","CreationDate":1545839815055,"Creator":"sigper_arcgis","EditDate":1545839815055,"Editor":"sigper_arcgis"}},{"type":"Feature","id":194,"geometry":{"type":"Polygon","coordinates":[[[-75.7360696031747,4.81014912143964],[-75.7368834614227,4.80946709816076],[-75.7370454013907,4.80938034432195],[-75.7376778724258,4.80929461553777],[-75.7382629396444,4.80872808761169],[-75.738525709575,4.80904500882068],[-75.7385024136285,4.80963454776162],[-75.7384070546123,4.81035234780349],[-75.7386813787043,4.81085478550076],[-75.7387981612542,4.8111842010642],[-75.7387648485412,4.81120286518942],[-75.7386563947216,4.81099367757266],[-75.7384309541681,4.81109406649951],[-75.7375484865376,4.81165639536919],[-75.7374292193543,4.81150088100755],[-75.7375484652256,4.81132142493574],[-75.7369043995582,4.81010121638654],[-75.7362723593741,4.81046015286306],[-75.7360696031747,4.81014912143964]]]},"properties":{"FID":194,"ID_BAR":120,"CODSUELO":"6600101","CODCOM":"11","COMUNA":"Olimpica","CODBAR":"011106","NOMBRE":"Canaveral","NOM_POPULA":"Canaveral","ACT_GEOGRA":1180656000000,"NORMA":"Sin","CREACION":null,"ORIGEN_NOR":"Sin","OBSERVACIO":"Ajustado SPM","COD_SISBEN":" ","Shape_Area":43743.075708527773,"Shape__Area":44321.3212890625,"Shape__Length":1093.3560725945144,"GlobalID":"018bab1b-8ea7-4f00-8ae0-7ac9007ad86b","CreationDate":1545839815055,"Creator":"sigper_arcgis","EditDate":1545839815055,"Editor":"sigper_arcgis"}},{"type":"Feature","id":195,"geometry":{"type":"Polygon","coordinates":[[[-75.7329508149604,4.7971370703351],[-75.7330534262491,4.79722688268946],[-75.7331645598181,4.79733903664465],[-75.7333265771356,4.79750426590746],[-75.733476165302,4.79774678581026],[-75.7335053573489,4.79781028109541],[-75.7330974504974,4.79803088742786],[-75.7328139502353,4.79817568546408],[-75.7326902095142,4.79792502288859],[-75.732424698007,4.79741855881155],[-75.7329508149604,4.7971370703351]]]},"properties":{"FID":195,"ID_BAR":344,"CODSUELO":"6600101","CODCOM":"14","COMUNA":"Perla Del Otun","CODBAR":"011415","NOMBRE":"Metropolitano","NOM_POPULA":"Metropolitano","ACT_GEOGRA":1180656000000,"NORMA":"31","CREACION":619142400000,"ORIGEN_NOR":"Concejo Municipal","OBSERVACIO":"Ajustado a delimitacion de la Norma de creacion","COD_SISBEN":"14140","Shape_Area":7557.49044797741,"Shape__Area":7657.08740234375,"Shape__Length":346.86135198429241,"GlobalID":"58aa844c-7179-4110-a2a7-efcc861a4c39","CreationDate":1545839815055,"Creator":"sigper_arcgis","EditDate":1545839815055,"Editor":"sigper_arcgis"}},{"type":"Feature","id":196,"geometry":{"type":"Polygon","coordinates":[[[-75.7361038648366,4.82276152480313],[-75.7357722455233,4.82299764696094],[-75.7355218206483,4.82332066943409],[-75.7354145177122,4.82382313148007],[-75.7354012552216,4.82404286805029],[-75.7352923951442,4.82403157816795],[-75.7352901824317,4.82409698090839],[-75.7352434539942,4.82419834475386],[-75.7351420002905,4.82415337791632],[-75.7345623330809,4.82401404729193],[-75.7344900972667,4.8240217852469],[-75.734520071206,4.82381122226675],[-75.7350566897546,4.82299769063465],[-75.7352832571,4.82257896397085],[-75.7354861335091,4.82232115109321],[-75.7361038648366,4.82276152480313]]]},"properties":{"FID":196,"ID_BAR":8,"CODSUELO":"6600101","CODCOM":"18","COMUNA":"Del Cafe","CODBAR":"011808","NOMBRE":"Comfamiliar Boquia","NOM_POPULA":"Comfamiliar Boquia","ACT_GEOGRA":1168041600000,"NORMA":"10","CREACION":965088000000,"ORIGEN_NOR":"Concejo Municipal","OBSERVACIO":"Ajustado a delimitacion de la Norma de creacion","COD_SISBEN":"18221","Shape_Area":15488.115735615351,"Shape__Area":15693.4228515625,"Shape__Length":598.5489486865481,"GlobalID":"4595f15f-e9f6-4b11-94e8-5d7ce2521fda","CreationDate":1545839815055,"Creator":"sigper_arcgis","EditDate":1545839815055,"Editor":"sigper_arcgis"}},{"type":"Feature","id":197,"geometry":{"type":"Polygon","coordinates":[[[-75.7361938599804,4.822537707497],[-75.7363208123239,4.8225789000576],[-75.7367501679848,4.82293776992533],[-75.7370006245315,4.82312916571397],[-75.7368418493052,4.82310263074535],[-75.736738274256,4.82345218938534],[-75.7365713566409,4.82418195664287],[-75.7356589654698,4.82407258286603],[-75.7354741612411,4.82405042912606],[-75.7354012552216,4.82404286805029],[-75.7354145177122,4.82382313148007],[-75.7355218206483,4.82332066943409],[-75.7357722455233,4.82299764696094],[-75.7361038648366,4.82276152480313],[-75.7361938599804,4.822537707497]]]},"properties":{"FID":197,"ID_BAR":8,"CODSUELO":"6600101","CODCOM":"18","COMUNA":"Del Cafe","CODBAR":"011808","NOMBRE":"Alameda del Cafe","NOM_POPULA":"Alameda del Cafe","ACT_GEOGRA":1168041600000,"NORMA":"10","CREACION":965088000000,"ORIGEN_NOR":"Concejo Municipal","OBSERVACIO":"Ajustado a delimitacion de la Norma de creacion","COD_SISBEN":"18221","Shape_Area":19561.6113787853,"Shape__Area":19820.93798828125,"Shape__Length":585.70712263409848,"GlobalID":"0345e700-5a75-4115-8f34-2d15feed7062","CreationDate":1545839815055,"Creator":"sigper_arcgis","EditDate":1545839815055,"Editor":"sigper_arcgis"}},{"type":"Feature","id":198,"geometry":{"type":"Polygon","coordinates":[[[-75.7067447440878,4.7980539888533],[-75.706703617662,4.79795522028297],[-75.70667738643,4.7978703515413],[-75.7066658038813,4.79779058844818],[-75.7066686583309,4.79771497680608],[-75.706680702502,4.79766545186869],[-75.706694824295,4.7976121295756],[-75.7066835930866,4.79755410866374],[-75.7067014496178,4.79743971088952],[-75.7067376858515,4.79735657496223],[-75.7068118134738,4.79724376826397],[-75.7068280823684,4.79720240360954],[-75.7068821404601,4.79702491709485],[-75.7069216545176,4.7968436143141],[-75.7069463085701,4.79665968075126],[-75.7069201119491,4.79659178561383],[-75.7068949007287,4.79655397016967],[-75.706848526542,4.79652258252995],[-75.7067567265717,4.79648720273994],[-75.7066616167857,4.79646208358168],[-75.7066144318227,4.79643597756592],[-75.7065978828937,4.79642121196271],[-75.7065308747927,4.79631943973735],[-75.7064438306634,4.79622930579295],[-75.7063565771165,4.79610231153919],[-75.7063163293651,4.79606276447958],[-75.7062534753659,4.79601904866489],[-75.7061048436223,4.79594521580603],[-75.7060539265796,4.79590706395914],[-75.7060098768646,4.79586112215025],[-75.7060042813605,4.79572381573002],[-75.7059847413074,4.79562012006316],[-75.7059372432193,4.79548586745951],[-75.7059250615146,4.79543090214447],[-75.7059258380447,4.79537459411923],[-75.7058889027206,4.79526660636091],[-75.705885348055,4.79520265042714],[-75.7058515453999,4.79513977195508],[-75.7058294692364,4.79507184260352],[-75.7057330589487,4.7949737251606],[-75.7056687265126,4.79492444555724],[-75.7055230878496,4.79483846101862],[-75.7054157614996,4.79475072903756],[-75.7053653391803,4.79465485647134],[-75.7053348491091,4.79453657098732],[-75.7055763207335,4.79398604456828],[-75.7056702047947,4.79378831871546],[-75.705770250603,4.7935876959735],[-75.7058265268564,4.79341215135085],[-75.7058613937376,4.79320168915488],[-75.7058550252869,4.79303211297115],[-75.7058351721039,4.79280525811811],[-75.7057981679485,4.7926635700241],[-75.7058890216336,4.7925016627273],[-75.7060908705491,4.79222841486244],[-75.7061581298978,4.79214072416132],[-75.7062479608023,4.79203249262923],[-75.7063597302591,4.79189033182341],[-75.7064524138577,4.79177823211687],[-75.7065342163421,4.79167162436231],[-75.7066351054794,4.79153767664032],[-75.7067032448629,4.79144198496593],[-75.706741417262,4.79139004070685],[-75.7068218112946,4.79128468759928],[-75.7069541022437,4.79138822779676],[-75.7070467820537,4.79142000469311],[-75.7071681931053,4.79148640097924],[-75.7074608094514,4.7915902995316],[-75.7075791936979,4.79160771733519],[-75.7076271181156,4.79162622886124],[-75.7077251133926,4.79168598310884],[-75.7078675818114,4.7917935503307],[-75.7079930430753,4.7918775555692],[-75.7080225499776,4.79192093493749],[-75.70803085848,4.79197277442334],[-75.7080164552055,4.79202325301467],[-75.7079858196254,4.79205928310688],[-75.7078321469746,4.79219414779267],[-75.7078137999622,4.79222793513994],[-75.7078064395847,4.79226567983021],[-75.7078121419126,4.7923373887186],[-75.7078837951056,4.79250641871605],[-75.7079055539413,4.79260709479406],[-75.7079011485599,4.79273988000713],[-75.7078776933047,4.79287065079025],[-75.7078639588152,4.79294232343962],[-75.7078730418613,4.79301475692023],[-75.7079457885435,4.7931062496914],[-75.7080274447501,4.79318988332982],[-75.7080868119457,4.79327254384025],[-75.708139383877,4.79330873523503],[-75.7082012169794,4.79332429759301],[-75.7082646009901,4.7933172518656],[-75.708387916365,4.79329736755607],[-75.7084551740502,4.79326434085044],[-75.7085162344275,4.79322080570291],[-75.7085821189973,4.79317177635564],[-75.7086550105972,4.79313392785873],[-75.7087031820796,4.79312029453919],[-75.7087532203906,4.79312001325192],[-75.7088762530688,4.79316201682305],[-75.7089903060415,4.79322452704149],[-75.7090840743184,4.7933467172701],[-75.7091367171736,4.79338172534503],[-75.7091965079084,4.79339382553989],[-75.7093814811962,4.79338973259665],[-75.7095241983197,4.7934197091266],[-75.7095727917184,4.79343862691973],[-75.7096773375664,4.79350097699052],[-75.709698887446,4.7935237976726],[-75.7097118798351,4.79355239257152],[-75.7097260692381,4.79361530671116],[-75.7097261734148,4.79367982627615],[-75.709712227448,4.79374280976084],[-75.7096848655808,4.79380118285398],[-75.7095816538888,4.79391891772675],[-75.709511577382,4.79403068257223],[-75.709506928868,4.79405069436079],[-75.7091496731072,4.79482611228214],[-75.707905421192,4.79742838815224],[-75.7078354875323,4.79746540611113],[-75.707419688611,4.79755322929341],[-75.707320562423,4.79758484206049],[-75.7072227390532,4.7976260982064],[-75.7071283312377,4.79767728132232],[-75.7070476211969,4.79773137854541],[-75.7069939555111,4.79777355410474],[-75.7069462757688,4.79781698474204],[-75.7067447440878,4.7980539888533]]]},"properties":{"FID":198,"ID_BAR":345,"CODSUELO":"6600101","CODCOM":"19","COMUNA":"El Poblado","CODBAR":"011909","NOMBRE":"Samaria II","NOM_POPULA":"Samaria II","ACT_GEOGRA":1168041600000,"NORMA":"Sin","CREACION":null,"ORIGEN_NOR":"Sin","OBSERVACIO":"Ajustado SPM","COD_SISBEN":"19319","Shape_Area":186407.87979858436,"Shape__Area":188858.68408203125,"Shape__Length":2057.48573567315,"GlobalID":"ef4b919f-e25e-47eb-9dcc-9a3f35774258","CreationDate":1545839815055,"Creator":"sigper_arcgis","EditDate":1545839815055,"Editor":"sigper_arcgis"}},{"type":"Feature","id":199,"geometry":{"type":"Polygon","coordinates":[[[-75.7370006245315,4.82312916571397],[-75.7367501679848,4.82293776992533],[-75.7363208123239,4.8225789000576],[-75.7361938599804,4.822537707497],[-75.7362253975501,4.82245927373982],[-75.7359033837629,4.82223199240075],[-75.7367262068566,4.8211911404047],[-75.7370601538641,4.82153805286963],[-75.7373582824729,4.82123895323223],[-75.7380738541333,4.82151406135388],[-75.7384197247749,4.82181311946128],[-75.7384793706775,4.82206434330125],[-75.7383124156613,4.82218398648149],[-75.7383926193582,4.82237168012931],[-75.7387060389864,4.82322476130327],[-75.7374061153284,4.82327269860524],[-75.7370006245315,4.82312916571397]]]},"properties":{"FID":199,"ID_BAR":8,"CODSUELO":"6600101","CODCOM":"18","COMUNA":"Del Cafe","CODBAR":"011808","NOMBRE":"Luis Alberto Duque","NOM_POPULA":"Luis Alberto Duque","ACT_GEOGRA":1168041600000,"NORMA":"10","CREACION":965088000000,"ORIGEN_NOR":"Concejo Municipal","OBSERVACIO":"Ajustado a delimitacion de la Norma de creacion","COD_SISBEN":"18221","Shape_Area":46729.225304804808,"Shape__Area":47348.60205078125,"Shape__Length":919.64359705982861,"GlobalID":"5ab58c6f-6903-4adc-9f3b-1620dcd4306f","CreationDate":1545839815055,"Creator":"sigper_arcgis","EditDate":1545839815055,"Editor":"sigper_arcgis"}},{"type":"Feature","id":200,"geometry":{"type":"Polygon","coordinates":[[[-75.6967774362395,4.79758620825377],[-75.6966776321285,4.79781431220289],[-75.696668900352,4.7977897081276],[-75.6966424217584,4.79775863949317],[-75.6966171741856,4.79774102825374],[-75.696596645829,4.79773255018336],[-75.6965336846752,4.79772548248091],[-75.6964487517952,4.79771021855353],[-75.6963900168267,4.79769663308545],[-75.6963357541989,4.7976809466189],[-75.696283744928,4.79766328213636],[-75.6961602534013,4.79764948247215],[-75.6960289089863,4.79762443142602],[-75.6958335486464,4.79758759677096],[-75.6957916093395,4.79758830113067],[-75.6957465372506,4.79758464255526],[-75.6957014998067,4.79757630471066],[-75.6956714635077,4.79756801892104],[-75.6955789931982,4.79757467357813],[-75.6955517729004,4.79758307943918],[-75.6955225106049,4.7975950177892],[-75.695492824817,4.79761050636854],[-75.6954695485425,4.79762543023569],[-75.6954325045218,4.79762389160188],[-75.695337889994,4.79756438298239],[-75.6952246472151,4.79749936355491],[-75.6951140450669,4.79744190275441],[-75.6950644677876,4.79739800954848],[-75.6950253834603,4.79734452668739],[-75.6949582041777,4.7971854921625],[-75.6948752456124,4.79710680248772],[-75.6947130931602,4.79702314654018],[-75.6946932045885,4.79688082230954],[-75.6946783514456,4.79674005328894],[-75.6946862853378,4.79650546346528],[-75.6947772206455,4.79617993388528],[-75.6948828333229,4.79599561501307],[-75.6950842404347,4.79622941993031],[-75.6952014265523,4.79629806167181],[-75.6953161130746,4.79634460710222],[-75.6956819015068,4.79646714657891],[-75.6957702481869,4.79651768244633],[-75.6961167713933,4.79671588659049],[-75.6962315274058,4.79679743848048],[-75.6964316726539,4.79692991525523],[-75.6966082960577,4.79704306746807],[-75.6966898820823,4.79710261105231],[-75.6967893551785,4.79720018149684],[-75.6969051315395,4.79729607534954],[-75.6968587160436,4.79740036890304],[-75.6967774362395,4.79758620825377]]]},"properties":{"FID":200,"ID_BAR":346,"CODSUELO":"6600101","CODCOM":"07","COMUNA":"Boston","CODBAR":"010732","NOMBRE":"Tulcan I","NOM_POPULA":"Tulcan I","ACT_GEOGRA":1180656000000,"NORMA":"Sin","CREACION":null,"ORIGEN_NOR":"Sin","OBSERVACIO":"Ajustado SPM","COD_SISBEN":" ","Shape_Area":25435.994711634481,"Shape__Area":25770.35791015625,"Shape__Length":708.45709679154766,"GlobalID":"f77001a4-f63e-429e-9df1-9cd91bf44439","CreationDate":1545839815055,"Creator":"sigper_arcgis","EditDate":1545839815055,"Editor":"sigper_arcgis"}},{"type":"Feature","id":201,"geometry":{"type":"Polygon","coordinates":[[[-75.6665774187166,4.79771439934736],[-75.6665027021834,4.79765407606565],[-75.6661056245661,4.79741893885839],[-75.6662769972957,4.79712116718643],[-75.6664519498142,4.7969701880723],[-75.6666608876984,4.79675769360919],[-75.6667539122788,4.79684975823792],[-75.6667319346473,4.79690445570008],[-75.6667223870883,4.79695998523967],[-75.666723685207,4.79701772314031],[-75.6667280811384,4.79708226215973],[-75.6667331117301,4.79713395978546],[-75.6667479567346,4.79730565654345],[-75.6667428455839,4.79735991423181],[-75.6667346363433,4.79741759903913],[-75.6667150160744,4.79748858211057],[-75.6666983553758,4.79754591224825],[-75.6665921045089,4.79769458344241],[-75.6665774187166,4.79771439934736]]]},"properties":{"FID":201,"ID_BAR":347,"CODSUELO":"6600101","CODCOM":"01","COMUNA":"Villa Santana","CODBAR":"010107","NOMBRE":"La Isla","NOM_POPULA":"La Isla","ACT_GEOGRA":1180656000000,"NORMA":"Sin","CREACION":null,"ORIGEN_NOR":"Sin","OBSERVACIO":"Ajustado SPM, Visita de campo","COD_SISBEN":"01004","Shape_Area":4269.83977086558,"Shape__Area":4325.86376953125,"Shape__Length":276.29838170012539,"GlobalID":"dd4efd05-af68-45b7-91f9-453c77f30817","CreationDate":1545839815055,"Creator":"sigper_arcgis","EditDate":1545839815055,"Editor":"sigper_arcgis"}},{"type":"Feature","id":202,"geometry":{"type":"Polygon","coordinates":[[[-75.7335499415891,4.82399072790877],[-75.7337568212499,4.8239907158158],[-75.7343312417126,4.82406582694317],[-75.7335899211375,4.82507937912733],[-75.7329339957308,4.82512727000231],[-75.7328624045052,4.82450518636504],[-75.733267871872,4.8242419720419],[-75.7335536809682,4.82411814902382],[-75.7335609749995,4.82406881126894],[-75.7335499415891,4.82399072790877]]]},"properties":{"FID":202,"ID_BAR":8,"CODSUELO":"6600101","CODCOM":"18","COMUNA":"Del Cafe","CODBAR":"011808","NOMBRE":"Portal de Llano Grande","NOM_POPULA":"Portal de Llano Grande","ACT_GEOGRA":1168041600000,"NORMA":"10","CREACION":965088000000,"ORIGEN_NOR":"Concejo Municipal","OBSERVACIO":"Ajustado a delimitacion de la Norma de creacion","COD_SISBEN":"18221","Shape_Area":12138.42986206358,"Shape__Area":12299.35888671875,"Shape__Length":473.74091334942437,"GlobalID":"8c17f50e-0b00-4f75-8360-fdf496d53e16","CreationDate":1545839815055,"Creator":"sigper_arcgis","EditDate":1545839815055,"Editor":"sigper_arcgis"}},{"type":"Feature","id":203,"geometry":{"type":"Polygon","coordinates":[[[-75.723215688997,4.78697882045617],[-75.723392165905,4.78680560170302],[-75.724040409725,4.78609984426315],[-75.7252091259782,4.7869342278982],[-75.7240582724922,4.78821287846072],[-75.7238403973675,4.78782399602504],[-75.7235688178069,4.78733925652764],[-75.723215688997,4.78697882045617]]]},"properties":{"FID":203,"ID_BAR":422,"CODSUELO":"6600101","CODCOM":"15","COMUNA":"El Oso","CODBAR":"011524","NOMBRE":"Porto Alegre","NOM_POPULA":"Porto Alegre","ACT_GEOGRA":1168041600000,"NORMA":"Sin","CREACION":null,"ORIGEN_NOR":"Sin","OBSERVACIO":"Ajustado SPM","COD_SISBEN":"15407","Shape_Area":24969.567057916691,"Shape__Area":25297.6689453125,"Shape__Length":654.41296217254569,"GlobalID":"9c20bbc3-b4d1-49d5-9b8d-0b92f9283c1c","CreationDate":1545839815055,"Creator":"sigper_arcgis","EditDate":1545839815055,"Editor":"sigper_arcgis"}},{"type":"Feature","id":204,"geometry":{"type":"Polygon","coordinates":[[[-75.7307738393442,4.79769754616855],[-75.7301188374689,4.79720781044613],[-75.7301136960225,4.7971839485448],[-75.730306556673,4.79694162119358],[-75.730398955638,4.79676861853594],[-75.7304445560886,4.79673898035313],[-75.731098677031,4.79720501408829],[-75.731102093483,4.79726711424902],[-75.7307738393442,4.79769754616855]]]},"properties":{"FID":204,"ID_BAR":348,"CODSUELO":"6600101","CODCOM":"04","COMUNA":"Villavicencio","CODBAR":"010403","NOMBRE":"Los Andes","NOM_POPULA":"Los Andes","ACT_GEOGRA":1180656000000,"NORMA":"83","CREACION":588988800000,"ORIGEN_NOR":"Concejo Municipal","OBSERVACIO":"Norma de creacion no delimitable. Ajuste SPM","COD_SISBEN":"04038","Shape_Area":5963.32306177789,"Shape__Area":6041.89111328125,"Shape__Length":313.24097726678337,"GlobalID":"9a85c730-f1b3-405f-9420-c6fe77d98663","CreationDate":1545839815055,"Creator":"sigper_arcgis","EditDate":1545839815055,"Editor":"sigper_arcgis"}},{"type":"Feature","id":205,"geometry":{"type":"Polygon","coordinates":[[[-75.7458414619217,4.79769157013942],[-75.7458024105254,4.79767814728249],[-75.7456643360245,4.79755213086995],[-75.7456527857769,4.79754858158823],[-75.7456360247991,4.79754499592419],[-75.7456108120585,4.79754291259959],[-75.7455821842164,4.79754522720914],[-75.7455563374043,4.79755178097153],[-75.7455412661141,4.79755195769709],[-75.7455254911532,4.79754646547616],[-75.7455143981127,4.79753765181903],[-75.7454746766317,4.79750171013365],[-75.7453829085669,4.79738528301779],[-75.7454638201404,4.7970886784469],[-75.7456626836808,4.79635962635327],[-75.7457179973131,4.79615679095003],[-75.7459840752157,4.7951711933194],[-75.7462354785594,4.79457004969236],[-75.7463046019505,4.79455706641632],[-75.7465747572001,4.79461227053547],[-75.7466596214349,4.79464985415443],[-75.7463758361673,4.7957373284652],[-75.7461268350729,4.79666585986599],[-75.7458414619217,4.79769157013942]]]},"properties":{"FID":205,"ID_BAR":349,"CODSUELO":"6600101","CODCOM":"13","COMUNA":"San Joaquin","CODBAR":"011302","NOMBRE":"Atenas","NOM_POPULA":"Atenas","ACT_GEOGRA":1180656000000,"NORMA":"110","CREACION":913852800000,"ORIGEN_NOR":"Concejo Municipal","OBSERVACIO":"Norma de creacion no delimitable. Ajuste SPM","COD_SISBEN":"13300","Shape_Area":19442.397819422571,"Shape__Area":19698.7392578125,"Shape__Length":794.95142464811875,"GlobalID":"0fc64e8c-579b-4f3f-9955-42546dfb4a19","CreationDate":1545839815055,"Creator":"sigper_arcgis","EditDate":1545839815055,"Editor":"sigper_arcgis"}},{"type":"Feature","id":206,"geometry":{"type":"Polygon","coordinates":[[[-75.7254618212181,4.78591441826017],[-75.7252091259782,4.78693422789821],[-75.724040409725,4.78609984426315],[-75.723215688997,4.78697882045621],[-75.7231186082005,4.78687973067675],[-75.7230250001808,4.78678418549891],[-75.7224239455892,4.78631525173932],[-75.7229390606899,4.78494663537436],[-75.7252347842905,4.78582732269898],[-75.7254618212181,4.78591441826017]]]},"properties":{"FID":206,"ID_BAR":422,"CODSUELO":"6600101","CODCOM":"15","COMUNA":"El Oso","CODBAR":"011524","NOMBRE":"Porto Alegre Etp 2","NOM_POPULA":"Porto Alegre Etp 2","ACT_GEOGRA":1168041600000,"NORMA":"Sin","CREACION":null,"ORIGEN_NOR":"Sin","OBSERVACIO":"Ajustado SPM","COD_SISBEN":"15407","Shape_Area":40278.150719440782,"Shape__Area":40807.2900390625,"Shape__Length":991.38329759638441,"GlobalID":"7a87f075-b183-4835-96b8-2c0c88320efa","CreationDate":1545839815055,"Creator":"sigper_arcgis","EditDate":1545839815055,"Editor":"sigper_arcgis"}},{"type":"Feature","id":207,"geometry":{"type":"Polygon","coordinates":[[[-75.7345427637725,4.79716699223744],[-75.7347092482637,4.79693262943345],[-75.7350707401088,4.79642372178716],[-75.7355520234066,4.79574618978163],[-75.7355844198897,4.79576743735971],[-75.7356013220276,4.79577157047779],[-75.7356227320007,4.79577985394967],[-75.7356412189046,4.79579022096067],[-75.7356882633297,4.79582775321236],[-75.7357131595665,4.79586445451601],[-75.7357518244466,4.79590760350091],[-75.7357725654844,4.79594186743231],[-75.7358506337128,4.79604921788413],[-75.7358639795807,4.79607788381414],[-75.7358884885321,4.79610893398104],[-75.7359072927829,4.79613632777215],[-75.7359208502325,4.79615863496023],[-75.7359457461715,4.79618811282244],[-75.7359824387355,4.79624860593497],[-75.7359968418858,4.79629889001492],[-75.7360085675832,4.79631914862121],[-75.7360255764844,4.79633831193962],[-75.7360391331034,4.79635689259062],[-75.7360476901647,4.79637068636845],[-75.7360642759444,4.79637946482265],[-75.7360943128615,4.79642208334835],[-75.7361000882107,4.79643248686163],[-75.736157627117,4.79647701182339],[-75.7361859739456,4.79649810045528],[-75.7362026647389,4.79650525361377],[-75.7362573866242,4.79654647683484],[-75.736319291746,4.79661232086726],[-75.7363342581243,4.79664831648145],[-75.7364160236814,4.79672496958192],[-75.7363047523277,4.79685996408319],[-75.736265842796,4.79693335157977],[-75.7357240639123,4.79767946646066],[-75.7351894581954,4.79762947164645],[-75.7351487864966,4.79758853090294],[-75.7350834297685,4.79750749721003],[-75.735069027098,4.79749575137659],[-75.7350479344976,4.79748091587491],[-75.7350170876652,4.79746355423714],[-75.7349717328848,4.79742883053883],[-75.7349249699088,4.79740682418735],[-75.734874931477,4.79738598305392],[-75.73483443608,4.79737105876736],[-75.7348140831054,4.79735636394042],[-75.734791194458,4.79734288822338],[-75.7347658402657,4.79733117780579],[-75.7346315369386,4.79724454617691],[-75.7345427637725,4.79716699223744]]]},"properties":{"FID":207,"ID_BAR":350,"CODSUELO":"6600101","CODCOM":"15","COMUNA":"El Oso","CODBAR":"011517","NOMBRE":"Libertador II","NOM_POPULA":"Libertador II","ACT_GEOGRA":1168041600000,"NORMA":"Sin","CREACION":null,"ORIGEN_NOR":"Sin","OBSERVACIO":"Ajustado SPM, Visita de campo","COD_SISBEN":" ","Shape_Area":23925.777376349841,"Shape__Area":24241.07568359375,"Shape__Length":624.52511297835053,"GlobalID":"5607b238-ac10-4912-97f8-ec6895620ca9","CreationDate":1545839815055,"Creator":"sigper_arcgis","EditDate":1545839815055,"Editor":"sigper_arcgis"}},{"type":"Feature","id":208,"geometry":{"type":"Polygon","coordinates":[[[-75.7264307927423,4.78522402582247],[-75.7259789786773,4.78496356414675],[-75.7253132571052,4.78482474495042],[-75.7244903966769,4.78444195843541],[-75.7241564725896,4.78405914953052],[-75.7241672046316,4.78391910802407],[-75.7239407329621,4.78378855049495],[-75.7240838301013,4.78365455591114],[-75.7247134507018,4.78292716284334],[-75.7249996244396,4.78221892602806],[-75.7276805202568,4.78438175326264],[-75.7268505870752,4.78574081776344],[-75.7268473562713,4.78574348034511],[-75.7264307927423,4.78522402582247]]]},"properties":{"FID":208,"ID_BAR":422,"CODSUELO":"6600101","CODCOM":"15","COMUNA":"El Oso","CODBAR":"011524","NOMBRE":"Ciudadela Villa de Leyva","NOM_POPULA":"Ciudadela Villa de Leyva","ACT_GEOGRA":1168041600000,"NORMA":"Sin","CREACION":null,"ORIGEN_NOR":"Sin","OBSERVACIO":"Ajustado SPM","COD_SISBEN":"15407","Shape_Area":72861.810647734441,"Shape__Area":73818.70947265625,"Shape__Length":1187.2826794228765,"GlobalID":"c6445ee1-4bd9-487a-a331-338ecf2065a9","CreationDate":1545839815055,"Creator":"sigper_arcgis","EditDate":1545839815055,"Editor":"sigper_arcgis"}},{"type":"Feature","id":209,"geometry":{"type":"Polygon","coordinates":[[[-75.7229337469554,4.79737960397367],[-75.7227854300989,4.79722403374358],[-75.7227231035019,4.79716571244588],[-75.7224634075848,4.7970095053199],[-75.722103531405,4.79672544042421],[-75.7219871889933,4.79660256361947],[-75.7217194317482,4.79623007416181],[-75.7219269260801,4.79599558639472],[-75.7223941249664,4.79642635637508],[-75.7223136029973,4.79651668435318],[-75.723086537415,4.79723480983279],[-75.7229337469554,4.79737960397367]]]},"properties":{"FID":209,"ID_BAR":351,"CODSUELO":"6600101","CODCOM":"15","COMUNA":"El Oso","CODBAR":"011514","NOMBRE":"La Idalia","NOM_POPULA":"La Idalia","ACT_GEOGRA":1168041600000,"NORMA":"Sin","CREACION":null,"ORIGEN_NOR":"Sin","OBSERVACIO":"Ajustado SPM","COD_SISBEN":"15187","Shape_Area":6010.96397078778,"Shape__Area":6090.10888671875,"Shape__Length":448.80808275013317,"GlobalID":"f9d3c42e-9865-4a7b-aaa5-f0069bf0eefd","CreationDate":1545839815055,"Creator":"sigper_arcgis","EditDate":1545839815055,"Editor":"sigper_arcgis"}},{"type":"Feature","id":210,"geometry":{"type":"Polygon","coordinates":[[[-75.7300504810659,4.78882531795684],[-75.7298060060663,4.78871766166326],[-75.7290248835592,4.78846049251462],[-75.72824227261,4.78800706860773],[-75.728219875259,4.78748552930105],[-75.7284583749299,4.78735392168172],[-75.7289115540522,4.78769485100439],[-75.7296211209319,4.78789818945231],[-75.7308494676891,4.78862190027235],[-75.731296670904,4.78868169220153],[-75.7311297391677,4.78910639626539],[-75.7300504810659,4.78882531795684]]]},"properties":{"FID":210,"ID_BAR":422,"CODSUELO":"6600101","CODCOM":"15","COMUNA":"El Oso","CODBAR":"011524","NOMBRE":"Guadacanal","NOM_POPULA":"Guadacanal","ACT_GEOGRA":1168041600000,"NORMA":"Sin","CREACION":null,"ORIGEN_NOR":"Sin","OBSERVACIO":"Ajustado SPM","COD_SISBEN":"15407","Shape_Area":23383.127646340919,"Shape__Area":23690.57470703125,"Shape__Length":840.376369244122,"GlobalID":"ade33452-47c8-4e5c-9969-053048c313b8","CreationDate":1545839815055,"Creator":"sigper_arcgis","EditDate":1545839815055,"Editor":"sigper_arcgis"}},{"type":"Feature","id":211,"geometry":{"type":"Polygon","coordinates":[[[-75.7214111280368,4.81284403717308],[-75.7214110018645,4.81285599407154],[-75.7209398254789,4.81343837480166],[-75.7214111280368,4.81284403717308]]]},"properties":{"FID":211,"ID_BAR":69,"CODSUELO":"6600101","CODCOM":"08","COMUNA":"El Jardin","CODBAR":"010818","NOMBRE":"Maraya","NOM_POPULA":"Maraya","ACT_GEOGRA":1180656000000,"NORMA":"Sin","CREACION":null,"ORIGEN_NOR":"Sin","OBSERVACIO":"Ajustado SPM, Visita de campo","COD_SISBEN":"08074","Shape_Area":34.12286324196,"Shape__Area":34.57421875,"Shape__Length":169.52792151810212,"GlobalID":"e74d6afd-a1c0-4882-b357-f657d8f1ff79","CreationDate":1545839815055,"Creator":"sigper_arcgis","EditDate":1545839815055,"Editor":"sigper_arcgis"}},{"type":"Feature","id":212,"geometry":{"type":"Polygon","coordinates":[[[-75.7236841365141,4.79662814517001],[-75.7234103882148,4.79693241280372],[-75.7230896659992,4.79723637914994],[-75.7223144502346,4.79652074252878],[-75.7223991922181,4.79643102864104],[-75.7219269260801,4.79599558639472],[-75.7220223242353,4.7958759504988],[-75.7221834235973,4.79595641284836],[-75.7222895274416,4.79585578329724],[-75.7227372587902,4.79620610056149],[-75.7229636082892,4.79619130082606],[-75.7231210826659,4.79601367156031],[-75.7234654997002,4.79635411382093],[-75.7233966219863,4.79642811883202],[-75.7236841365141,4.79662814517001]]]},"properties":{"FID":212,"ID_BAR":352,"CODSUELO":"6600101","CODCOM":"15","COMUNA":"El Oso","CODBAR":"011523","NOMBRE":"Mirador de Panorama III","NOM_POPULA":"Mirador de Panorama III","ACT_GEOGRA":1180656000000,"NORMA":"Sin","CREACION":null,"ORIGEN_NOR":"Sin","OBSERVACIO":"Ajustado SPM","COD_SISBEN":" ","Shape_Area":13124.04249807523,"Shape__Area":13296.8427734375,"Shape__Length":570.79228622639732,"GlobalID":"518fd762-7fe7-4a56-a509-c8d541df6653","CreationDate":1545839815055,"Creator":"sigper_arcgis","EditDate":1545839815055,"Editor":"sigper_arcgis"}},{"type":"Feature","id":213,"geometry":{"type":"Polygon","coordinates":[[[-75.7193499307138,4.81293761888451],[-75.7184636846287,4.81265908897084],[-75.71825491823,4.81361491624358],[-75.7184454022156,4.8126308109441],[-75.7193499307138,4.81293761888451]]]},"properties":{"FID":213,"ID_BAR":69,"CODSUELO":"6600101","CODCOM":"08","COMUNA":"El Jardin","CODBAR":"010818","NOMBRE":"Maraya","NOM_POPULA":"Maraya","ACT_GEOGRA":1180656000000,"NORMA":"Sin","CREACION":null,"ORIGEN_NOR":"Sin","OBSERVACIO":"Ajustado SPM, Visita de campo","COD_SISBEN":"08074","Shape_Area":266.01711926235,"Shape__Area":269.53125,"Shape__Length":431.05468535561744,"GlobalID":"54afc76e-09fd-4d82-80cb-07e5ffc16bcf","CreationDate":1545839815055,"Creator":"sigper_arcgis","EditDate":1545839815055,"Editor":"sigper_arcgis"}},{"type":"Feature","id":214,"geometry":{"type":"Polygon","coordinates":[[[-75.6962315274058,4.79679743848048],[-75.6962843507035,4.79671720102498],[-75.6965758988605,4.79626776234306],[-75.6964845280892,4.79611927077088],[-75.6960375092621,4.79588089848531],[-75.6962367998116,4.79541697219983],[-75.6975795683952,4.79563648444363],[-75.6976327741161,4.79567133440738],[-75.6976574572072,4.79569897755471],[-75.6976748498656,4.79576153829976],[-75.6977052992641,4.79598556809688],[-75.6977067047921,4.79605441582514],[-75.6976820183438,4.79611552554707],[-75.6975848184979,4.79638172791495],[-75.6974973045946,4.79661604966542],[-75.6974772313056,4.79665336968972],[-75.6974384256165,4.79668047953538],[-75.6973902178865,4.79670170764102],[-75.6973641596974,4.79670900034727],[-75.6972174946106,4.79677167791812],[-75.6969051315395,4.79729607534954],[-75.6967893551785,4.79720018149684],[-75.6966898820823,4.79710261105231],[-75.6966082960577,4.79704306746807],[-75.6964316726539,4.79692991525523],[-75.6962315274058,4.79679743848048]]]},"properties":{"FID":214,"ID_BAR":353,"CODSUELO":"6600101","CODCOM":"07","COMUNA":"Boston","CODBAR":"010733","NOMBRE":"Tulcan II","NOM_POPULA":"Tulcan II","ACT_GEOGRA":1180656000000,"NORMA":"Sin","CREACION":null,"ORIGEN_NOR":"Sin","OBSERVACIO":"Ajustado SPM","COD_SISBEN":" ","Shape_Area":22826.677057769859,"Shape__Area":23126.7119140625,"Shape__Length":671.05394949394645,"GlobalID":"3cffe6f5-e715-4916-96e5-c1ad553ae224","CreationDate":1545839815055,"Creator":"sigper_arcgis","EditDate":1545839815055,"Editor":"sigper_arcgis"}},{"type":"Feature","id":215,"geometry":{"type":"Polygon","coordinates":[[[-75.7193570468599,4.813543764251],[-75.7194273855124,4.81350497180138],[-75.7194102288586,4.81348683924094],[-75.71825491823,4.81361491624358],[-75.7184636846287,4.81265908897084],[-75.7193499307138,4.81293761888451],[-75.7199231844315,4.81296915816687],[-75.7201984908957,4.81211454421725],[-75.7214153271801,4.81244609912599],[-75.7214111280368,4.81284403717308],[-75.7209398254789,4.81343837480166],[-75.7207729937501,4.81400701586929],[-75.7207774954493,4.8140154211344],[-75.720811024463,4.81407802421041],[-75.7203416749213,4.81406454540558],[-75.7198091541804,4.81410514304373],[-75.7194158650425,4.81353996697496],[-75.7193570468599,4.813543764251]]]},"properties":{"FID":215,"ID_BAR":69,"CODSUELO":"6600101","CODCOM":"08","COMUNA":"El Jardin","CODBAR":"010818","NOMBRE":"Conjunto Residencial Tisu","NOM_POPULA":"Conjunto Residencial Tisu","ACT_GEOGRA":1180656000000,"NORMA":"Sin","CREACION":null,"ORIGEN_NOR":"Sin","OBSERVACIO":"Ajustado SPM, Visita de campo","COD_SISBEN":"08074","Shape_Area":41345.356480880582,"Shape__Area":41891.66259765625,"Shape__Length":1057.844008398713,"GlobalID":"cb2b79c5-15c4-4407-9c3c-388ff634cefd","CreationDate":1545839815055,"Creator":"sigper_arcgis","EditDate":1545839815055,"Editor":"sigper_arcgis"}},{"type":"Feature","id":216,"geometry":{"type":"Polygon","coordinates":[[[-75.731098677031,4.79720501408829],[-75.7304445560886,4.79673898035313],[-75.7304918115581,4.79670821264611],[-75.7305253697049,4.79666866663682],[-75.7307247446981,4.79638502653581],[-75.7308867588956,4.79620734330859],[-75.7309641560995,4.79611164857429],[-75.7310954991922,4.79584533602274],[-75.7311998701268,4.79568619788458],[-75.7313065302437,4.79577085257253],[-75.7322964454292,4.79661116356043],[-75.7319779819878,4.79699332536941],[-75.7315339775349,4.79664024188498],[-75.731098677031,4.79720501408829]]]},"properties":{"FID":216,"ID_BAR":354,"CODSUELO":"6600101","CODCOM":"14","COMUNA":"Perla Del Otun","CODBAR":"011418","NOMBRE":"Villa Kennedy","NOM_POPULA":"Villa Kennedy","ACT_GEOGRA":1168041600000,"NORMA":"35","CREACION":619833600000,"ORIGEN_NOR":"Concejo Municipal","OBSERVACIO":"Ajustado a delimitacion de la Norma de creacion","COD_SISBEN":"14134","Shape_Area":15956.585532048361,"Shape__Area":16166.794921875,"Shape__Length":593.42127040730065,"GlobalID":"db330042-6ffc-4db4-b01e-dd404260a34b","CreationDate":1545839815055,"Creator":"sigper_arcgis","EditDate":1545839815055,"Editor":"sigper_arcgis"}},{"type":"Feature","id":217,"geometry":{"type":"Polygon","coordinates":[[[-75.7304445560886,4.79673898035313],[-75.730398955638,4.79676861853594],[-75.730306556673,4.79694162119358],[-75.7301136960225,4.7971839485448],[-75.7296728264912,4.79682247428712],[-75.7296946233274,4.79679566227683],[-75.7294845770636,4.79662059460619],[-75.7293528102124,4.79677084831287],[-75.7292100208656,4.79667388288449],[-75.7291312133599,4.79655259624831],[-75.7287851035589,4.79638035435792],[-75.7286000240236,4.79627492923856],[-75.7284233590073,4.79610251018087],[-75.7285249488975,4.7959922974322],[-75.7283400096809,4.79579939056552],[-75.7286477702375,4.79549904227011],[-75.7292781210256,4.79617783714504],[-75.7296398629549,4.79571418286072],[-75.7296621877351,4.79574717619932],[-75.7303955000675,4.79599682925553],[-75.7303708869174,4.79609082804278],[-75.7308867588956,4.79620734330859],[-75.7307247446981,4.79638502653581],[-75.7305253697049,4.79666866663682],[-75.7304918115581,4.79670821264611],[-75.7304445560886,4.79673898035313]]]},"properties":{"FID":217,"ID_BAR":355,"CODSUELO":"6600101","CODCOM":"14","COMUNA":"Perla Del Otun","CODBAR":"011411","NOMBRE":"La Albania","NOM_POPULA":"La Albania","ACT_GEOGRA":1180656000000,"NORMA":"Sin","CREACION":null,"ORIGEN_NOR":"Sin","OBSERVACIO":"Ajustado SPM, Visita de campo","COD_SISBEN":"14124","Shape_Area":22460.508916169671,"Shape__Area":22756.35498046875,"Shape__Length":813.80257860535266,"GlobalID":"50a87328-8c8f-482a-a09a-0acc68074eb8","CreationDate":1545839815055,"Creator":"sigper_arcgis","EditDate":1545839815055,"Editor":"sigper_arcgis"}},{"type":"Feature","id":218,"geometry":{"type":"Polygon","coordinates":[[[-75.7504742630194,4.81097994719441],[-75.750484475377,4.81096818461923],[-75.7504775293058,4.81098123090964],[-75.7504742630194,4.81097994719441]]]},"properties":{"FID":218,"ID_BAR":107,"CODSUELO":"6600101","CODCOM":"12","COMUNA":"Ferrocarril","CODBAR":"011209","NOMBRE":"Portal de La Villa","NOM_POPULA":"Portal de La Villa","ACT_GEOGRA":1180656000000,"NORMA":"Sin","CREACION":null,"ORIGEN_NOR":"Sin","OBSERVACIO":"Ajustado SPM","COD_SISBEN":" ","Shape_Area":0.31622332962,"Shape__Area":0.3203125,"Shape__Length":3.7782650989565689,"GlobalID":"5219ef4c-8699-4250-b59f-1b7d66836b13","CreationDate":1545839815055,"Creator":"sigper_arcgis","EditDate":1545839815055,"Editor":"sigper_arcgis"}},{"type":"Feature","id":219,"geometry":{"type":"Polygon","coordinates":[[[-75.7506290610038,4.81015500439576],[-75.7505402164266,4.8108692907262],[-75.7504941348037,4.81095584243978],[-75.7504839224465,4.81096760501512],[-75.7504469260728,4.81095306470608],[-75.7503399788531,4.81084606993091],[-75.7501646835707,4.81082500526672],[-75.7500746433614,4.81087066491719],[-75.749823043683,4.81095471074574],[-75.7496857842405,4.81108416188883],[-75.7496736014832,4.81110830739234],[-75.7496843775877,4.81113755500703],[-75.7496396223795,4.81117528384051],[-75.7495862772507,4.81127500660623],[-75.7495113490305,4.81148838693624],[-75.7495356501425,4.81160677638045],[-75.7495431550365,4.81172887588972],[-75.7494945295594,4.81186254551393],[-75.7494533660866,4.81191820078686],[-75.7492481468543,4.81213428766347],[-75.7491090909911,4.81223858763238],[-75.7490292603163,4.81222908833544],[-75.7489106923231,4.81213625905143],[-75.7487845896326,4.81206967630593],[-75.7486006309293,4.8120354708612],[-75.7484698096987,4.81195807890963],[-75.7483293030009,4.81184908907281],[-75.7481801698151,4.81177026726354],[-75.748026460475,4.81175679579754],[-75.7478648589934,4.81156366415646],[-75.7480401521642,4.81153516955921],[-75.7482891804066,4.81141654175214],[-75.7490781247423,4.81075123107169],[-75.7491379190132,4.81081145715543],[-75.7495679367358,4.81041496046434],[-75.7497774240495,4.81042927707702],[-75.7497895727216,4.81042224725185],[-75.7499323322977,4.81050905270768],[-75.7499836752675,4.81055979489022],[-75.7500569572902,4.81061171896146],[-75.7501532610377,4.81045298476569],[-75.7502899299836,4.81055384915314],[-75.7502985213847,4.81054222696803],[-75.7504638890237,4.81064547523376],[-75.7504419865973,4.81067052125269],[-75.7504722589884,4.81069510094953],[-75.7505131967793,4.81072834042283],[-75.7506290610038,4.81015500439576]]]},"properties":{"FID":219,"ID_BAR":107,"CODSUELO":"6600101","CODCOM":"12","COMUNA":"Ferrocarril","CODBAR":"011209","NOMBRE":"Portal de La Villa","NOM_POPULA":"Portal de La Villa","ACT_GEOGRA":1180656000000,"NORMA":"Sin","CREACION":null,"ORIGEN_NOR":"Sin","OBSERVACIO":"Ajustado SPM","COD_SISBEN":" ","Shape_Area":23950.604357776079,"Shape__Area":24267.51953125,"Shape__Length":957.5340019255309,"GlobalID":"a7aed5fa-4f38-4807-a2cc-6d70dc5c6b2d","CreationDate":1545839815055,"Creator":"sigper_arcgis","EditDate":1545839815055,"Editor":"sigper_arcgis"}},{"type":"Feature","id":220,"geometry":{"type":"Polygon","coordinates":[[[-75.7454638201404,4.7970886784469],[-75.7453320146745,4.79699657300289],[-75.7452260570411,4.79692574989926],[-75.7450200604023,4.79690804058054],[-75.7446345432137,4.79676050000716],[-75.7447460832429,4.79616005001556],[-75.7456626836808,4.79635962635327],[-75.7454638201404,4.7970886784469]]]},"properties":{"FID":220,"ID_BAR":356,"CODSUELO":"6600101","CODCOM":"13","COMUNA":"San Joaquin","CODBAR":"011309","NOMBRE":"Codelmar III","NOM_POPULA":"Codelmar III","ACT_GEOGRA":1168041600000,"NORMA":"Sin","CREACION":null,"ORIGEN_NOR":"Sin","OBSERVACIO":"Ajustado SPM","COD_SISBEN":"13277","Shape_Area":7416.65149889043,"Shape__Area":7514.44482421875,"Shape__Length":358.1688381472627,"GlobalID":"e1be31c7-6c41-42e8-a0b8-4a2b5f583457","CreationDate":1545839815055,"Creator":"sigper_arcgis","EditDate":1545839815055,"Editor":"sigper_arcgis"}},{"type":"Feature","id":221,"geometry":{"type":"Polygon","coordinates":[[[-75.7322964454292,4.79661116356043],[-75.7313065302437,4.79577085257253],[-75.7311998701268,4.79568619788458],[-75.7309308057365,4.79551798369917],[-75.7301771402781,4.79525570305849],[-75.7300523458471,4.79520444725326],[-75.7300402672138,4.79519194290992],[-75.7299628336764,4.79511172138487],[-75.7302200634527,4.79486308758762],[-75.7304310582171,4.79465656119024],[-75.7307294200831,4.79501437982312],[-75.7307962550871,4.79511003887835],[-75.7308539340764,4.79516925990233],[-75.7309290434924,4.79523386821237],[-75.7310477120801,4.79532171982909],[-75.7311226101733,4.79536126540996],[-75.7312477927914,4.79542698584215],[-75.7315293563151,4.79545008611739],[-75.7319062059042,4.79548975282255],[-75.7322373861424,4.79565701229471],[-75.7323934512823,4.79577391790085],[-75.7325153244578,4.79589054098957],[-75.7327268863498,4.79618590582983],[-75.7328037218607,4.79625697781481],[-75.7330244741997,4.79643730748103],[-75.7331964557977,4.79654686539418],[-75.7328204553057,4.79702299082845],[-75.7325767438337,4.7968182342853],[-75.7322964454292,4.79661116356043]]]},"properties":{"FID":221,"ID_BAR":357,"CODSUELO":"6600101","CODCOM":"14","COMUNA":"Perla Del Otun","CODBAR":"011408","NOMBRE":"Heroes I","NOM_POPULA":"Heroes I","ACT_GEOGRA":1180656000000,"NORMA":"Sin","CREACION":null,"ORIGEN_NOR":"Sin","OBSERVACIO":"Ajustado SPM, Visita de campo","COD_SISBEN":"14130","Shape_Area":21720.95595655451,"Shape__Area":22007.06591796875,"Shape__Length":917.50287227430067,"GlobalID":"47342972-9f01-4f18-97ba-7247db57caa2","CreationDate":1545839815055,"Creator":"sigper_arcgis","EditDate":1545839815055,"Editor":"sigper_arcgis"}},{"type":"Feature","id":222,"geometry":{"type":"Polygon","coordinates":[[[-75.760772710642,4.80989660968218],[-75.7610391207971,4.80930469371386],[-75.7622614807204,4.80792216338869],[-75.7624223689189,4.80798860125691],[-75.7628755585256,4.80813211427989],[-75.7628636496926,4.80829960064568],[-75.7638415983505,4.80873017715623],[-75.7636889584738,4.80906908878099],[-75.7623150892424,4.80850303074314],[-75.7621004842309,4.80907728707963],[-75.7616474241063,4.81024972835781],[-75.760772710642,4.80989660968218]]]},"properties":{"FID":222,"ID_BAR":129,"CODSUELO":"6600101","CODCOM":"11","COMUNA":"Olimpica","CODBAR":"011105","NOMBRE":"Belmonte B","NOM_POPULA":"Belmonte B","ACT_GEOGRA":1168041600000,"NORMA":"Sin","CREACION":null,"ORIGEN_NOR":"Sin","OBSERVACIO":"Ajustado SPM","COD_SISBEN":"11102","Shape_Area":27695.242969531781,"Shape__Area":28061.81201171875,"Shape__Length":1009.2675029644832,"GlobalID":"5e968bd1-4037-4aa9-a340-9326019a02df","CreationDate":1545839815055,"Creator":"sigper_arcgis","EditDate":1545839815055,"Editor":"sigper_arcgis"}},{"type":"Feature","id":223,"geometry":{"type":"Polygon","coordinates":[[[-75.6871526482146,4.78502773585234],[-75.6857795265244,4.78508761183822],[-75.6845257810419,4.78700410759098],[-75.6821974204084,4.78808210943268],[-75.6790332619849,4.78790237478908],[-75.6781450365863,4.78721729060735],[-75.677966188165,4.78587142178342],[-75.6789500315062,4.78554245489928],[-75.6793972131287,4.78632007526924],[-75.6812754399157,4.78670891798348],[-75.6823487175698,4.78667902891515],[-75.683720132539,4.7863201535355],[-75.6851213757885,4.78467522724401],[-75.6855685812898,4.78401725452138],[-75.6873573638537,4.784615436215],[-75.6871526482146,4.78502773585234]]]},"properties":{"FID":223,"ID_BAR":0,"CODSUELO":" ","CODCOM":" ","COMUNA":" ","CODBAR":" ","NOMBRE":"Vrd Mundo Nuevo-La Bella","NOM_POPULA":"Vrd Mundo Nuevo-La Bella","ACT_GEOGRA":-2209161600000,"NORMA":" ","CREACION":-2209161600000,"ORIGEN_NOR":" ","OBSERVACIO":" ","COD_SISBEN":" ","Shape_Area":150728.27207475319,"Shape__Area":152703.2197265625,"Shape__Length":2621.6494909041171,"GlobalID":"4dce3dab-a75a-4f9d-955c-5c670e9b8a59","CreationDate":1545839815055,"Creator":"sigper_arcgis","EditDate":1545839815055,"Editor":"sigper_arcgis"}},{"type":"Feature","id":224,"geometry":{"type":"Polygon","coordinates":[[[-75.692659137448,4.78502520780401],[-75.6920926872325,4.78493548218174],[-75.6917945562942,4.78466630834966],[-75.6906318498622,4.78320080644946],[-75.690751103524,4.78293163404585],[-75.6899163467677,4.78125677554803],[-75.6904529811086,4.78125677849799],[-75.6909299854802,4.78215402404049],[-75.6920628818392,4.7820942118826],[-75.6927485821609,4.78206430532083],[-75.693225589953,4.78308118167743],[-75.6931361500226,4.7836195275156],[-75.692659137448,4.78502520780401]]]},"properties":{"FID":224,"ID_BAR":0,"CODSUELO":" ","CODCOM":" ","COMUNA":" ","CODBAR":" ","NOMBRE":"Altavista","NOM_POPULA":"Altavista","ACT_GEOGRA":-2209161600000,"NORMA":" ","CREACION":-2209161600000,"ORIGEN_NOR":" ","OBSERVACIO":" ","COD_SISBEN":" ","Shape_Area":73925.433464907881,"Shape__Area":74893.9619140625,"Shape__Length":1287.0673032218972,"GlobalID":"4e894071-a149-4ac4-b7b1-a0759368e31c","CreationDate":1545839815055,"Creator":"sigper_arcgis","EditDate":1545839815055,"Editor":"sigper_arcgis"}},{"type":"Feature","id":225,"geometry":{"type":"Polygon","coordinates":[[[-75.6954615608998,4.77787716922188],[-75.6961472508875,4.77596304811837],[-75.696206876468,4.7759630479249],[-75.6974888167948,4.77407883127283],[-75.6995459019412,4.77509569350241],[-75.6963559493804,4.77853514513642],[-75.6954615608998,4.77787716922188]]]},"properties":{"FID":225,"ID_BAR":0,"CODSUELO":" ","CODCOM":" ","COMUNA":" ","CODBAR":" ","NOMBRE":"Jamaica","NOM_POPULA":"Jamaica","ACT_GEOGRA":-2209161600000,"NORMA":" ","CREACION":-2209161600000,"ORIGEN_NOR":" ","OBSERVACIO":" ","COD_SISBEN":" ","Shape_Area":99508.056323186931,"Shape__Area":100810.08740234375,"Shape__Length":1390.5256492923043,"GlobalID":"e02fe015-b80a-4552-b43b-5106f7e44d59","CreationDate":1545839815055,"Creator":"sigper_arcgis","EditDate":1545839815055,"Editor":"sigper_arcgis"}},{"type":"Feature","id":226,"geometry":{"type":"Polygon","coordinates":[[[-75.6809290757993,4.80233660484666],[-75.6798033049001,4.80218345300696],[-75.6793453882592,4.80099669031329],[-75.6800322940798,4.80128382234614],[-75.6802231063927,4.80111155560585],[-75.6810435821669,4.80122641868957],[-75.6809290757993,4.80233660484666]]]},"properties":{"FID":226,"ID_BAR":0,"CODSUELO":" ","CODCOM":" ","COMUNA":" ","CODBAR":" ","NOMBRE":"Tacaragua","NOM_POPULA":"Tacaragua","ACT_GEOGRA":-2209161600000,"NORMA":" ","CREACION":-2209161600000,"ORIGEN_NOR":" ","OBSERVACIO":" ","COD_SISBEN":" ","Shape_Area":18478.760272435709,"Shape__Area":18721.67529296875,"Shape__Length":597.009294316643,"GlobalID":"6a8c933f-ee96-4b79-af72-d9d82a13a29e","CreationDate":1545839815055,"Creator":"sigper_arcgis","EditDate":1545839815055,"Editor":"sigper_arcgis"}},{"type":"Feature","id":227,"geometry":{"type":"Polygon","coordinates":[[[-75.6855493213249,4.79328232759079],[-75.6859769449917,4.79331319186307],[-75.686271828441,4.79374229583517],[-75.6861382543449,4.79456536517856],[-75.685890205011,4.79458450347981],[-75.6856230761208,4.79450793554636],[-75.6855493213249,4.79328232759079]]]},"properties":{"FID":227,"ID_BAR":0,"CODSUELO":" ","CODCOM":" ","COMUNA":" ","CODBAR":" ","NOMBRE":"Rincon del Bosque","NOM_POPULA":"Rincon del Bosque","ACT_GEOGRA":-2209161600000,"NORMA":" ","CREACION":-2209161600000,"ORIGEN_NOR":" ","OBSERVACIO":" ","COD_SISBEN":" ","Shape_Area":9093.99392220894,"Shape__Area":9213.37890625,"Shape__Length":394.76198633695856,"GlobalID":"d358179b-ccca-456c-8910-c8280e77202d","CreationDate":1545839815055,"Creator":"sigper_arcgis","EditDate":1545839815055,"Editor":"sigper_arcgis"}},{"type":"Feature","id":228,"geometry":{"type":"Polygon","coordinates":[[[-75.6841631940198,4.79963040581405],[-75.6832726256465,4.79948133246569],[-75.6833524071143,4.79877638750474],[-75.6840965559769,4.79898695163142],[-75.6841631940198,4.79963040581405]]]},"properties":{"FID":228,"ID_BAR":0,"CODSUELO":" ","CODCOM":" ","COMUNA":" ","CODBAR":" ","NOMBRE":"Pinares Alto","NOM_POPULA":"Pinares Alto","ACT_GEOGRA":-2209161600000,"NORMA":" ","CREACION":-2209161600000,"ORIGEN_NOR":" ","OBSERVACIO":" ","COD_SISBEN":" ","Shape_Area":6778.42950491793,"Shape__Area":6867.50830078125,"Shape__Length":338.15196901266421,"GlobalID":"c097d604-d3f8-4e6e-ba4c-0e8e096cc629","CreationDate":1545839815055,"Creator":"sigper_arcgis","EditDate":1545839815055,"Editor":"sigper_arcgis"}},{"type":"Feature","id":229,"geometry":{"type":"Polygon","coordinates":[[[-75.7347092482637,4.79693262943345],[-75.7344555714417,4.796707579382],[-75.7343581706802,4.79658044703768],[-75.7345227902379,4.79643473174653],[-75.7346500480976,4.7962864377857],[-75.7347336777316,4.7961731680651],[-75.7350707401088,4.79642372178716],[-75.7347092482637,4.79693262943345]]]},"properties":{"FID":229,"ID_BAR":358,"CODSUELO":"6600101","CODCOM":"15","COMUNA":"El Oso","CODBAR":"011547","NOMBRE":"Vista Hermosa","NOM_POPULA":"Vista Hermosa","ACT_GEOGRA":1180656000000,"NORMA":"Sin","CREACION":null,"ORIGEN_NOR":"Sin","OBSERVACIO":"Ajustado SPM, Visita de campo","COD_SISBEN":"15167","Shape_Area":3273.00101167235,"Shape__Area":3316.12744140625,"Shape__Length":234.15648323226668,"GlobalID":"a05796ff-0e1a-40b0-80ce-bceb435b9714","CreationDate":1545839815055,"Creator":"sigper_arcgis","EditDate":1545839815055,"Editor":"sigper_arcgis"}},{"type":"Feature","id":230,"geometry":{"type":"Polygon","coordinates":[[[-75.6921860780675,4.79270143914701],[-75.6917209884302,4.79233536264747],[-75.6918855598256,4.7920410674607],[-75.6919785790536,4.7916391028675],[-75.6920859085904,4.79125149418449],[-75.692135995776,4.79102897804854],[-75.6916422867677,4.79055523223664],[-75.6915134937027,4.79029682579253],[-75.6915564255378,4.79014608911167],[-75.6918998773385,4.78967952383732],[-75.6920429819173,4.78955749919445],[-75.692429363219,4.78959338988599],[-75.6930160901517,4.78987333077598],[-75.6931949695168,4.79077057404618],[-75.6929803120357,4.79132327548149],[-75.6932307445512,4.79180419804812],[-75.6921860780675,4.79270143914701]]]},"properties":{"FID":230,"ID_BAR":0,"CODSUELO":" ","CODCOM":" ","COMUNA":" ","CODBAR":" ","NOMBRE":"Bosques de Canaan","NOM_POPULA":" ","ACT_GEOGRA":-2209161600000,"NORMA":" ","CREACION":-2209161600000,"ORIGEN_NOR":" ","OBSERVACIO":" ","COD_SISBEN":" ","Shape_Area":41710.750033878212,"Shape__Area":42258.19287109375,"Shape__Length":929.78298967082219,"GlobalID":"a8c86634-7ac9-4ff9-9e07-a861f330af1b","CreationDate":1545839815055,"Creator":"sigper_arcgis","EditDate":1545839815055,"Editor":"sigper_arcgis"}},{"type":"Feature","id":231,"geometry":{"type":"Polygon","coordinates":[[[-75.6973641596974,4.79670900034727],[-75.6973902178865,4.79670170764102],[-75.6974384256165,4.79668047953538],[-75.6974772313056,4.79665336968972],[-75.6974973045946,4.79661604966542],[-75.6975848184979,4.79638172791495],[-75.6976820183438,4.79611552554707],[-75.6977067047921,4.79605441582514],[-75.6977052992641,4.79598556809688],[-75.6976748498656,4.79576153829976],[-75.6976574572072,4.79569897755471],[-75.6976327741161,4.79567133440738],[-75.6975795683952,4.79563648444363],[-75.6976506985576,4.7956481095225],[-75.697760531665,4.7955670441229],[-75.6981413544269,4.79570788161878],[-75.6982439602577,4.79581080471034],[-75.6983249757367,4.79605726748665],[-75.6984329955309,4.79638768026505],[-75.6985196750217,4.79675408794555],[-75.698457554863,4.79684887919031],[-75.6982522609359,4.79689761844939],[-75.697996438391,4.79689320977081],[-75.6973641596974,4.79670900034727]]]},"properties":{"FID":231,"ID_BAR":359,"CODSUELO":"6600101","CODCOM":"07","COMUNA":"Boston","CODBAR":"010734","NOMBRE":"Tulcan III","NOM_POPULA":"Tulcan III","ACT_GEOGRA":1180656000000,"NORMA":"Sin","CREACION":null,"ORIGEN_NOR":"Sin","OBSERVACIO":"Ajustado SPM","COD_SISBEN":" ","Shape_Area":11449.86376809037,"Shape__Area":11600.37451171875,"Shape__Length":469.70424797137036,"GlobalID":"b331f47e-7d99-411a-a22d-c4a3c5b3b438","CreationDate":1545839815055,"Creator":"sigper_arcgis","EditDate":1545839815055,"Editor":"sigper_arcgis"}},{"type":"Feature","id":232,"geometry":{"type":"Polygon","coordinates":[[[-75.7450721429288,4.79434688392301],[-75.7450362678698,4.79327663895717],[-75.7466947517399,4.79317673974725],[-75.7466948269665,4.79415772496671],[-75.7459077380055,4.79401422644729],[-75.7450721429288,4.79434688392301]]]},"properties":{"FID":232,"ID_BAR":0,"CODSUELO":" ","CODCOM":" ","COMUNA":" ","CODBAR":" ","NOMBRE":"Batara","NOM_POPULA":"Batara","ACT_GEOGRA":-2209161600000,"NORMA":" ","CREACION":-2209161600000,"ORIGEN_NOR":" ","OBSERVACIO":" ","COD_SISBEN":" ","Shape_Area":18341.169688182781,"Shape__Area":18582.865234375,"Shape__Length":603.40779128944916,"GlobalID":"eb83de8d-cbb8-4e81-8dcf-12b399cf6af3","CreationDate":1545839815055,"Creator":"sigper_arcgis","EditDate":1545839815055,"Editor":"sigper_arcgis"}},{"type":"Feature","id":233,"geometry":{"type":"Polygon","coordinates":[[[-75.7370027538951,4.81797339536216],[-75.7366902883305,4.8178654451381],[-75.7353415832913,4.81762619277039],[-75.7350030680374,4.81750966209466],[-75.7343975207853,4.81701501920375],[-75.7344890759047,4.81687642246392],[-75.7349097823917,4.81718762657085],[-75.7350747616182,4.81729075464362],[-75.7351685378936,4.81733792914192],[-75.7352654470368,4.81737904628999],[-75.7354549351258,4.81743913069367],[-75.7355764595473,4.81747067358109],[-75.7362150338538,4.81755622077056],[-75.737312520943,4.81772758228356],[-75.7373023772019,4.81764494025652],[-75.7381538195449,4.8176005940303],[-75.7388577481501,4.81745527471617],[-75.7388521832327,4.81741555200082],[-75.7390502260631,4.81734221480611],[-75.7390685381896,4.81737587828596],[-75.73943198034,4.81724801442802],[-75.7396018860991,4.81711222430729],[-75.7396643187184,4.81700455325743],[-75.7399085500758,4.8162743725937],[-75.739852347478,4.8162291232074],[-75.739977178158,4.81608617991629],[-75.7400336272124,4.81613167658478],[-75.7400845817561,4.81611475511948],[-75.7401184237159,4.81615454790875],[-75.7401680046399,4.81616122243989],[-75.7403149148193,4.81600799990692],[-75.7406785663071,4.81581681598292],[-75.7410102099117,4.81568955205086],[-75.7410773978366,4.81564841546498],[-75.7413081164007,4.81547055163528],[-75.7413673097226,4.81541865815248],[-75.7414028043756,4.81537176458777],[-75.7414347425682,4.81532312190851],[-75.7414657294672,4.81526780267228],[-75.7415441828748,4.81509774818108],[-75.7415787608551,4.81500563887392],[-75.7416932323696,4.81459193272942],[-75.741768203197,4.81460576108118],[-75.7418332799143,4.81465120402251],[-75.7418913837054,4.81469392831917],[-75.7419766392028,4.81479241147916],[-75.7420851712291,4.81488469416167],[-75.7420511553087,4.814944657993],[-75.7418537830523,4.81503087240621],[-75.7417486706159,4.81509179144664],[-75.7415379246429,4.81557205175647],[-75.7413107286458,4.81578610583981],[-75.7413092158479,4.81587501730704],[-75.7412299853759,4.81590889505223],[-75.7411961442103,4.81586912038624],[-75.7406419127099,4.8160269978332],[-75.7403572800826,4.81615049812103],[-75.7402997765194,4.81618343935073],[-75.7402997771694,4.81622185471304],[-75.7402526110143,4.81634855079565],[-75.7403532724706,4.81632796998147],[-75.7402163717518,4.81694007085664],[-75.7400070372064,4.81734011955486],[-75.739588332705,4.81762017192222],[-75.7392094990145,4.81779021189624],[-75.7389203883252,4.81791024142188],[-75.7381527382087,4.81806030468498],[-75.7376841652537,4.81804033325589],[-75.7370027538951,4.81797339536216]]]},"properties":{"FID":233,"ID_BAR":50,"CODSUELO":"6600101","CODCOM":"12","COMUNA":"Ferrocarril","CODBAR":"011206","NOMBRE":"La Libertad","NOM_POPULA":"La Libertad","ACT_GEOGRA":1180656000000,"NORMA":"26","CREACION":483840000000,"ORIGEN_NOR":"Concejo Municipal","OBSERVACIO":"Asignado por la Comunidad. Visita de campo SPM","COD_SISBEN":"12107","Shape_Area":35108.280022650863,"Shape__Area":35573.12158203125,"Shape__Length":2196.9119136539121,"GlobalID":"c71db7b6-b072-4efc-bd70-9782562780a2","CreationDate":1545839815055,"Creator":"sigper_arcgis","EditDate":1545839815055,"Editor":"sigper_arcgis"}},{"type":"Feature","id":234,"geometry":{"type":"Polygon","coordinates":[[[-75.6957702481869,4.79651768244633],[-75.6958438510936,4.79635051252292],[-75.6959876420552,4.7959987393391],[-75.6960375092621,4.79588089848531],[-75.6964845280892,4.79611927077088],[-75.6965758988605,4.79626776234306],[-75.6962843507035,4.79671720102498],[-75.6962315274058,4.79679743848048],[-75.6961167713933,4.79671588659049],[-75.6957702481869,4.79651768244633]]]},"properties":{"FID":234,"ID_BAR":360,"CODSUELO":"6600101","CODCOM":"07","COMUNA":"Boston","CODBAR":"010739","NOMBRE":"Villa Del Sol","NOM_POPULA":"Villa Del Sol","ACT_GEOGRA":1180656000000,"NORMA":"Sin","CREACION":null,"ORIGEN_NOR":"Sin","OBSERVACIO":"Ajustado SPM","COD_SISBEN":" ","Shape_Area":5061.51884190175,"Shape__Area":5128.0458984375,"Shape__Length":283.68007347063843,"GlobalID":"57f0b82e-37bb-45b8-8fa9-5a94dc5abb6a","CreationDate":1545839815055,"Creator":"sigper_arcgis","EditDate":1545839815055,"Editor":"sigper_arcgis"}},{"type":"Feature","id":235,"geometry":{"type":"Polygon","coordinates":[[[-75.6948828333229,4.79599561501307],[-75.6949929532695,4.7957985093821],[-75.6950951850958,4.79560719623687],[-75.6953845518985,4.79515304093814],[-75.6956111988833,4.7947904802251],[-75.6957770616726,4.79457528957328],[-75.6958260110242,4.79449840823127],[-75.6959028041796,4.79464585688066],[-75.6959747076198,4.7946797891652],[-75.6960314311914,4.79477080560612],[-75.6960342096439,4.79485597317769],[-75.6960380794969,4.79494200631944],[-75.6959995477497,4.79512567465799],[-75.6959028428054,4.79535397284704],[-75.6962367998116,4.79541697219983],[-75.6960375092621,4.79588089848531],[-75.6959876420552,4.7959987393391],[-75.6958438510936,4.79635051252292],[-75.6957702481869,4.79651768244633],[-75.6956819015068,4.79646714657891],[-75.6953161130746,4.79634460710222],[-75.6952014265523,4.79629806167181],[-75.6950842404347,4.79622941993031],[-75.6948828333229,4.79599561501307]]]},"properties":{"FID":235,"ID_BAR":361,"CODSUELO":"6600101","CODCOM":"07","COMUNA":"Boston","CODBAR":"010728","NOMBRE":"San Remo","NOM_POPULA":"San Remo","ACT_GEOGRA":1180656000000,"NORMA":"Sin","CREACION":null,"ORIGEN_NOR":"Sin","OBSERVACIO":"Ajustado SPM","COD_SISBEN":" ","Shape_Area":17071.61519418942,"Shape__Area":17295.95703125,"Shape__Length":593.8355318946609,"GlobalID":"3d90aad8-70c2-4ee2-99dd-afa95bba39e7","CreationDate":1545839815055,"Creator":"sigper_arcgis","EditDate":1545839815055,"Editor":"sigper_arcgis"}},{"type":"Feature","id":236,"geometry":{"type":"Polygon","coordinates":[[[-75.7392469688891,4.79620137804681],[-75.7392443610076,4.79607537574382],[-75.7392209440103,4.79604300063338],[-75.7391887940816,4.79601075034839],[-75.7391544605784,4.79598588196317],[-75.7390457890731,4.79576118431723],[-75.7389503250975,4.79565480623013],[-75.7389088782219,4.7956226263191],[-75.7388574662824,4.79557308517881],[-75.738828837486,4.79553940342685],[-75.7387357690162,4.79547974194793],[-75.7386374865063,4.79534542192946],[-75.7385387826284,4.79522618533728],[-75.7384712779824,4.79515209360442],[-75.7384309939362,4.79508510057394],[-75.7384062021653,4.79501365738602],[-75.7383766928723,4.79494484571281],[-75.7383479582444,4.79488825574881],[-75.7382957709846,4.79480791081555],[-75.738147979855,4.7946630653827],[-75.7380606854805,4.79457431346412],[-75.7380383588384,4.79450133368707],[-75.7380119492092,4.79446841116494],[-75.7378633134495,4.79437369059853],[-75.737824367053,4.79433621233913],[-75.7377804559086,4.79429966999094],[-75.7377298545924,4.794263868509],[-75.7376849578466,4.79423688195346],[-75.7375678026031,4.79412110693604],[-75.7374856145093,4.79407725341061],[-75.7371988390461,4.79396674452147],[-75.7371649991873,4.79394346638981],[-75.7371381665408,4.79392092977142],[-75.7371086226661,4.79389074490716],[-75.7370904166187,4.79386852626242],[-75.7370061868763,4.79380782242976],[-75.7370017845957,4.79379113116727],[-75.7369928057271,4.79376903639827],[-75.7369769592349,4.79374347916608],[-75.7369620989105,4.79372657663026],[-75.7368918130393,4.79367535661722],[-75.7368077247339,4.79363688931609],[-75.7367365231147,4.79358759495254],[-75.7366082047134,4.79344098214364],[-75.7367125403908,4.79338695138496],[-75.7368851162802,4.79321857512714],[-75.7369366321729,4.79318180137091],[-75.7370172678943,4.79308204369271],[-75.737049875101,4.79307098589897],[-75.736872963698,4.79295683756922],[-75.7370742013602,4.79266261617836],[-75.7370601162797,4.79265763520715],[-75.7369621156883,4.79246916247584],[-75.7368910180883,4.7922800707939],[-75.736753751515,4.79180345668686],[-75.7367154391206,4.79170896329003],[-75.7366686045035,4.79161980521543],[-75.7365720137315,4.79151263197537],[-75.7364658459206,4.79141425453076],[-75.7363371072958,4.79131603621337],[-75.7365602104432,4.79099721129098],[-75.7365811272317,4.79103006247087],[-75.7366073599737,4.79098811399074],[-75.7366826107198,4.79104698119281],[-75.7368172663905,4.7911892668149],[-75.7369711845954,4.79140820660526],[-75.7370429487866,4.79142307717831],[-75.737137639747,4.79164828710901],[-75.7371971836701,4.79162709153302],[-75.7372440194311,4.79176196070071],[-75.7374212456047,4.79176347619521],[-75.7377223275453,4.79256398015014],[-75.737827684614,4.79257584724154],[-75.7379105092539,4.79283279718346],[-75.7379615340893,4.79293567895641],[-75.7381279539436,4.79314654642208],[-75.7383322612691,4.79327878058218],[-75.7383515226065,4.79329038397792],[-75.7383863487238,4.79330239396291],[-75.7384113497917,4.79330521932462],[-75.7385760761189,4.79330521662828],[-75.7389319711886,4.79325232923001],[-75.7390571538099,4.79327216180775],[-75.7391296579547,4.79330520711435],[-75.7391658224501,4.79334450515526],[-75.7391996275246,4.7933875468124],[-75.739228502573,4.79343081929439],[-75.7393207618234,4.79351676192772],[-75.7393998506762,4.79353659550274],[-75.7394393948117,4.79352998921082],[-75.7395189744637,4.79347867862998],[-75.739633873158,4.79341300836538],[-75.7397388420236,4.79336095549869],[-75.7398347966867,4.79333827509948],[-75.7398769814859,4.7933441029835],[-75.7399243077762,4.7933609867516],[-75.7399647326262,4.7933862259061],[-75.7400245256982,4.79345710382858],[-75.740072311003,4.79354334718278],[-75.7400941800752,4.79360520067011],[-75.7401087591227,4.79367780997469],[-75.7401122823306,4.7937517437887],[-75.7401057342367,4.79381983211835],[-75.7400852413654,4.79390019652628],[-75.7402082830175,4.79429114833595],[-75.7400785282962,4.79455486674899],[-75.7399056054348,4.79495352577634],[-75.7399574461366,4.79532697571748],[-75.7398459974917,4.7953821547481],[-75.7397571224664,4.79548722971506],[-75.7397355385984,4.79560484289015],[-75.7397033212515,4.79573780518181],[-75.7399772496914,4.79605711641485],[-75.7394835708438,4.79648465909342],[-75.7394359968558,4.79644076954192],[-75.7393533497209,4.7963241997861],[-75.739333419526,4.79631725913227],[-75.7393151785023,4.79630784556425],[-75.7392878532677,4.79628642182463],[-75.7392676403729,4.796261288193],[-75.7392570050996,4.79624145394947],[-75.7392495750772,4.79622410944249],[-75.7392469688891,4.79620137804681]]]},"properties":{"FID":236,"ID_BAR":362,"CODSUELO":"6600101","CODCOM":"13","COMUNA":"San Joaquin","CODBAR":"011337","NOMBRE":"San Joaquin","NOM_POPULA":"San Joaquin","ACT_GEOGRA":1168041600000,"NORMA":"Sin","CREACION":null,"ORIGEN_NOR":"Sin","OBSERVACIO":"Ajustado SPM","COD_SISBEN":"13211","Shape_Area":88289.858509640821,"Shape__Area":89452.8251953125,"Shape__Length":1799.6540651588116,"GlobalID":"d40e6b87-ae49-4188-8a31-b4ce7c3fe6fe","CreationDate":1545839815055,"Creator":"sigper_arcgis","EditDate":1545839815055,"Editor":"sigper_arcgis"}},{"type":"Feature","id":237,"geometry":{"type":"Polygon","coordinates":[[[-75.736157627117,4.79647701182339],[-75.7361000882107,4.79643248686163],[-75.7360943128615,4.79642208334835],[-75.7360642759444,4.79637946482265],[-75.7360476901647,4.79637068636845],[-75.7360391331034,4.79635689259062],[-75.7360255764844,4.79633831193962],[-75.7360085675832,4.79631914862121],[-75.7359968418858,4.79629889001492],[-75.7359824387355,4.79624860593497],[-75.7359457461715,4.79618811282244],[-75.7359208502325,4.79615863496023],[-75.7359072927829,4.79613632777215],[-75.7358884885321,4.79610893398104],[-75.7358639795807,4.79607788381414],[-75.7358506337128,4.79604921788413],[-75.7357725654844,4.79594186743231],[-75.7357518244466,4.79590760350091],[-75.7357131595665,4.79586445451601],[-75.7356882633297,4.79582775321236],[-75.7356412189046,4.79579022096067],[-75.7356227320007,4.79577985394967],[-75.7356013220276,4.79577157047779],[-75.7355844198897,4.79576743735971],[-75.7355520234066,4.79574618978163],[-75.7355095210946,4.7957183371757],[-75.7354958230303,4.79570159329293],[-75.7354861739405,4.79567799645575],[-75.7354597631936,4.79558431651862],[-75.7354558194354,4.79555158813494],[-75.7354489870773,4.79551575134276],[-75.7354388449955,4.79547832503927],[-75.7354245136423,4.79544206487858],[-75.7354142307315,4.79539783886519],[-75.7354065183747,4.79538160668837],[-75.7353967640024,4.79535608490178],[-75.735389721565,4.79533091650655],[-75.7353852131482,4.79527213653254],[-75.7353949655453,4.79511679664126],[-75.7353965499487,4.79509136312882],[-75.7353969364559,4.79507387756436],[-75.7353953522004,4.79505261187044],[-75.7353899639361,4.79502535925177],[-75.7353839068226,4.79500649589769],[-75.7353745752339,4.79498553049993],[-75.7353643638749,4.79496928166156],[-75.7353030919127,4.79489820886478],[-75.7352136503765,4.79481917109995],[-75.7351541399659,4.79478473064045],[-75.7351089967199,4.79475389306015],[-75.7350757904918,4.79473568333373],[-75.7359599458062,4.79422302445479],[-75.7360013225841,4.79435243509519],[-75.7362172464385,4.79420594112383],[-75.7364135961767,4.7943782164105],[-75.7364831066455,4.79435800968602],[-75.7372973816165,4.79506450699832],[-75.7372917131709,4.79511482763503],[-75.7371054398115,4.79535413670336],[-75.736157627117,4.79647701182339]]]},"properties":{"FID":237,"ID_BAR":363,"CODSUELO":"6600101","CODCOM":"13","COMUNA":"San Joaquin","CODBAR":"011317","NOMBRE":"Guayacanes","NOM_POPULA":"Guayacanes","ACT_GEOGRA":1168041600000,"NORMA":"Sin","CREACION":null,"ORIGEN_NOR":"Sin","OBSERVACIO":"Ajustado SPM","COD_SISBEN":"13113","Shape_Area":32846.030206962438,"Shape__Area":33278.74169921875,"Shape__Length":761.47207608731992,"GlobalID":"40447c58-b7d4-4202-a366-4df9017d5434","CreationDate":1545839815055,"Creator":"sigper_arcgis","EditDate":1545839815055,"Editor":"sigper_arcgis"}},{"type":"Feature","id":238,"geometry":{"type":"Polygon","coordinates":[[[-75.7345227902379,4.79643473174653],[-75.7343234473965,4.79631752711001],[-75.7344511981927,4.79614526483477],[-75.7344281688718,4.79613277788268],[-75.7346250776233,4.79591598920318],[-75.7347156449013,4.79580536934961],[-75.734707791895,4.79577257000182],[-75.7349354759139,4.79553719996793],[-75.735150207792,4.79571941934941],[-75.7350506611432,4.79582903259375],[-75.7348325897806,4.79603923444728],[-75.7347336777316,4.7961731680651],[-75.7346500480976,4.7962864377857],[-75.7345227902379,4.79643473174653]]]},"properties":{"FID":238,"ID_BAR":364,"CODSUELO":"6600101","CODCOM":"15","COMUNA":"El Oso","CODBAR":"011511","NOMBRE":"La Bretana","NOM_POPULA":"La Bretana","ACT_GEOGRA":1168041600000,"NORMA":"SinS","CREACION":null,"ORIGEN_NOR":"Sin","OBSERVACIO":"Ajustado SPM, Visita de campo","COD_SISBEN":" ","Shape_Area":3092.28936775243,"Shape__Area":3133.0322265625,"Shape__Length":279.28101533218404,"GlobalID":"c42eb8bf-98ff-404c-9020-a8b75090ce66","CreationDate":1545839815055,"Creator":"sigper_arcgis","EditDate":1545839815055,"Editor":"sigper_arcgis"}},{"type":"Feature","id":239,"geometry":{"type":"Polygon","coordinates":[[[-75.7447460832429,4.79616005001556],[-75.7448889610988,4.79554681163061],[-75.7448564552151,4.79537631873736],[-75.7449667040893,4.79527283233667],[-75.7450764945504,4.79514313531566],[-75.7451414961224,4.79507794171585],[-75.7452190348514,4.79506040132637],[-75.7453615782577,4.79510301659823],[-75.7455840905459,4.79515064530361],[-75.7458941761456,4.79515816049061],[-75.7459840752157,4.7951711933194],[-75.7457179973131,4.79615679095003],[-75.7456626836808,4.79635962635327],[-75.7447460832429,4.79616005001556]]]},"properties":{"FID":239,"ID_BAR":365,"CODSUELO":"6600101","CODCOM":"13","COMUNA":"San Joaquin","CODBAR":"011310","NOMBRE":"Codelmar IV","NOM_POPULA":"Codelmar IV","ACT_GEOGRA":1168041600000,"NORMA":"Sin","CREACION":null,"ORIGEN_NOR":"Sin","OBSERVACIO":"Ajustado SPM","COD_SISBEN":"13277","Shape_Area":13751.36074109595,"Shape__Area":13932.642578125,"Shape__Length":473.1295173717632,"GlobalID":"06d40a3d-5909-4e8b-a154-b733b21fb0ef","CreationDate":1545839815055,"Creator":"sigper_arcgis","EditDate":1545839815055,"Editor":"sigper_arcgis"}},{"type":"Feature","id":240,"geometry":{"type":"Polygon","coordinates":[[[-75.7289315471837,4.79399568142968],[-75.729196524617,4.79372528815943],[-75.7298132460395,4.79441100576785],[-75.7302200625515,4.79486308758585],[-75.7299628345776,4.79511172138665],[-75.7300402672138,4.79519194290992],[-75.7300523449459,4.79520444725148],[-75.7301771402781,4.79525570305849],[-75.7309308057347,4.79551798460325],[-75.7311998683226,4.79568619878508],[-75.7310954991922,4.79584533602274],[-75.7309641551965,4.79611164947657],[-75.7308867588956,4.79620734330859],[-75.7303708869174,4.79609082804278],[-75.7303955000657,4.79599683015957],[-75.7296621877333,4.79574717710338],[-75.7296398620537,4.79571418285894],[-75.729807967561,4.79546934768468],[-75.730034800933,4.79519725069932],[-75.7294468913041,4.7945913747863],[-75.7291649395582,4.79428910366961],[-75.7289315471837,4.79399568142968]]]},"properties":{"FID":240,"ID_BAR":366,"CODSUELO":"6600101","CODCOM":"14","COMUNA":"Perla Del Otun","CODBAR":"011404","NOMBRE":"Departamento","NOM_POPULA":"El Departamento","ACT_GEOGRA":1168041600000,"NORMA":"50","CREACION":772675200000,"ORIGEN_NOR":"Concejo Municipal","OBSERVACIO":"Asignado por la Comunidad. Visita de campo SPM","COD_SISBEN":"14127","Shape_Area":17803.015577908271,"Shape__Area":18037.4609375,"Shape__Length":889.72720493963379,"GlobalID":"47676258-ae33-47f6-8d2f-a4411e3e9aaf","CreationDate":1545839815055,"Creator":"sigper_arcgis","EditDate":1545839815055,"Editor":"sigper_arcgis"}},{"type":"Feature","id":241,"geometry":{"type":"Polygon","coordinates":[[[-75.7371054398115,4.79535413670336],[-75.7372917131709,4.79511482763503],[-75.7372973816165,4.79506450699832],[-75.7364831066455,4.79435800968602],[-75.7364135961767,4.7943782164105],[-75.7362172464385,4.79420594112383],[-75.7360013225841,4.79435243509519],[-75.7359599458062,4.79422302445479],[-75.736567328829,4.7938777537784],[-75.7368918130393,4.79367535661722],[-75.7369620989105,4.79372657663026],[-75.7369769592349,4.79374347916608],[-75.7369928057271,4.79376903639827],[-75.7370017845957,4.79379113116727],[-75.7370061868763,4.79380782242976],[-75.7370904166187,4.79386852626242],[-75.7371086226661,4.79389074490716],[-75.7371381665408,4.79392092977142],[-75.7371649991873,4.79394346638981],[-75.7371988390461,4.79396674452147],[-75.7374856145093,4.79407725341061],[-75.7375678026031,4.79412110693604],[-75.7376849578466,4.79423688195346],[-75.7377298545924,4.794263868509],[-75.7377804559086,4.79429966999094],[-75.737824367053,4.79433621233913],[-75.7378633134495,4.79437369059853],[-75.7380119492092,4.79446841116494],[-75.7380383588384,4.79450133368707],[-75.7380606854805,4.79457431346412],[-75.738147979855,4.7946630653827],[-75.7382957709846,4.79480791081555],[-75.7383479582444,4.79488825574881],[-75.7383766928723,4.79494484571281],[-75.7384062021653,4.79501365738602],[-75.7384309939362,4.79508510057394],[-75.7384712779824,4.79515209360442],[-75.7385387826284,4.79522618533728],[-75.7386374865063,4.79534542192946],[-75.7387357690162,4.79547974194793],[-75.738828837486,4.79553940342685],[-75.7388574662824,4.79557308517881],[-75.7389088782219,4.7956226263191],[-75.7389503250975,4.79565480623013],[-75.7390457890731,4.79576118431723],[-75.7387637025958,4.79607026242224],[-75.7385945415084,4.79616795543521],[-75.7383854115116,4.79620061596624],[-75.7381848376753,4.79616107412176],[-75.7371054398115,4.79535413670336]]]},"properties":{"FID":241,"ID_BAR":367,"CODSUELO":"6600101","CODCOM":"13","COMUNA":"San Joaquin","CODBAR":"011306","NOMBRE":"Ciudadela Comfamiliar II","NOM_POPULA":"Ciudadela Comfamiliar II","ACT_GEOGRA":1168041600000,"NORMA":"Sin","CREACION":null,"ORIGEN_NOR":"Sin","OBSERVACIO":"Ajustado SPM","COD_SISBEN":"13266","Shape_Area":35966.634508348267,"Shape__Area":36440.4755859375,"Shape__Length":969.92811912461616,"GlobalID":"516443c7-f7e0-4e89-b7ec-b88d097eac52","CreationDate":1545839815055,"Creator":"sigper_arcgis","EditDate":1545839815055,"Editor":"sigper_arcgis"}},{"type":"Feature","id":242,"geometry":{"type":"Polygon","coordinates":[[[-75.7156251567205,4.79502057560795],[-75.7164239878274,4.79484463965179],[-75.7176099192381,4.7959950683611],[-75.7164727642906,4.79688715027998],[-75.7159759081629,4.7963496632732],[-75.7154985823061,4.79726832034364],[-75.715186855172,4.79775696937874],[-75.7148848576456,4.79785470655674],[-75.7144074452253,4.79594902782449],[-75.7156251567205,4.79502057560795]]]},"properties":{"FID":242,"ID_BAR":368,"CODSUELO":"6600101","CODCOM":"10","COMUNA":"Consota","CODBAR":"011013","NOMBRE":"El Paraiso","NOM_POPULA":"El Paraiso","ACT_GEOGRA":1168041600000,"NORMA":"Sin","CREACION":null,"ORIGEN_NOR":"Sin","OBSERVACIO":"Ajustado SPM","COD_SISBEN":"10189","Shape_Area":59044.527307925819,"Shape__Area":59821.53955078125,"Shape__Length":1123.7502538444833,"GlobalID":"0f326d4a-d0ea-4373-a1ca-dca513933554","CreationDate":1545839815055,"Creator":"sigper_arcgis","EditDate":1545839815055,"Editor":"sigper_arcgis"}},{"type":"Feature","id":243,"geometry":{"type":"Polygon","coordinates":[[[-75.7098097835029,4.81161605899865],[-75.7101766044127,4.81166854274925],[-75.7103770770872,4.81167948115874],[-75.7104729677244,4.81153525261424],[-75.710684323692,4.81141508391206],[-75.710895714735,4.81132112541889],[-75.7110475568602,4.81130268922364],[-75.7110185050334,4.81133352683525],[-75.7110057920146,4.81136312885622],[-75.7109862812523,4.81146314998406],[-75.7109467346255,4.81153019453202],[-75.7108848625601,4.81159748717242],[-75.7108277087459,4.81167723081488],[-75.7107238952305,4.81178548040054],[-75.710633993518,4.81184100837484],[-75.7105959960957,4.81188994967995],[-75.7105574707032,4.81197856054518],[-75.7104811946459,4.8120701196442],[-75.710384070688,4.81224568096932],[-75.7097511041435,4.8121316726134],[-75.7098097835029,4.81161605899865]]]},"properties":{"FID":243,"ID_BAR":108,"CODSUELO":"6600101","CODCOM":"08","COMUNA":"El Jardin","CODBAR":"010820","NOMBRE":"Niza I","NOM_POPULA":"Niza I","ACT_GEOGRA":1180656000000,"NORMA":"Sin","CREACION":null,"ORIGEN_NOR":"Sin","OBSERVACIO":"Ajustado SPM","COD_SISBEN":" ","Shape_Area":6968.25464877831,"Shape__Area":7060.24365234375,"Shape__Length":413.81321151170027,"GlobalID":"dec9efdd-02f8-45b7-babc-70f927473ab9","CreationDate":1545839815055,"Creator":"sigper_arcgis","EditDate":1545839815055,"Editor":"sigper_arcgis"}},{"type":"Feature","id":244,"geometry":{"type":"Polygon","coordinates":[[[-75.6876337246083,4.81223408685862],[-75.6877383908609,4.81142032054169],[-75.6879381866535,4.80968585978039],[-75.6880683040743,4.80839097516752],[-75.6888734644213,4.8084058565612],[-75.6893483215175,4.80839560336488],[-75.689865705759,4.80858251590079],[-75.6906215207148,4.80880402403863],[-75.6915877359463,4.80907300057843],[-75.6922259042355,4.8092549546252],[-75.6924887035526,4.80927308897735],[-75.6927046711629,4.80923127581957],[-75.69284354667,4.80938316083103],[-75.6928144225645,4.80942901076048],[-75.6924225334382,4.81004540523916],[-75.6921846526031,4.81028386905765],[-75.6919586466102,4.81036732977436],[-75.6917326444656,4.81036731739708],[-75.6915423160157,4.81033152410973],[-75.6910253563799,4.81005847329809],[-75.6905788935884,4.80983065942586],[-75.6904514930669,4.80977171403892],[-75.6902696539615,4.80968756062614],[-75.6900436534106,4.80965178293135],[-75.6897344044572,4.80969945403735],[-75.6893418649541,4.80991406471601],[-75.6890445037477,4.81021215222607],[-75.6876829199336,4.81220203235615],[-75.6876337246083,4.81223408685862]]]},"properties":{"FID":244,"ID_BAR":109,"CODSUELO":"6600101","CODCOM":"06","COMUNA":"Universidad","CODBAR":"010622","NOMBRE":"San Jose","NOM_POPULA":"San Jose","ACT_GEOGRA":1168041600000,"NORMA":"Sin","CREACION":null,"ORIGEN_NOR":"Sin","OBSERVACIO":"Ajustado SPM","COD_SISBEN":"06230","Shape_Area":89799.126485047134,"Shape__Area":90982.41796875,"Shape__Length":1776.1990337228242,"GlobalID":"55535454-e959-4a2d-a723-2ae2c98553da","CreationDate":1545839815055,"Creator":"sigper_arcgis","EditDate":1545839815055,"Editor":"sigper_arcgis"}},{"type":"Feature","id":245,"geometry":{"type":"Polygon","coordinates":[[[-75.6876337246083,4.81223408685862],[-75.6842939228255,4.81185828081926],[-75.684589735742,4.80930650444844],[-75.684712511682,4.80838904506157],[-75.6855110748803,4.80859167986456],[-75.6856254128844,4.80861358877594],[-75.6863171300663,4.80895127973733],[-75.6862610030032,4.80949255460198],[-75.6879381866535,4.80968585978039],[-75.6877383908609,4.81142032054169],[-75.6876337246083,4.81223408685862]]]},"properties":{"FID":245,"ID_BAR":110,"CODSUELO":"6600101","CODCOM":"04","COMUNA":"Villavicencio","CODBAR":"010402","NOMBRE":"Corocito","NOM_POPULA":"Corocito","ACT_GEOGRA":1168041600000,"NORMA":"Sin","CREACION":null,"ORIGEN_NOR":"Sin","OBSERVACIO":"Ajustado SPM","COD_SISBEN":"04180","Shape_Area":122220.81677951344,"Shape__Area":123831.2412109375,"Shape__Length":1490.3725250892005,"GlobalID":"250f4a2c-8a6e-458a-9e98-1633a70c2c2d","CreationDate":1545839815055,"Creator":"sigper_arcgis","EditDate":1545839815055,"Editor":"sigper_arcgis"}},{"type":"Feature","id":246,"geometry":{"type":"Polygon","coordinates":[[[-75.7343564398614,4.81201811327945],[-75.7343120696298,4.81193225766157],[-75.7342801298802,4.81189059256115],[-75.7341390268696,4.81177658443057],[-75.7340403923768,4.81170989264559],[-75.7339394696142,4.81168689763425],[-75.7338523148394,4.81168919460977],[-75.7338278769894,4.81169942100497],[-75.7338529834294,4.81161941072843],[-75.7342879363774,4.81088799303707],[-75.734517846232,4.81077470506624],[-75.7347352518522,4.81042532441926],[-75.7349029762901,4.81050056456789],[-75.7349856945025,4.81060346313512],[-75.735027142186,4.81068836549581],[-75.7350381641043,4.81072427295307],[-75.7350512291348,4.81076062200316],[-75.7350578144428,4.81079969034542],[-75.7350573576182,4.81081850110941],[-75.7350508785247,4.81085493819582],[-75.735039223031,4.81088895575832],[-75.7350049963418,4.81095840410145],[-75.7348841808016,4.81121277787301],[-75.7348307276288,4.81132392778983],[-75.7347803377817,4.81145250947832],[-75.7348089316839,4.81147972651935],[-75.7347379429389,4.81164303316649],[-75.7347537531922,4.81165174060489],[-75.7347209347334,4.81171168641385],[-75.7346170214474,4.81188695026866],[-75.7345137728779,4.8118035677365],[-75.7344906377202,4.81178415715247],[-75.7344717628437,4.81180510493392],[-75.7344450715911,4.81183756856637],[-75.7344247176838,4.81183467248837],[-75.734409400497,4.81189211058598],[-75.7343955975257,4.81199727151841],[-75.7343926406469,4.81207676953381],[-75.7343564398614,4.81201811327945]]]},"properties":{"FID":246,"ID_BAR":111,"CODSUELO":"6600101","CODCOM":"11","COMUNA":"Olimpica","CODBAR":"011137","NOMBRE":"Villa Alicia","NOM_POPULA":"Villa Alicia","ACT_GEOGRA":1168041600000,"NORMA":"Sin","CREACION":null,"ORIGEN_NOR":"Sin","OBSERVACIO":"Ajustado SPM, Visita de campo","COD_SISBEN":" ","Shape_Area":11622.62799310694,"Shape__Area":11776.275390625,"Shape__Length":511.35860262814379,"GlobalID":"ea5b97bb-6a24-4bfc-a8be-2437f0a00d6f","CreationDate":1545839815055,"Creator":"sigper_arcgis","EditDate":1545839815055,"Editor":"sigper_arcgis"}},{"type":"Feature","id":247,"geometry":{"type":"Polygon","coordinates":[[[-75.7307859315609,4.81206657455189],[-75.7307902195803,4.81081218134229],[-75.7308483580811,4.81083938099114],[-75.7308483553809,4.81043629239722],[-75.7309930835331,4.81035788850125],[-75.7310530879548,4.81041652680697],[-75.7311549971949,4.8104716154588],[-75.731217466768,4.81052827512758],[-75.7313613519424,4.81072345999819],[-75.7315013269135,4.81073965535747],[-75.7315110870925,4.81166360467356],[-75.7311179971468,4.81190771764618],[-75.7308904809645,4.81207291450419],[-75.7307859315609,4.81206657455189]]]},"properties":{"FID":247,"ID_BAR":112,"CODSUELO":"6600101","CODCOM":"12","COMUNA":"Ferrocarril","CODBAR":"011205","NOMBRE":"La Hacienda","NOM_POPULA":"La Hacienda","ACT_GEOGRA":1180656000000,"NORMA":"Sin","CREACION":null,"ORIGEN_NOR":"Sin","OBSERVACIO":"Ajustado SPM","COD_SISBEN":" ","Shape_Area":11728.59971374415,"Shape__Area":11883.61328125,"Shape__Length":482.83927218451828,"GlobalID":"89c70f2d-41b1-42e5-9569-ffe9a42ba39d","CreationDate":1545839815055,"Creator":"sigper_arcgis","EditDate":1545839815055,"Editor":"sigper_arcgis"}},{"type":"Feature","id":248,"geometry":{"type":"Polygon","coordinates":[[[-75.7067289142585,4.81195788254028],[-75.7067007780682,4.81195440225122],[-75.7056064042389,4.81189154415355],[-75.705353392689,4.81188298819396],[-75.7051763377101,4.81186210578557],[-75.7051257715394,4.8118508171572],[-75.7054812189956,4.81074497585565],[-75.7062102131117,4.810818013367],[-75.7061105091181,4.81127998565864],[-75.7068874643769,4.81136273830911],[-75.7067289142585,4.81195788254028]]]},"properties":{"FID":248,"ID_BAR":113,"CODSUELO":"6600101","CODCOM":"08","COMUNA":"El Jardin","CODBAR":"010805","NOMBRE":"Brasilia","NOM_POPULA":"Brasilia","ACT_GEOGRA":1180656000000,"NORMA":"Sin","CREACION":null,"ORIGEN_NOR":"Sin","OBSERVACIO":"Ajustado SPM","COD_SISBEN":" ","Shape_Area":16846.65866264404,"Shape__Area":17068.9736328125,"Shape__Length":598.81961916229682,"GlobalID":"8590f93d-3498-40ab-b58c-83658ac8b3d7","CreationDate":1545839815055,"Creator":"sigper_arcgis","EditDate":1545839815055,"Editor":"sigper_arcgis"}},{"type":"Feature","id":249,"geometry":{"type":"Polygon","coordinates":[[[-75.6842939228255,4.81185828081926],[-75.6809382444233,4.81146802642771],[-75.6806090734917,4.81135153921481],[-75.6804176250917,4.81121589766131],[-75.6799960080558,4.81072646459844],[-75.6796073895695,4.81020324565213],[-75.6795243596819,4.81013887853287],[-75.6794640417872,4.81009003788394],[-75.678527220685,4.80950393817992],[-75.6783717219519,4.80943066379631],[-75.6811621778858,4.80975112613278],[-75.6812485433651,4.80889972184415],[-75.6820930310599,4.80901472396792],[-75.684589735742,4.80930650444844],[-75.6842939228255,4.81185828081926]]]},"properties":{"FID":249,"ID_BAR":114,"CODSUELO":"6600101","CODCOM":"04","COMUNA":"Villavicencio","CODBAR":"010401","NOMBRE":"Berlin","NOM_POPULA":"Berlin","ACT_GEOGRA":1168041600000,"NORMA":"Sin","CREACION":null,"ORIGEN_NOR":"Sin","OBSERVACIO":"Ajustado SPM","COD_SISBEN":"04202","Shape_Area":134739.18824518836,"Shape__Area":136514.08154296875,"Shape__Length":1818.5119800208381,"GlobalID":"0ac85f5c-a5cd-4014-8154-5698b95720ba","CreationDate":1545839815055,"Creator":"sigper_arcgis","EditDate":1545839815055,"Editor":"sigper_arcgis"}},{"type":"Feature","id":250,"geometry":{"type":"Polygon","coordinates":[[[-75.7333723511122,4.811797663555],[-75.733297205085,4.81176968735438],[-75.7332628000756,4.8117121963329],[-75.7331435289803,4.81148684482157],[-75.7330442597737,4.8113661766732],[-75.7329708389284,4.81132249855628],[-75.7328768178749,4.81130409519429],[-75.7327116648178,4.81133859152601],[-75.7325735926019,4.81138228947559],[-75.7324978825127,4.81139838041495],[-75.732351075795,4.81139838148323],[-75.7322914239097,4.81135929509799],[-75.7322662096869,4.81130639674835],[-75.7322593075368,4.81121902215883],[-75.7322914219696,4.81116612316807],[-75.7324818214527,4.81098905709126],[-75.7326724332771,4.81086171004182],[-75.7331446820483,4.81051930467299],[-75.7331900019699,4.8105210883493],[-75.7333105032515,4.81051117907454],[-75.7333944529949,4.81049929097121],[-75.7334734725766,4.81047156034647],[-75.7335559077005,4.81042871154967],[-75.7336280247924,4.81036927730974],[-75.7337277838487,4.81026727575435],[-75.7338375796835,4.81018095951017],[-75.7339354386836,4.81012641724794],[-75.7340714339253,4.81008607521544],[-75.7342361623723,4.81001885067752],[-75.7344166324709,4.80996863445985],[-75.7345661845554,4.80991276742303],[-75.7346196042104,4.80989178377244],[-75.7347352518522,4.81042532441926],[-75.734517846232,4.81077470506624],[-75.7342879363774,4.81088799303707],[-75.7338529834294,4.81161941072843],[-75.7338278769894,4.81169942100497],[-75.7336711053405,4.81176509157785],[-75.7335564144503,4.81179729104435],[-75.7334485891477,4.81181108565707],[-75.7333723511122,4.811797663555]]]},"properties":{"FID":250,"ID_BAR":115,"CODSUELO":"6600101","CODCOM":"11","COMUNA":"Olimpica","CODBAR":"011101","NOMBRE":"Alcazares","NOM_POPULA":"Alcazares","ACT_GEOGRA":1180656000000,"NORMA":"Sin","CREACION":null,"ORIGEN_NOR":"Sin","OBSERVACIO":"Ajustado SPM","COD_SISBEN":" ","Shape_Area":27372.658044584048,"Shape__Area":27734.46533203125,"Shape__Length":768.45145720157154,"GlobalID":"469b696d-4159-4a8e-af6e-5428a9bff3c9","CreationDate":1545839815055,"Creator":"sigper_arcgis","EditDate":1545839815055,"Editor":"sigper_arcgis"}},{"type":"Feature","id":251,"geometry":{"type":"Polygon","coordinates":[[[-75.7098159127932,4.81153474208198],[-75.7098317995267,4.81132251303024],[-75.7098008166272,4.81110491288625],[-75.7097357138195,4.81078162044575],[-75.7096985327802,4.81060444962549],[-75.7096582155786,4.8105008413718],[-75.7099003523722,4.81021984001756],[-75.7101237903704,4.80995023087973],[-75.7101446012432,4.8099786679713],[-75.7101945332397,4.8100246261616],[-75.7103588039613,4.81006929780518],[-75.7104518382476,4.81010898794222],[-75.7106151217051,4.81022709897461],[-75.7108750657472,4.81038641892992],[-75.711029475881,4.81046978842317],[-75.7110541958993,4.81049163739472],[-75.7110611324982,4.8105174248859],[-75.7110552151301,4.81057300758838],[-75.711040634798,4.81064374467905],[-75.7110707747961,4.81078712788162],[-75.7110880265715,4.81091014589681],[-75.7110759453278,4.81105181527218],[-75.7110518564595,4.81115497964383],[-75.7110346347858,4.81124913718068],[-75.7110346338062,4.81127764369378],[-75.7110475568602,4.81130268922364],[-75.710895714735,4.81132112541889],[-75.710684323692,4.81141508391206],[-75.7104729677244,4.81153525261424],[-75.7103770770872,4.81167948115874],[-75.7101766044127,4.81166854274925],[-75.7098097835029,4.81161605899865],[-75.7098159127932,4.81153474208198]]]},"properties":{"FID":251,"ID_BAR":116,"CODSUELO":"6600101","CODCOM":"08","COMUNA":"El Jardin","CODBAR":"010821","NOMBRE":"Niza II","NOM_POPULA":"Niza II","ACT_GEOGRA":1180656000000,"NORMA":"Sin","CREACION":null,"ORIGEN_NOR":"Sin","OBSERVACIO":"Ajustado SPM","COD_SISBEN":" ","Shape_Area":21051.429959933059,"Shape__Area":21329.2724609375,"Shape__Length":573.81317176675293,"GlobalID":"7a74bf7b-d667-46d2-a74e-b9bca223da10","CreationDate":1545839815055,"Creator":"sigper_arcgis","EditDate":1545839815055,"Editor":"sigper_arcgis"}},{"type":"Feature","id":252,"geometry":{"type":"Polygon","coordinates":[[[-75.7089110983542,4.81132724075487],[-75.7088013129063,4.81089113801642],[-75.7087077945703,4.81053437483009],[-75.7086235368865,4.81021293701756],[-75.7086171649629,4.81012377770045],[-75.7086553032495,4.81007919883766],[-75.7087410134901,4.81006009044848],[-75.7093919338239,4.81031165385253],[-75.7095728955074,4.81039444141721],[-75.7096582155786,4.8105008413718],[-75.7096985327802,4.81060444962549],[-75.7097357138195,4.81078162044575],[-75.7098008166272,4.81110491288625],[-75.7098317995267,4.81132251303024],[-75.7098159127932,4.81153474208198],[-75.7094351495935,4.81135846302826],[-75.7089110983542,4.81132724075487]]]},"properties":{"FID":252,"ID_BAR":117,"CODSUELO":"6600101","CODCOM":"08","COMUNA":"El Jardin","CODBAR":"010812","NOMBRE":"La Elvira","NOM_POPULA":"La Elvira","ACT_GEOGRA":1180656000000,"NORMA":"Sin","CREACION":null,"ORIGEN_NOR":"Sin","OBSERVACIO":"Ajustado SPM","COD_SISBEN":" ","Shape_Area":13725.193529548131,"Shape__Area":13906.328125,"Shape__Length":492.91663513842309,"GlobalID":"ce55335e-2913-4901-8068-700ff77e3191","CreationDate":1545839815055,"Creator":"sigper_arcgis","EditDate":1545839815055,"Editor":"sigper_arcgis"}},{"type":"Feature","id":253,"geometry":{"type":"Polygon","coordinates":[[[-75.7605441946009,4.81038604520541],[-75.7603856819982,4.81078887631896],[-75.7602512515678,4.81110892318607],[-75.7599459088335,4.81101435720153],[-75.7595850670078,4.81089842180881],[-75.7595299575609,4.81089416727535],[-75.7594419588166,4.81091224012776],[-75.7593786820272,4.8109503407307],[-75.7591007859761,4.81119990497398],[-75.7590539198533,4.81125806874491],[-75.7590169832595,4.81133041486775],[-75.7589970205806,4.81140318441565],[-75.758987975994,4.81151781356177],[-75.7587765695805,4.81114061032137],[-75.7586692282096,4.81092942733606],[-75.7586618675464,4.81090242213428],[-75.7586822901274,4.81086884483223],[-75.7587661307755,4.81079775039352],[-75.7591430800795,4.81049208716196],[-75.7591789239858,4.81042505662731],[-75.7593756392672,4.8099149960606],[-75.7595722070508,4.81001009841575],[-75.7599477688546,4.81016651470508],[-75.760254380447,4.81027547581141],[-75.7605441946009,4.81038604520541]]]},"properties":{"FID":253,"ID_BAR":118,"CODSUELO":"6600101","CODCOM":"11","COMUNA":"Olimpica","CODBAR":"011104","NOMBRE":"Altos de Belmonte","NOM_POPULA":"Altos de Belmonte","ACT_GEOGRA":1180656000000,"NORMA":"Sin","CREACION":null,"ORIGEN_NOR":"Sin","OBSERVACIO":"Ajustado SPM","COD_SISBEN":" ","Shape_Area":16580.228416889338,"Shape__Area":16799.72509765625,"Shape__Length":628.12410177972481,"GlobalID":"8c7df3ed-9b46-49f9-8c59-ee6a1368fbe6","CreationDate":1545839815055,"Creator":"sigper_arcgis","EditDate":1545839815055,"Editor":"sigper_arcgis"}},{"type":"Feature","id":254,"geometry":{"type":"Polygon","coordinates":[[[-75.7039681342245,4.81129853305758],[-75.7036931560515,4.81111107455428],[-75.7034002181762,4.81093375207973],[-75.7032127431849,4.81083769837269],[-75.7030978064994,4.81079348628547],[-75.7030336482484,4.81076879200527],[-75.7028810333134,4.81072657319553],[-75.702691513242,4.81069314945218],[-75.702289515145,4.81063467303945],[-75.7018721287144,4.81055927591679],[-75.7013733976501,4.81049447233619],[-75.7010245024352,4.81043177578595],[-75.700512813791,4.81035008587009],[-75.7002151189603,4.81029161221608],[-75.7002120944918,4.81018265315133],[-75.7000897647477,4.80920975681934],[-75.7000567746511,4.80907767674827],[-75.7000652613238,4.8090669203909],[-75.7001442170636,4.80890550799314],[-75.7005193498537,4.80887184123941],[-75.700647175595,4.80885925221945],[-75.7008285272952,4.80882624859177],[-75.7009193081511,4.80884541522466],[-75.7010244203547,4.80884782175676],[-75.7012018984718,4.80883286852908],[-75.7012074291984,4.80877226970018],[-75.7012153877244,4.80875119889016],[-75.7012289457182,4.80873673350972],[-75.7013044444054,4.80871748429423],[-75.7013442728318,4.80869259950551],[-75.7013617040223,4.80868092550583],[-75.7013757545882,4.80866575415166],[-75.7013892774959,4.80863823697228],[-75.7013928703276,4.80861458713398],[-75.7014402718044,4.80851103482562],[-75.7015314419641,4.80845073915144],[-75.7016482473618,4.80840238435487],[-75.7016872646915,4.80839500295906],[-75.7017652610989,4.80845498668275],[-75.701876392999,4.80852359140621],[-75.7019597423594,4.8085581062653],[-75.7020730236127,4.80858497545503],[-75.7022277847841,4.80866622724856],[-75.7023258508714,4.80878253651868],[-75.7023838077692,4.80891590645253],[-75.7024643735839,4.8090109678268],[-75.7025061693878,4.80910152381637],[-75.7025881798372,4.80916560550059],[-75.7026499083717,4.80918620225037],[-75.7027075173272,4.80921675960982],[-75.7027571318296,4.80925441749048],[-75.7028193172684,4.80931097453628],[-75.7028844249716,4.80939063407799],[-75.7029149546478,4.80941341892269],[-75.7029464701475,4.80943131214777],[-75.7029766827869,4.80944411838027],[-75.703045101008,4.80950293635957],[-75.7031379925997,4.8095689077255],[-75.7031936295765,4.80960225639418],[-75.703217116096,4.80961301313214],[-75.7032446885718,4.80962203963083],[-75.7032591968179,4.809625360542],[-75.7032808878213,4.80962862904638],[-75.7033023683039,4.80962991906943],[-75.7033205033471,4.80963622522964],[-75.7033415250409,4.80964654124006],[-75.7033651885511,4.80966296761296],[-75.7033851189514,4.80968223781924],[-75.7034006823432,4.80970272691097],[-75.7034401916441,4.80971835895298],[-75.7034605809559,4.80971595735249],[-75.7035155156204,4.80968022902421],[-75.7035714707594,4.80965693430668],[-75.7035866129033,4.80965379074203],[-75.7036095366325,4.80965128305116],[-75.7036375317648,4.80965177889124],[-75.7036653504759,4.80965621330977],[-75.7036967258604,4.80966624643612],[-75.7037471855286,4.80970044256718],[-75.703769369585,4.80972660073017],[-75.703787292415,4.80975245919452],[-75.7038065179791,4.80978751897135],[-75.703816447905,4.80981071064592],[-75.7038313428956,4.80982206750257],[-75.7038519778493,4.80983155280515],[-75.7038731056426,4.80983570431591],[-75.7038977186862,4.80986670222348],[-75.7039229669636,4.80989146619499],[-75.7039534604255,4.80991481596569],[-75.7039804689957,4.80993092542137],[-75.7040003990008,4.80996119878077],[-75.7040003989252,4.80998461904108],[-75.7040189205887,4.81000802241358],[-75.7040529714283,4.81001863861185],[-75.7040002443574,4.81039537371664],[-75.7040397800477,4.81066539578274],[-75.7039305352563,4.81101325095578],[-75.7039681342245,4.81129853305758]]]},"properties":{"FID":254,"ID_BAR":119,"CODSUELO":"6600101","CODCOM":"16","COMUNA":"San Nicolas","CODBAR":"011604","NOMBRE":"Nuevo Mejico","NOM_POPULA":"Los Molinos","ACT_GEOGRA":1180656000000,"NORMA":"Sin","CREACION":null,"ORIGEN_NOR":"Sin","OBSERVACIO":"Ajustado SPM, Visita de campo","COD_SISBEN":"16168","Shape_Area":75682.724053775164,"Shape__Area":76680.83935546875,"Shape__Length":1283.4324746376149,"GlobalID":"85dc3ec3-e8a1-4db6-b258-7072085c7c84","CreationDate":1545839815055,"Creator":"sigper_arcgis","EditDate":1545839815055,"Editor":"sigper_arcgis"}},{"type":"Feature","id":255,"geometry":{"type":"Polygon","coordinates":[[[-75.7386889163668,4.80855539683552],[-75.7387646230973,4.80844027245934],[-75.7387042304857,4.80835899173344],[-75.7387976862725,4.80826857675338],[-75.7389009301694,4.80815325783975],[-75.7389865332668,4.80804498665459],[-75.7390907263732,4.80785749928931],[-75.739179109661,4.80767674230848],[-75.7392331610406,4.80760994254793],[-75.7393257368698,4.80753116730951],[-75.7394091568588,4.80746502007648],[-75.7394950418884,4.80741816038507],[-75.7396031117294,4.80740529986585],[-75.7396986821006,4.80740051155835],[-75.739823126225,4.80740428894413],[-75.7399098577297,4.80741689818332],[-75.7400688839848,4.80746850496165],[-75.7399727589771,4.80788418800858],[-75.7399341655284,4.80793890648232],[-75.7397607452863,4.80829584730154],[-75.7397116958809,4.80849831127807],[-75.7396709578311,4.80871400351188],[-75.7396162414236,4.80898573904484],[-75.7396473434401,4.80944937275816],[-75.7396125584633,4.80977692074574],[-75.7395196312624,4.80988361988599],[-75.7394948443416,4.81005653430942],[-75.7398111100332,4.81062871562453],[-75.7390622605967,4.81103623394105],[-75.7387981612542,4.8111842010642],[-75.7386813787043,4.81085478550074],[-75.7384070546123,4.81035234780349],[-75.7385024136285,4.80963454776162],[-75.738525709575,4.80904500882068],[-75.7385466601173,4.80895175845113],[-75.7382629396444,4.80872808761169],[-75.7386729026764,4.80837776788879],[-75.7386207441695,4.80866942491414],[-75.7386889163668,4.80855539683552]]]},"properties":{"FID":255,"ID_BAR":120,"CODSUELO":"6600101","CODCOM":"11","COMUNA":"Olimpica","CODBAR":"011106","NOMBRE":"Canaveral II","NOM_POPULA":"Canaveral II","ACT_GEOGRA":1180656000000,"NORMA":"Sin","CREACION":null,"ORIGEN_NOR":"Sin","OBSERVACIO":"Ajustado SPM","COD_SISBEN":" ","Shape_Area":46310.89404180539,"Shape__Area":46923.0166015625,"Shape__Length":1143.7220184654041,"GlobalID":"8990adf2-92f8-4be3-8551-09a62b93affe","CreationDate":1545839815055,"Creator":"sigper_arcgis","EditDate":1545839815055,"Editor":"sigper_arcgis"}},{"type":"Feature","id":256,"geometry":{"type":"Polygon","coordinates":[[[-75.7624496300108,4.81074576352621],[-75.762430615586,4.81076793074307],[-75.7623863545957,4.81081231823045],[-75.7619771172462,4.81115848498804],[-75.7618901004036,4.81107584768215],[-75.7616726422711,4.81082768637079],[-75.7616402797214,4.81079819186813],[-75.7617189728951,4.81061414712492],[-75.7619281872606,4.81012162400011],[-75.7621642313244,4.80956597437948],[-75.7621831773852,4.80957236657424],[-75.762292905633,4.80961485636266],[-75.7628895799191,4.80986783683527],[-75.7629122961753,4.80993608277342],[-75.7629480396798,4.80997195291499],[-75.7629985729987,4.81000188745684],[-75.7629557913068,4.81005975211123],[-75.7628492779169,4.81020502934464],[-75.7624711798593,4.8107206467068],[-75.7624496300108,4.81074576352621]]]},"properties":{"FID":256,"ID_BAR":121,"CODSUELO":"6600101","CODCOM":"11","COMUNA":"Olimpica","CODBAR":"011130","NOMBRE":"Rincon de La Palma","NOM_POPULA":"Rincon de La Palma","ACT_GEOGRA":1180656000000,"NORMA":"Sin","CREACION":null,"ORIGEN_NOR":"Sin","OBSERVACIO":"Ajustado SPM","COD_SISBEN":" ","Shape_Area":13565.54333127664,"Shape__Area":13745.14599609375,"Shape__Length":485.47287498111319,"GlobalID":"a0f8b58e-c73c-4302-a184-a1f82c3fb0f9","CreationDate":1545839815055,"Creator":"sigper_arcgis","EditDate":1545839815055,"Editor":"sigper_arcgis"}},{"type":"Feature","id":257,"geometry":{"type":"Polygon","coordinates":[[[-75.7636244210472,4.81053590859638],[-75.7633245004227,4.8111053031755],[-75.7624496300108,4.81074576352621],[-75.7624711798593,4.8107206467068],[-75.7628492779169,4.81020502934464],[-75.7635288830037,4.81049313534253],[-75.7636244210472,4.81053590859638]]]},"properties":{"FID":257,"ID_BAR":122,"CODSUELO":"6600101","CODCOM":"11","COMUNA":"Olimpica","CODBAR":"011111","NOMBRE":"El Pizamo","NOM_POPULA":"El Pizamo","ACT_GEOGRA":1180656000000,"NORMA":"Sin","CREACION":null,"ORIGEN_NOR":"Sin","OBSERVACIO":"Ajustado SPM","COD_SISBEN":" ","Shape_Area":7101.89926935948,"Shape__Area":7195.93798828125,"Shape__Length":346.09219870695091,"GlobalID":"75edc551-0d70-47ae-bb81-9e2446c63212","CreationDate":1545839815055,"Creator":"sigper_arcgis","EditDate":1545839815055,"Editor":"sigper_arcgis"}},{"type":"Feature","id":258,"geometry":{"type":"Polygon","coordinates":[[[-75.7307902195803,4.81081218134229],[-75.7307456392111,4.81077574462723],[-75.730691761426,4.81074822703477],[-75.7306331306628,4.81073305579328],[-75.7304068824558,4.81073711857755],[-75.7301036213166,4.81078191218227],[-75.7299775204058,4.81082089330672],[-75.7299500892794,4.81075201042064],[-75.729610485503,4.81042384713363],[-75.7297038019361,4.81043147674819],[-75.7297763425063,4.81038961691389],[-75.7298532838839,4.81032018570135],[-75.7299800175727,4.810188512824],[-75.730113195435,4.81005567467191],[-75.7303015527262,4.80987678988296],[-75.7304093073199,4.80982586862967],[-75.7304472318068,4.80982026977679],[-75.7305024820291,4.80981617157056],[-75.730553965236,4.80981661331921],[-75.7306174199304,4.80982731628823],[-75.7307613390998,4.80987205341309],[-75.7308038769886,4.80986276335494],[-75.7309862489095,4.80980643681943],[-75.731087065549,4.80980797323943],[-75.7311886221819,4.80981955880629],[-75.7311986938396,4.80982710047736],[-75.7312121456485,4.80984444520107],[-75.73121813143,4.80986057005682],[-75.7312186244873,4.80988667479788],[-75.7312055612026,4.80992524953201],[-75.7311085823596,4.81002120978571],[-75.7310008642485,4.81014850241128],[-75.7309753703922,4.81028614451961],[-75.7309930835331,4.81035788850125],[-75.7308483553809,4.81043629239722],[-75.7308483580811,4.81083938099114],[-75.7307902195803,4.81081218134229]]]},"properties":{"FID":258,"ID_BAR":123,"CODSUELO":"6600101","CODCOM":"12","COMUNA":"Ferrocarril","CODBAR":"011215","NOMBRE":"Nueva Esperanza","NOM_POPULA":"Nueva Esperanza","ACT_GEOGRA":1183248000000,"NORMA":"Sin","CREACION":null,"ORIGEN_NOR":"Sin","OBSERVACIO":"Sin","COD_SISBEN":" ","Shape_Area":11838.62716694146,"Shape__Area":11995.056640625,"Shape__Length":500.04243181174411,"GlobalID":"c4222fea-9741-4cc1-9c73-c3cb0d6487c4","CreationDate":1545839815055,"Creator":"sigper_arcgis","EditDate":1545839815055,"Editor":"sigper_arcgis"}},{"type":"Feature","id":259,"geometry":{"type":"Polygon","coordinates":[[[-75.7593756392672,4.8099149960606],[-75.7591789239858,4.81042505662731],[-75.7591430800795,4.81049208716196],[-75.7587661307755,4.81079775039352],[-75.7585582169003,4.81054462458346],[-75.7589055871048,4.81026266489279],[-75.7590892050666,4.80979561272891],[-75.7593105626841,4.80987866850633],[-75.7593756392672,4.8099149960606]]]},"properties":{"FID":259,"ID_BAR":124,"CODSUELO":"6600101","CODCOM":"11","COMUNA":"Olimpica","CODBAR":"011127","NOMBRE":"Pinar de Belmonte","NOM_POPULA":"Pinar de Belmonte","ACT_GEOGRA":1168041600000,"NORMA":"Sin","CREACION":null,"ORIGEN_NOR":"Sin","OBSERVACIO":"Ajustado SPM, Visita de campo","COD_SISBEN":" ","Shape_Area":4046.94757856955,"Shape__Area":4100.5166015625,"Shape__Length":300.71485202989959,"GlobalID":"16a2efb9-0526-478c-ae78-8532ea6327b2","CreationDate":1545839815055,"Creator":"sigper_arcgis","EditDate":1545839815055,"Editor":"sigper_arcgis"}},{"type":"Feature","id":260,"geometry":{"type":"Polygon","coordinates":[[[-75.7087077945703,4.81053437483009],[-75.7080967599989,4.81070195579146],[-75.7080157328157,4.81071588967176],[-75.7078682369833,4.81018043567847],[-75.708120440296,4.81010486531555],[-75.7084541977363,4.81003934728887],[-75.7085055398676,4.81003934924682],[-75.7085615643341,4.81006976469976],[-75.7086171649629,4.81012377770045],[-75.7086235368865,4.81021293701756],[-75.7087077945703,4.81053437483009]]]},"properties":{"FID":260,"ID_BAR":125,"CODSUELO":"6600101","CODCOM":"08","COMUNA":"El Jardin","CODBAR":"010814","NOMBRE":"Los Andes","NOM_POPULA":"Los Andes","ACT_GEOGRA":1180656000000,"NORMA":"Sin","CREACION":null,"ORIGEN_NOR":"Sin","OBSERVACIO":"Ajustado SPM","COD_SISBEN":" ","Shape_Area":4887.55782784823,"Shape__Area":4952.05029296875,"Shape__Length":277.47744404922645,"GlobalID":"55b4db66-4f64-4311-ba86-8c11c87f9a58","CreationDate":1545839815055,"Creator":"sigper_arcgis","EditDate":1545839815055,"Editor":"sigper_arcgis"}},{"type":"Feature","id":261,"geometry":{"type":"Polygon","coordinates":[[[-75.7628492779169,4.81020502934464],[-75.7629557913068,4.81005975211123],[-75.7629985729987,4.81000188745684],[-75.7632352980496,4.80968144667576],[-75.7642946923728,4.81013061057394],[-75.764028189943,4.81068654523357],[-75.7636244210472,4.81053590859638],[-75.7635288830037,4.81049313534253],[-75.7628492779169,4.81020502934464]]]},"properties":{"FID":261,"ID_BAR":126,"CODSUELO":"6600101","CODCOM":"11","COMUNA":"Olimpica","CODBAR":"011122","NOMBRE":"Los Nogales","NOM_POPULA":"Los Nogales","ACT_GEOGRA":1180656000000,"NORMA":"Sin","CREACION":null,"ORIGEN_NOR":"Sin","OBSERVACIO":"Ajustado SPM","COD_SISBEN":" ","Shape_Area":9373.01635963395,"Shape__Area":9497.11962890625,"Shape__Length":411.43726635439077,"GlobalID":"d2c5af6c-b42a-42c2-b864-ac505b1e5a28","CreationDate":1545839815055,"Creator":"sigper_arcgis","EditDate":1545839815055,"Editor":"sigper_arcgis"}},{"type":"Feature","id":262,"geometry":{"type":"Polygon","coordinates":[[[-75.7142474634033,4.80990095329037],[-75.7142129538838,4.80986479808868],[-75.7141616480665,4.80982881900295],[-75.7141135465706,4.80980799371269],[-75.7132833174375,4.80955579598081],[-75.7132041582771,4.80949289897922],[-75.7131823272178,4.80939920006713],[-75.7131456369963,4.8092973231782],[-75.7131005300068,4.80920738641078],[-75.7130503157794,4.8091654725538],[-75.7133290760406,4.80874916022182],[-75.7134789932643,4.80810265330221],[-75.7134920573706,4.80810576136909],[-75.7138384171965,4.80817993241732],[-75.7140642061392,4.80822801337732],[-75.7142884519036,4.807978043444],[-75.7145036803083,4.80779091496964],[-75.7145624184932,4.80771664619164],[-75.7146987326379,4.80757729348321],[-75.7147172906424,4.80755133007147],[-75.714668414447,4.80752268055002],[-75.7145712268227,4.80745828220724],[-75.7147300412412,4.80740293196447],[-75.7149591008548,4.80765359906255],[-75.7152252091804,4.80775157621682],[-75.7152738031871,4.80777531523869],[-75.7153229608325,4.80779931846406],[-75.7154632164583,4.80782526670826],[-75.7156548123998,4.80792336688825],[-75.7157199935131,4.80790932615528],[-75.7157550306417,4.80791534936868],[-75.7158027455188,4.80793025763027],[-75.7158405292332,4.80794823789938],[-75.715923175313,4.8079326617129],[-75.7160772709636,4.80791821551725],[-75.7162397119291,4.80790645562541],[-75.7163045754248,4.80791712466175],[-75.716367712867,4.80793653604709],[-75.7164171175547,4.80795870357047],[-75.716519975394,4.808026545732],[-75.7166171989289,4.80813476336595],[-75.7166863567175,4.80824397092307],[-75.7167381544998,4.80832862680305],[-75.7168086855009,4.80847020851088],[-75.7168596741646,4.80853435886169],[-75.7169213674254,4.80858944847904],[-75.7169672859627,4.80861995161506],[-75.7170729966988,4.80867306427895],[-75.7173550218269,4.80877580891474],[-75.7175435901735,4.80882810967907],[-75.7175922207668,4.80882759833863],[-75.7178153330437,4.80895971541143],[-75.7178511449282,4.80898092817277],[-75.7179443555091,4.80901245683325],[-75.7180267198668,4.80902404393249],[-75.7181275012822,4.8090298212665],[-75.7182180362615,4.8090272255926],[-75.7182669478319,4.80902273964712],[-75.7183182892575,4.80900952900972],[-75.7183776248691,4.80898838859583],[-75.7184258676114,4.80896442076623],[-75.7184931621939,4.80890401691788],[-75.7185118960886,4.80885339657778],[-75.7185181302712,4.80878815264854],[-75.7185428858947,4.80868943874486],[-75.718603982903,4.80862806240645],[-75.7187222651712,4.80865830206732],[-75.7187570212855,4.80867020635433],[-75.7187720217877,4.80867486954738],[-75.7188473089636,4.80870461389524],[-75.7189172071569,4.8087128454844],[-75.7190021780585,4.80871159196443],[-75.7190673238615,4.80870223203104],[-75.7191266229972,4.80871267095458],[-75.719200430958,4.80874986895187],[-75.7194823142655,4.80899318742242],[-75.71966144468,4.8091195804476],[-75.7197238077816,4.80915743182514],[-75.7196737967757,4.80989654420829],[-75.7195806212009,4.80987541964727],[-75.7194964612476,4.80982117768283],[-75.7194122662405,4.80974279198926],[-75.7193457832936,4.80966601285624],[-75.7192977875169,4.80962491199125],[-75.7191935197612,4.80958381100368],[-75.7190131903767,4.80954035963819],[-75.7187420806742,4.80952140507468],[-75.7185031549382,4.80951670373989],[-75.7182900064915,4.8095366593775],[-75.718173413443,4.80956845005495],[-75.7180410791984,4.80961777955916],[-75.7178812083577,4.80971022168425],[-75.7176330092517,4.81063330289592],[-75.7176141344953,4.81062858672825],[-75.7175619127764,4.81059894883836],[-75.7175164880032,4.81054163338448],[-75.7174589844991,4.81048099853309],[-75.7173970440648,4.81042684501209],[-75.7173483440149,4.81038964722535],[-75.7172695718744,4.81034487217062],[-75.7171852706848,4.81031648829203],[-75.7170902990143,4.81029631629555],[-75.7169997288685,4.81028796091173],[-75.7169106030767,4.81028974373535],[-75.7165289913331,4.81033126189562],[-75.7164244412427,4.81032940575397],[-75.7163869384076,4.81031831310933],[-75.7163520065855,4.8103023102694],[-75.716326758468,4.8102866965418],[-75.7161837224476,4.81014938793658],[-75.7160485727039,4.81009162998186],[-75.7159313469003,4.81007080492454],[-75.7158123945046,4.81006760541347],[-75.7156480521177,4.81005591104668],[-75.7154601166319,4.81003206329507],[-75.7152501372837,4.81004682594953],[-75.7151086840106,4.81002380969342],[-75.7150566382312,4.81000369076833],[-75.7149924786612,4.80998747570965],[-75.7149578641663,4.80998233562948],[-75.7148697592881,4.80996249983941],[-75.7147889089807,4.8099486688025],[-75.7142474634033,4.80990095329037]]]},"properties":{"FID":262,"ID_BAR":127,"CODSUELO":"6600101","CODCOM":"08","COMUNA":"El Jardin","CODBAR":"010810","NOMBRE":"Jardin II","NOM_POPULA":"Jardin II","ACT_GEOGRA":1168041600000,"NORMA":"Sin","CREACION":null,"ORIGEN_NOR":"Sin","OBSERVACIO":"Ajustado SPM","COD_SISBEN":"08262","Shape_Area":125655.13063660999,"Shape__Area":127313.51318359375,"Shape__Length":1980.9172032799802,"GlobalID":"1562a4b6-b064-4882-a643-7855b6273e65","CreationDate":1545839815055,"Creator":"sigper_arcgis","EditDate":1545839815055,"Editor":"sigper_arcgis"}},{"type":"Feature","id":263,"geometry":{"type":"Polygon","coordinates":[[[-75.7579900291836,4.80948553237696],[-75.7580527891805,4.80967649450191],[-75.7581680477025,4.80977477929162],[-75.7582368603355,4.80987824210365],[-75.75826957841,4.80996966061925],[-75.7583550143458,4.81012600290921],[-75.7582769131407,4.81020207808791],[-75.7580294084782,4.81048537455425],[-75.7579650404853,4.81053320699672],[-75.7577864262384,4.81031462709624],[-75.7576489784658,4.81012089569997],[-75.7576210144054,4.81003980903163],[-75.7576034064159,4.80999989287353],[-75.757577382379,4.80997606817413],[-75.757536392374,4.80995745353854],[-75.7574051771471,4.80976819126157],[-75.7575545155944,4.80969522140892],[-75.7575976157089,4.80966733037778],[-75.7577168817909,4.80960515372092],[-75.757911927304,4.80952407515683],[-75.7579900291836,4.80948553237696]]]},"properties":{"FID":263,"ID_BAR":128,"CODSUELO":"6600101","CODCOM":"11","COMUNA":"Olimpica","CODBAR":"011120","NOMBRE":"Los Arrevoles","NOM_POPULA":"Los Arrevoles","ACT_GEOGRA":1168041600000,"NORMA":"Sin","CREACION":null,"ORIGEN_NOR":"Sin","OBSERVACIO":"Ajustado SPM, Visita de campo","COD_SISBEN":" ","Shape_Area":6238.30414624262,"Shape__Area":6320.869140625,"Shape__Length":326.52579441062943,"GlobalID":"5ea87286-5edd-432d-8b8b-889dcc806d3a","CreationDate":1545839815055,"Creator":"sigper_arcgis","EditDate":1545839815055,"Editor":"sigper_arcgis"}},{"type":"Feature","id":264,"geometry":{"type":"Polygon","coordinates":[[[-75.7622614807204,4.80792216338869],[-75.7610391207971,4.80930469371386],[-75.760772710642,4.80989660968218],[-75.7607028682019,4.8102343480626],[-75.7606085216536,4.8102004639834],[-75.7605441946009,4.81038604520543],[-75.760254380447,4.81027547581142],[-75.7599477688546,4.81016651470508],[-75.7595722070507,4.81001009841576],[-75.7593756392672,4.80991499606064],[-75.7593105626841,4.80987866850633],[-75.7590892050667,4.80979561272895],[-75.7590420181353,4.8097779354509],[-75.7588411548091,4.80969196479014],[-75.7590422487501,4.80944863997967],[-75.7591933463396,4.80936390665957],[-75.7595296220565,4.80903618450822],[-75.7599027949414,4.80859957334462],[-75.7599677583253,4.80847531545881],[-75.7602641690165,4.80811246488619],[-75.7604827622683,4.80784321016595],[-75.7605547706813,4.80777884586958],[-75.7606397743642,4.80773019950123],[-75.7607303425489,4.80771141983583],[-75.7609989171276,4.80770670878977],[-75.7611159662358,4.80768835090329],[-75.7613728494377,4.80736661813373],[-75.7623507946578,4.80778523360207],[-75.7622614807204,4.80792216338869]]]},"properties":{"FID":264,"ID_BAR":129,"CODSUELO":"6600101","CODCOM":"11","COMUNA":"Olimpica","CODBAR":"011105","NOMBRE":"Belmonte","NOM_POPULA":"Belmonte","ACT_GEOGRA":1168041600000,"NORMA":"Sin","CREACION":null,"ORIGEN_NOR":"Sin","OBSERVACIO":"Ajustado SPM","COD_SISBEN":"11102","Shape_Area":55338.389316161032,"Shape__Area":56070.73876953125,"Shape__Length":1090.209389718384,"GlobalID":"0b3ca653-3912-4fe9-a52c-668714b806c6","CreationDate":1545839815055,"Creator":"sigper_arcgis","EditDate":1545839815055,"Editor":"sigper_arcgis"}},{"type":"Feature","id":265,"geometry":{"type":"Polygon","coordinates":[[[-75.7056248873038,4.80974490601442],[-75.7055813628935,4.80975004464339],[-75.7055640720924,4.80975822128337],[-75.7055046647743,4.80981915470227],[-75.7054603285991,4.80989125092647],[-75.7054422986188,4.80990221867784],[-75.7053823650565,4.80990594284578],[-75.7053604970903,4.80992037259897],[-75.7052755552859,4.8100985294818],[-75.7052129792978,4.81015133721732],[-75.7051304346108,4.81026380804209],[-75.7050650027243,4.81040252621378],[-75.7050540510161,4.81041881045707],[-75.7050046445532,4.81045759489116],[-75.7049370679651,4.81049226363055],[-75.7048937203012,4.81049282807356],[-75.7047743110328,4.81047682167362],[-75.704602854451,4.8104880496355],[-75.7045789442142,4.81048363306881],[-75.7045640491247,4.81047231147877],[-75.7045557396449,4.81045851703478],[-75.7045526411892,4.81044461647506],[-75.7045507091243,4.81029701229096],[-75.7045372936786,4.81026147604898],[-75.7045130679497,4.81022516132368],[-75.7044866585739,4.81020009759198],[-75.7044367960762,4.81018716680967],[-75.7042715376928,4.81018286933443],[-75.7041927301234,4.81016541688326],[-75.7041849837106,4.81015397138539],[-75.7041836116012,4.81012092476744],[-75.7041410750051,4.81007205204783],[-75.7041039950222,4.81005207465766],[-75.7040806843714,4.81002729380403],[-75.7040529714283,4.81001863861185],[-75.7040189205887,4.81000802241358],[-75.7040003989252,4.80998461904108],[-75.7040003990008,4.80996119878077],[-75.7039804689957,4.80993092542137],[-75.7039534604255,4.80991481596569],[-75.7039229669636,4.80989146619499],[-75.7038977186862,4.80986670222348],[-75.7038731056426,4.80983570431591],[-75.7038519778493,4.80983155280515],[-75.7038313428956,4.80982206750257],[-75.703816447905,4.80981071064592],[-75.7038065179791,4.80978751897135],[-75.703787292415,4.80975245919452],[-75.703769369585,4.80972660073017],[-75.7037471855286,4.80970044256718],[-75.7036967258604,4.80966624643612],[-75.7036653504759,4.80965621330977],[-75.7036375317648,4.80965177889124],[-75.7036095366325,4.80965128305116],[-75.7035866129033,4.80965379074203],[-75.7035714707594,4.80965693430668],[-75.7035155156204,4.80968022902421],[-75.7034605809559,4.80971595735249],[-75.7034401916441,4.80971835895298],[-75.7034006823432,4.80970272691097],[-75.7033851189514,4.80968223781924],[-75.7033651885511,4.80966296761296],[-75.7033415250409,4.80964654124006],[-75.7033205033471,4.80963622522964],[-75.7033023683039,4.80962991906943],[-75.7032808878213,4.80962862904638],[-75.7032591968179,4.809625360542],[-75.7032446885718,4.80962203963083],[-75.703217116096,4.80961301313214],[-75.7031936295765,4.80960225639418],[-75.7031379925997,4.8095689077255],[-75.703045101008,4.80950293635957],[-75.7029766827869,4.80944411838027],[-75.7029464701475,4.80943131214777],[-75.7029149546478,4.80941341892269],[-75.7028844249716,4.80939063407799],[-75.7028193172684,4.80931097453628],[-75.7027571318296,4.80925441749048],[-75.7027075173272,4.80921675960982],[-75.7026499083717,4.80918620225037],[-75.7025881798372,4.80916560550059],[-75.7025061693878,4.80910152381637],[-75.7024643735839,4.8090109678268],[-75.7023838077692,4.80891590645253],[-75.7023258508714,4.80878253651868],[-75.7022277847841,4.80866622724856],[-75.7020730236127,4.80858497545503],[-75.7019597423594,4.8085581062653],[-75.701876392999,4.80852359140621],[-75.7017652610989,4.80845498668275],[-75.7016872646915,4.80839500295906],[-75.7016482473618,4.80840238435487],[-75.7015314419641,4.80845073915144],[-75.7014402718044,4.80851103482562],[-75.7013928703276,4.80861458713398],[-75.7013892774959,4.80863823697228],[-75.7013757545882,4.80866575415166],[-75.7013617040223,4.80868092550583],[-75.7013442728318,4.80869259950551],[-75.7013044444054,4.80871748429423],[-75.7012289457182,4.80873673350972],[-75.7012153877244,4.80875119889016],[-75.7012074291984,4.80877226970018],[-75.7012018984718,4.80883286852908],[-75.7010244203547,4.80884782175676],[-75.7009193081511,4.80884541522466],[-75.7008285272952,4.80882624859177],[-75.7009647099104,4.80854844358368],[-75.701039015757,4.80841006213967],[-75.7010761329087,4.80834095134708],[-75.7012588380929,4.80791602162062],[-75.7013120607352,4.80750564036137],[-75.7019779482088,4.80756380883446],[-75.7019898526609,4.80750700718253],[-75.7026740552145,4.80746111001544],[-75.7027687626081,4.80693544840897],[-75.702802187425,4.80675430496989],[-75.7028501478703,4.80676644091505],[-75.7029255744572,4.80679473876763],[-75.7029889924391,4.806821251308],[-75.7030743114351,4.80692471985348],[-75.7031385031505,4.80701034961017],[-75.7031728703547,4.80706268371663],[-75.7032212872757,4.80709529000788],[-75.7032675218751,4.80711915337247],[-75.7033529483266,4.80717173690075],[-75.7034447815466,4.80729894348462],[-75.7035134826813,4.80731141594045],[-75.7035739451137,4.80729368472339],[-75.7037154714997,4.80721553399168],[-75.703808506829,4.80718268584141],[-75.7038434040734,4.80717650470129],[-75.7038706242506,4.80717511038511],[-75.7039044290151,4.8071784846323],[-75.7039842570807,4.8072136005531],[-75.7040905288917,4.80729077002036],[-75.7042453606087,4.80737735627171],[-75.7043570220468,4.80740890475585],[-75.7044860437174,4.80744843659644],[-75.7045868232683,4.80748169798951],[-75.7046436939485,4.80748399675743],[-75.7047025715043,4.80745259484447],[-75.7047334197523,4.80742159842373],[-75.7048138163259,4.80731278372277],[-75.704850016479,4.80728917058724],[-75.7048988233446,4.80727650826556],[-75.704961678783,4.80728113794146],[-75.705068338778,4.80734454845864],[-75.7051213343886,4.80738190560099],[-75.7052008094252,4.80746469206028],[-75.7052989803312,4.80759687901156],[-75.7048783655833,4.80833993591649],[-75.705152080556,4.80836090980619],[-75.7050075480031,4.80884753625244],[-75.7053391883165,4.8089370415918],[-75.7058205553341,4.80905659513314],[-75.705692436183,4.80945072551335],[-75.7056248873038,4.80974490601442]]]},"properties":{"FID":265,"ID_BAR":130,"CODSUELO":"6600101","CODCOM":"16","COMUNA":"San Nicolas","CODBAR":"011606","NOMBRE":"San Nicolas","NOM_POPULA":"San Nicolas","ACT_GEOGRA":1168041600000,"NORMA":"Sin","CREACION":null,"ORIGEN_NOR":"Sin","OBSERVACIO":"Ajustado SPM","COD_SISBEN":"16171","Shape_Area":110356.93991149182,"Shape__Area":111812.09619140625,"Shape__Length":1806.8024063337314,"GlobalID":"cd31c4dd-0ea1-4d6e-8360-173bac583b1c","CreationDate":1545839815055,"Creator":"sigper_arcgis","EditDate":1545839815055,"Editor":"sigper_arcgis"}},{"type":"Feature","id":266,"geometry":{"type":"Polygon","coordinates":[[[-75.6702227689919,4.8086210329163],[-75.6702069688167,4.80763166061005],[-75.6720071231555,4.80765342636738],[-75.6722196369791,4.80766488852631],[-75.6723935579754,4.80765568342617],[-75.6724737740513,4.80766157139508],[-75.6725491309521,4.80766742311809],[-75.673477533335,4.80773517875182],[-75.6739043860817,4.80781631677721],[-75.6741457010601,4.80787688166932],[-75.6743322935735,4.80793127855068],[-75.6746640004598,4.80800954786551],[-75.67498686963,4.80808066328473],[-75.6750093350058,4.80808447936581],[-75.6748262011838,4.80839212482111],[-75.6738094226869,4.80999721265833],[-75.6735231728615,4.81041541552455],[-75.6733362609195,4.81038560465743],[-75.6728323918359,4.81031731785882],[-75.6722644033748,4.81019282468871],[-75.6718622427925,4.80999647622446],[-75.671958158717,4.80963378889399],[-75.6717478375667,4.80950690375242],[-75.6713154327784,4.80926602591383],[-75.6708335846985,4.80906131567202],[-75.6706357646322,4.80893042230798],[-75.6702227689919,4.8086210329163]]]},"properties":{"FID":266,"ID_BAR":131,"CODSUELO":"6600101","CODCOM":"05","COMUNA":"Oriente","CODBAR":"010512","NOMBRE":"Kennedy","NOM_POPULA":"Kennedy","ACT_GEOGRA":1168041600000,"NORMA":"Sin","CREACION":null,"ORIGEN_NOR":"Sin","OBSERVACIO":"Ajustado SPM","COD_SISBEN":"05045","Shape_Area":107172.18089996767,"Shape__Area":108582.5517578125,"Shape__Length":1417.5345626039198,"GlobalID":"ad538832-f3ff-4b7f-9397-debc5df1cbb2","CreationDate":1545839815055,"Creator":"sigper_arcgis","EditDate":1545839815055,"Editor":"sigper_arcgis"}},{"type":"Feature","id":267,"geometry":{"type":"Polygon","coordinates":[[[-75.6984791200196,4.81017112083766],[-75.6981872752963,4.81000033145993],[-75.6979976903014,4.80985897241063],[-75.6976067729597,4.80924204734753],[-75.6973898341347,4.8089537724597],[-75.697157181632,4.80883844481311],[-75.696863784669,4.80876988500571],[-75.6965904948805,4.80867794023627],[-75.6967610983168,4.80722116251121],[-75.696792312926,4.80688256052636],[-75.6970694376832,4.80701835988687],[-75.6977091155428,4.80731059261536],[-75.6983755919466,4.80760347942607],[-75.6984677451723,4.80676846331132],[-75.6992493074557,4.80685465139763],[-75.6996779250108,4.80691456139852],[-75.7001819003285,4.80696567883205],[-75.7007773609763,4.80699701668929],[-75.7007946823221,4.8070849223008],[-75.7008015807446,4.80719236228691],[-75.7007952388913,4.80728485965775],[-75.7007788959776,4.80737080327637],[-75.7007358256066,4.8074887865421],[-75.7004850512028,4.80795454898138],[-75.700215543612,4.80840967792854],[-75.7002052578874,4.80849950758706],[-75.7004759446998,4.80851304775876],[-75.7006139828046,4.80851305284771],[-75.7007352248021,4.80848313708923],[-75.701039015757,4.80841006213967],[-75.7009647099104,4.80854844358368],[-75.7008285272952,4.80882624859177],[-75.700647175595,4.80885925221945],[-75.7005193498537,4.80887184123941],[-75.7001442170636,4.80890550799314],[-75.7000652613238,4.8090669203909],[-75.7000567746511,4.80907767674827],[-75.7000897647477,4.80920975681934],[-75.7002120944918,4.81018265315133],[-75.7002151189603,4.81029161221608],[-75.7000228179308,4.81025384275387],[-75.6996419467612,4.81023489366948],[-75.699290725278,4.81021605139519],[-75.6988929511599,4.81019307452402],[-75.6986221925214,4.81018679288421],[-75.6984791200196,4.81017112083766]]]},"properties":{"FID":267,"ID_BAR":132,"CODSUELO":"6600101","CODCOM":"07","COMUNA":"Boston","CODBAR":"010705","NOMBRE":"Centenario","NOM_POPULA":"Centenario","ACT_GEOGRA":1168041600000,"NORMA":"Sin","CREACION":null,"ORIGEN_NOR":"Sin","OBSERVACIO":"Ajustado SPM","COD_SISBEN":"07225","Shape_Area":126268.91446810945,"Shape__Area":127933.31298828125,"Shape__Length":1788.2157617440005,"GlobalID":"f0618cbe-bb82-4b1c-956a-716b5637609f","CreationDate":1545839815055,"Creator":"sigper_arcgis","EditDate":1545839815055,"Editor":"sigper_arcgis"}},{"type":"Feature","id":268,"geometry":{"type":"Polygon","coordinates":[[[-75.7250254128063,4.80754532250657],[-75.7252110235715,4.8076048098223],[-75.7251625338828,4.8076622476863],[-75.7249121647081,4.80776615376014],[-75.7248972698825,4.80777641595937],[-75.725035059109,4.8081458054525],[-75.7250278055932,4.80825388084564],[-75.7251345022447,4.8084034101014],[-75.725208380779,4.80846766515193],[-75.7252666941965,4.80852745219644],[-75.7253144088213,4.80856600905389],[-75.7253700466727,4.8085846074289],[-75.7254683625982,4.80860732169049],[-75.7255545303046,4.80862856895726],[-75.7256208028976,4.80863922007283],[-75.7256459806831,4.80864584342804],[-75.7257009847873,4.80864672645235],[-75.7257813422528,4.80865705924999],[-75.725880292249,4.80867359097449],[-75.725927690146,4.80870872170498],[-75.7260142454066,4.80875420200595],[-75.7263381761979,4.80882667005074],[-75.7266546061831,4.80886533308124],[-75.7264832917099,4.80896090373804],[-75.726426068758,4.8090779866498],[-75.7264100115665,4.80920655045128],[-75.7263161668545,4.80929380278924],[-75.7262566209225,4.80936266775325],[-75.7261712621681,4.80944483259458],[-75.7261704878165,4.80946733391614],[-75.7261357673248,4.8095629222879],[-75.7261344284081,4.80960985098551],[-75.7261169624245,4.80964750732768],[-75.7260998836513,4.80989281886],[-75.7260861155239,4.809961012506],[-75.726057098656,4.81002422618437],[-75.7259831149022,4.81010368871964],[-75.7257908118292,4.81026443240322],[-75.7254983626947,4.80998602196051],[-75.7253516626399,4.80973682428876],[-75.7252195052532,4.80957095788698],[-75.725056923937,4.80938121100914],[-75.7249033576195,4.80921474336773],[-75.7248000054886,4.80912726241259],[-75.7246647500212,4.80903031319807],[-75.7245706941299,4.80897291052951],[-75.7244083599949,4.80880146215523],[-75.7243525814162,4.80866150665107],[-75.7243050789234,4.80851414981389],[-75.7242697605469,4.80837336344563],[-75.7243089895556,4.80813232619281],[-75.7243350834601,4.80795284257176],[-75.7245765081001,4.80799922453978],[-75.7246740148219,4.80772083165429],[-75.7248126160775,4.8076191854237],[-75.7250254128063,4.80754532250657]]]},"properties":{"FID":268,"ID_BAR":133,"CODSUELO":"6600101","CODCOM":"10","COMUNA":"Consota","CODBAR":"011008","NOMBRE":"El Rosal","NOM_POPULA":"El Rosal","ACT_GEOGRA":1168041600000,"NORMA":"Sin","CREACION":null,"ORIGEN_NOR":"Sin","OBSERVACIO":"Ajustado SPM","COD_SISBEN":"10227","Shape_Area":30696.451796997881,"Shape__Area":31101.80810546875,"Shape__Length":944.33115301099872,"GlobalID":"88774014-465e-48fd-ab5f-5fc565a449e5","CreationDate":1545839815055,"Creator":"sigper_arcgis","EditDate":1545839815055,"Editor":"sigper_arcgis"}},{"type":"Feature","id":269,"geometry":{"type":"Polygon","coordinates":[[[-75.7640038357382,4.80881262262691],[-75.7644618053381,4.80904226930826],[-75.7649054584769,4.80921449368728],[-75.7651913579589,4.80934889453917],[-75.7651201446212,4.80944416521087],[-75.7648878835599,4.80958077934168],[-75.7649250585677,4.80959664525796],[-75.7648254886213,4.80985301850273],[-75.7642946923728,4.81013061057396],[-75.7632352980496,4.80968144667576],[-75.7634821641131,4.809356941631],[-75.7636889584738,4.80906908878099],[-75.7640038357382,4.80881262262691]]]},"properties":{"FID":269,"ID_BAR":134,"CODSUELO":"6600101","CODCOM":"11","COMUNA":"Olimpica","CODBAR":"011110","NOMBRE":"El Palmar","NOM_POPULA":"El Palmar","ACT_GEOGRA":1180656000000,"NORMA":"Sin","CREACION":null,"ORIGEN_NOR":"Sin","OBSERVACIO":"Ajustado SPM","COD_SISBEN":" ","Shape_Area":17501.53366212907,"Shape__Area":17733.23193359375,"Shape__Length":548.97321461768411,"GlobalID":"ae72721c-97be-435e-91b1-39449fa7339e","CreationDate":1545839815055,"Creator":"sigper_arcgis","EditDate":1545839815055,"Editor":"sigper_arcgis"}},{"type":"Feature","id":270,"geometry":{"type":"Polygon","coordinates":[[[-75.7619281872606,4.81012162400011],[-75.7616401694532,4.81001972684802],[-75.7617109739185,4.8098291475944],[-75.7619249079687,4.80935289138705],[-75.7622234919037,4.80947813645593],[-75.7621831773852,4.80957236657424],[-75.7621642313244,4.80956597437948],[-75.7619281872606,4.81012162400011]]]},"properties":{"FID":270,"ID_BAR":135,"CODSUELO":"6600101","CODCOM":"11","COMUNA":"Olimpica","CODBAR":"011123","NOMBRE":"Mirador de La Cien","NOM_POPULA":"Mirador de La Cien","ACT_GEOGRA":1168041600000,"NORMA":"Sin","CREACION":null,"ORIGEN_NOR":"Sin","OBSERVACIO":"Ajustado SPM, Visita de campo","COD_SISBEN":" ","Shape_Area":2743.66944203812,"Shape__Area":2779.98974609375,"Shape__Length":232.15469463556298,"GlobalID":"994c7059-bcd5-412b-a2c3-251adbbde382","CreationDate":1545839815055,"Creator":"sigper_arcgis","EditDate":1545839815055,"Editor":"sigper_arcgis"}},{"type":"Feature","id":271,"geometry":{"type":"Polygon","coordinates":[[[-75.707791020942,4.80990000886613],[-75.7077655960035,4.80992927514006],[-75.7077472137992,4.80994333319824],[-75.7077255925726,4.80995426577146],[-75.7077121408829,4.8099593167593],[-75.7076865750832,4.80996346735695],[-75.7076494246591,4.8099633248278],[-75.7076147747,4.80995707143424],[-75.7075933300389,4.80995000564459],[-75.7075503698249,4.80992850953743],[-75.707458851359,4.80984930883654],[-75.707293665799,4.8097751582039],[-75.7072274283201,4.80977072347248],[-75.7071418233535,4.80978543368328],[-75.7070752681897,4.80982990463045],[-75.7070423083788,4.80983834631036],[-75.7069719505785,4.80986589755016],[-75.706925326493,4.80989240716652],[-75.7067089009079,4.80996462183871],[-75.7066836165827,4.80998214294023],[-75.7066203012458,4.81000904021898],[-75.7065987510198,4.81000474780942],[-75.7065281491253,4.80995248275634],[-75.7063675053425,4.80988082267695],[-75.7065034853975,4.80922050444717],[-75.7062030793506,4.80915281298109],[-75.7062984506892,4.80873937742475],[-75.7062308872235,4.80834725498733],[-75.7063360058946,4.80815276070812],[-75.7063473092465,4.80813725370977],[-75.7063590006048,4.80814944121458],[-75.7064292116971,4.80831276601747],[-75.7065269258313,4.80842298177923],[-75.7065886147772,4.80860585937558],[-75.7066420316591,4.80870259702748],[-75.7066724906895,4.80873599692923],[-75.7067086541328,4.80874924530986],[-75.7067982745963,4.80870892426381],[-75.7069316284293,4.8087072154289],[-75.7070177969186,4.80869455401158],[-75.7070740690952,4.8086766992488],[-75.7071449203636,4.80863440029994],[-75.7072373934785,4.80854746854135],[-75.7072938083427,4.80846949116752],[-75.707350681838,4.80833879237655],[-75.7073752977388,4.80830846674061],[-75.7074552329809,4.80830098014861],[-75.7074674520896,4.80829983217013],[-75.7075094958672,4.80832574449876],[-75.707554075002,4.80837092540233],[-75.7075803443456,4.80840342455044],[-75.7076084430133,4.80844456104591],[-75.707638760328,4.80850019843029],[-75.7076559788172,4.80855299155368],[-75.7076777732726,4.80866505882037],[-75.7076867502405,4.80874443340163],[-75.7077003396556,4.80884182410932],[-75.7077218874072,4.80896595541815],[-75.7077720293704,4.80905327891238],[-75.7078090032367,4.80907410390298],[-75.7078449561818,4.80907816667133],[-75.7081394865114,4.80898218016723],[-75.7082061456871,4.80896858256572],[-75.7083023852048,4.80898077185335],[-75.7083616490074,4.80900869772754],[-75.7084441874937,4.80907724682828],[-75.7085141901787,4.80915840753175],[-75.7085962354116,4.80928126821183],[-75.7086429272037,4.809324153425],[-75.7086801813225,4.80939826542854],[-75.7087189493068,4.80948555337997],[-75.7087321191709,4.80950789630947],[-75.7086410910422,4.80952424933513],[-75.7085386194416,4.80950805074339],[-75.7084708330078,4.80951341834464],[-75.7084197023896,4.80952034003067],[-75.7083683252215,4.80953113054831],[-75.7083036369708,4.80954967455089],[-75.7082102491919,4.8095963879792],[-75.7081362638472,4.80964524050853],[-75.7080858018063,4.80966124106868],[-75.7080341780659,4.80968402417808],[-75.7079935763889,4.80970714224737],[-75.707863845234,4.80981615107828],[-75.707791020942,4.80990000886613]]]},"properties":{"FID":271,"ID_BAR":136,"CODSUELO":"6600101","CODCOM":"16","COMUNA":"San Nicolas","CODBAR":"011607","NOMBRE":"Villa Mery","NOM_POPULA":"Villa Mery","ACT_GEOGRA":1168041600000,"NORMA":"Sin","CREACION":null,"ORIGEN_NOR":"Sin","OBSERVACIO":"Ajustado SPM","COD_SISBEN":"16172","Shape_Area":29906.6669500258,"Shape__Area":30301.162109375,"Shape__Length":944.44026261618274,"GlobalID":"62f080f6-4421-4d87-b463-498d8ecc9f68","CreationDate":1545839815055,"Creator":"sigper_arcgis","EditDate":1545839815055,"Editor":"sigper_arcgis"}},{"type":"Feature","id":272,"geometry":{"type":"Polygon","coordinates":[[[-75.757983845839,4.80902253380841],[-75.7579389871076,4.80909415664772],[-75.7579125069702,4.80910502015693],[-75.7578865545437,4.8091095426531],[-75.7575730022119,4.80889137490632],[-75.7581843728495,4.80792737568744],[-75.7585531007712,4.80806090259033],[-75.7585528904082,4.80807983698023],[-75.7585696880603,4.80808658310713],[-75.757983845839,4.80902253380841]]]},"properties":{"FID":272,"ID_BAR":152,"CODSUELO":"6600101","CODCOM":"11","COMUNA":"Olimpica","CODBAR":"011136","NOMBRE":"Toluca","NOM_POPULA":"Toluca","ACT_GEOGRA":1180656000000,"NORMA":"Sin","CREACION":null,"ORIGEN_NOR":"Sin","OBSERVACIO":"Ajustado SPM","COD_SISBEN":" ","Shape_Area":6068.07056105697,"Shape__Area":6148.35693359375,"Shape__Length":356.55065919883396,"GlobalID":"f45f4bce-9035-4537-8d00-5d428b11fb1f","CreationDate":1545839815055,"Creator":"sigper_arcgis","EditDate":1545839815055,"Editor":"sigper_arcgis"}},{"type":"Feature","id":273,"geometry":{"type":"Polygon","coordinates":[[[-75.7595296220565,4.80903618450822],[-75.7590665884454,4.80884601998813],[-75.7590151471625,4.80898140314888],[-75.757983845839,4.80902253380841],[-75.7585696880603,4.80808658310713],[-75.7586942406122,4.80813673780756],[-75.7590759641764,4.80828732589935],[-75.7595859022613,4.80847922013116],[-75.7599027949414,4.80859957334459],[-75.7595296220565,4.80903618450822]]]},"properties":{"FID":273,"ID_BAR":153,"CODSUELO":"6600101","CODCOM":"11","COMUNA":"Olimpica","CODBAR":"011132","NOMBRE":"Samanes de Belmonte","NOM_POPULA":"Samanes de Belmonte","ACT_GEOGRA":1180656000000,"NORMA":"Sin","CREACION":null,"ORIGEN_NOR":"Sin","OBSERVACIO":"Ajustado SPM","COD_SISBEN":" ","Shape_Area":12705.431144147051,"Shape__Area":12873.55078125,"Shape__Length":533.20228235735772,"GlobalID":"b1b072be-e931-459c-bbc3-985eb6fe511b","CreationDate":1545839815055,"Creator":"sigper_arcgis","EditDate":1545839815055,"Editor":"sigper_arcgis"}},{"type":"Feature","id":274,"geometry":{"type":"Polygon","coordinates":[[[-75.7166863567175,4.80824397092307],[-75.7170990730513,4.80738288763828],[-75.7180199006225,4.80803050500194],[-75.718178712874,4.80815401900242],[-75.7179388670078,4.80862854882724],[-75.7178153330437,4.80895971541143],[-75.7175922207668,4.80882759833863],[-75.7175435901735,4.80882810967907],[-75.7173550218269,4.80877580891474],[-75.7170729966988,4.80867306427895],[-75.7169672859627,4.80861995161506],[-75.7169213674254,4.80858944847904],[-75.7168596741646,4.80853435886169],[-75.7168086855009,4.80847020851088],[-75.7167381544998,4.80832862680305],[-75.7166863567175,4.80824397092307]]]},"properties":{"FID":274,"ID_BAR":154,"CODSUELO":"6600101","CODCOM":"08","COMUNA":"El Jardin","CODBAR":"010827","NOMBRE":"Villas Del Jardin III","NOM_POPULA":"Villas Del Jardin III","ACT_GEOGRA":1180656000000,"NORMA":"Sin","CREACION":null,"ORIGEN_NOR":"Sin","OBSERVACIO":"Ajustado SPM","COD_SISBEN":" ","Shape_Area":16188.50643947899,"Shape__Area":16402.14013671875,"Shape__Length":509.25927201951066,"GlobalID":"ccd36477-5e57-43c2-a337-6ffc6fc4507f","CreationDate":1545839815055,"Creator":"sigper_arcgis","EditDate":1545839815055,"Editor":"sigper_arcgis"}},{"type":"Feature","id":275,"geometry":{"type":"Polygon","coordinates":[[[-75.7571522220908,4.80863094564876],[-75.7576979590957,4.80775123436429],[-75.7581843728495,4.80792737568744],[-75.7575730022119,4.80889137490632],[-75.7573474524172,4.80875934177094],[-75.7571522220908,4.80863094564876]]]},"properties":{"FID":275,"ID_BAR":155,"CODSUELO":"6600101","CODCOM":"11","COMUNA":"Olimpica","CODBAR":"011108","NOMBRE":"El Campin I-II","NOM_POPULA":"El Campin I-II","ACT_GEOGRA":1168041600000,"NORMA":"Sin","CREACION":null,"ORIGEN_NOR":"Sin","OBSERVACIO":"Ajustado SPM","COD_SISBEN":" ","Shape_Area":6701.67767109456,"Shape__Area":6790.34033203125,"Shape__Length":355.70137333020858,"GlobalID":"3cfeedca-7830-44da-9871-d50fcdba8738","CreationDate":1545839815055,"Creator":"sigper_arcgis","EditDate":1545839815055,"Editor":"sigper_arcgis"}},{"type":"Feature","id":276,"geometry":{"type":"Polygon","coordinates":[[[-75.7063473092465,4.80813725370977],[-75.7061493794585,4.80793119964089],[-75.7060565940552,4.80787149845416],[-75.7060095131564,4.80785883288709],[-75.7056955857853,4.80780117350666],[-75.7055680802847,4.80769291734448],[-75.7054508884541,4.80772687879625],[-75.7054072587048,4.80772572867828],[-75.7053814126103,4.80770787139698],[-75.7052989803312,4.80759687901156],[-75.7052008094252,4.80746469206028],[-75.7051213343886,4.80738190560099],[-75.705068338778,4.80734454845864],[-75.704961678783,4.80728113794146],[-75.7048988233446,4.80727650826556],[-75.704850016479,4.80728917058724],[-75.7048138163259,4.80731278372277],[-75.7047334197523,4.80742159842373],[-75.7047025715043,4.80745259484447],[-75.7048378613747,4.80639256180081],[-75.7048809618003,4.80641453470989],[-75.7049785726886,4.80645540894431],[-75.7051831593645,4.80657883930272],[-75.7055673680005,4.80681969376709],[-75.7058796009972,4.80701234671066],[-75.7060662647851,4.8071096535926],[-75.7075395483363,4.80779727160944],[-75.7074552329809,4.80830098014861],[-75.7073752977388,4.80830846674061],[-75.707350681838,4.80833879237655],[-75.7072938083427,4.80846949116752],[-75.7072373934785,4.80854746854135],[-75.7071449203636,4.80863440029994],[-75.7070740690952,4.8086766992488],[-75.7070177969186,4.80869455401158],[-75.7069316284293,4.8087072154289],[-75.7067982745963,4.80870892426381],[-75.7067086541328,4.80874924530986],[-75.7066724906895,4.80873599692923],[-75.7066420316591,4.80870259702748],[-75.7065886147772,4.80860585937558],[-75.7065269258313,4.80842298177923],[-75.7064292116971,4.80831276601747],[-75.7063590006048,4.80814944121458],[-75.7063473092465,4.80813725370977]]]},"properties":{"FID":276,"ID_BAR":156,"CODSUELO":"6600101","CODCOM":"16","COMUNA":"San Nicolas","CODBAR":"011601","NOMBRE":"Brisas de Las Americas","NOM_POPULA":"Brisas de Las Americas","ACT_GEOGRA":1180656000000,"NORMA":"Sin","CREACION":null,"ORIGEN_NOR":"Sin","OBSERVACIO":"Ajustado SPM","COD_SISBEN":" ","Shape_Area":31391.75177018077,"Shape__Area":31805.66748046875,"Shape__Length":933.70320998740533,"GlobalID":"e2b50e0b-ab37-4533-af01-c6f94dbc13e4","CreationDate":1545839815055,"Creator":"sigper_arcgis","EditDate":1545839815055,"Editor":"sigper_arcgis"}},{"type":"Feature","id":277,"geometry":{"type":"Polygon","coordinates":[[[-75.6855110748803,4.80859167986456],[-75.684712511682,4.80838904506157],[-75.6834147181589,4.80828012873893],[-75.6828540195998,4.80813867053532],[-75.6822016206893,4.80806801474697],[-75.6821597215958,4.807993848321],[-75.6821034040031,4.80762797034922],[-75.6820384779807,4.80750484190297],[-75.6818715416129,4.80679099229965],[-75.6818405649581,4.80661284846169],[-75.6818579972679,4.8065922729671],[-75.6820494628873,4.80644144907064],[-75.682231799121,4.80643688724162],[-75.6849116058669,4.80671862870302],[-75.6850243592245,4.80673076983968],[-75.68516366151,4.8067724260802],[-75.6853127503947,4.80686802380064],[-75.6854516252857,4.8069852912858],[-75.685606063668,4.8071244620069],[-75.6855110748803,4.80859167986456]]]},"properties":{"FID":277,"ID_BAR":157,"CODSUELO":"6600101","CODCOM":"06","COMUNA":"Universidad","CODBAR":"010610","NOMBRE":"La Julia","NOM_POPULA":"La Julia","ACT_GEOGRA":1168041600000,"NORMA":"Sin","CREACION":null,"ORIGEN_NOR":"Sin","OBSERVACIO":"Ajustado SPM","COD_SISBEN":"06241","Shape_Area":73277.770282594836,"Shape__Area":74242.54443359375,"Shape__Length":1149.3220699508261,"GlobalID":"6bbfdf33-9c0e-4fd7-99fc-6f42bb6ca7c8","CreationDate":1545839815055,"Creator":"sigper_arcgis","EditDate":1545839815055,"Editor":"sigper_arcgis"}},{"type":"Feature","id":278,"geometry":{"type":"Polygon","coordinates":[[[-75.7346875417187,4.80779544704603],[-75.7345917610863,4.80780917173926],[-75.7344946776414,4.80783375883222],[-75.7343940721007,4.80788187162378],[-75.7343321674344,4.8079268756939],[-75.7342517050675,4.80801223833331],[-75.734192441154,4.8080980785114],[-75.7341769477308,4.80814619000755],[-75.7341429346443,4.80842864588851],[-75.7341144477651,4.80850784404207],[-75.7340895523478,4.80853778167908],[-75.734022857665,4.80856574197391],[-75.7339333094454,4.80858469434742],[-75.7338785516989,4.80858170963186],[-75.7338495008788,4.80856973502858],[-75.733822808419,4.80855874959613],[-75.733793968432,4.80852381412065],[-75.733752168927,4.80843000970163],[-75.7337526240749,4.80820055956633],[-75.7337470570846,4.80788060759152],[-75.7337170530457,4.8077204459257],[-75.7336875773225,4.80754316966218],[-75.7336258471093,4.8074090428943],[-75.7335118240496,4.80726000992978],[-75.7333952299055,4.80713026359701],[-75.7333346620741,4.80702937774242],[-75.7332513802934,4.80685337404932],[-75.7331706690975,4.80675446541292],[-75.733073303506,4.80666838053567],[-75.7329618515536,4.80659902187375],[-75.7328780786888,4.80659863419407],[-75.7327499365641,4.80663205210831],[-75.7327259563168,4.80664570579564],[-75.7326493642163,4.80641697974537],[-75.7326043259358,4.80637557991941],[-75.7325483355368,4.80630457768722],[-75.732513157283,4.80623938622574],[-75.7324922394932,4.80618267314025],[-75.7324761817,4.80610679637517],[-75.7324691386263,4.80601767215125],[-75.7324838922725,4.80592309064873],[-75.7325436492609,4.80595986271189],[-75.7331411198008,4.80614536451043],[-75.7336106922132,4.80615631024559],[-75.7341185071477,4.80615752380737],[-75.7344621205865,4.80609965864395],[-75.7363994533308,4.80531929640969],[-75.7366376707218,4.80516605494125],[-75.7368315175135,4.8049371665725],[-75.7369246190393,4.80476771363144],[-75.7371348011157,4.80428091983063],[-75.7381575560302,4.80092692386778],[-75.738314115002,4.80098543640721],[-75.738447433119,4.80102429151641],[-75.7388778825836,4.80114977453358],[-75.7389732059173,4.80119357525966],[-75.7391075460808,4.80126111360036],[-75.7391809314865,4.80131771978342],[-75.7393484816015,4.80159323105734],[-75.7394807102155,4.80173343183592],[-75.7397781271455,4.80201459141074],[-75.739821652017,4.80208128347287],[-75.7398291880438,4.80212657001996],[-75.7398305980966,4.80221184293375],[-75.7397769338612,4.80221857329995],[-75.739408502843,4.80256530843945],[-75.738986266647,4.80301162485502],[-75.739368269602,4.80342381986924],[-75.7395625029086,4.80324005819361],[-75.7400771924565,4.80376928090864],[-75.7406355966391,4.80323532157591],[-75.7407640167551,4.80307226001446],[-75.7410406779394,4.80258007778563],[-75.741149311792,4.80261921501228],[-75.7412735806979,4.80264824922823],[-75.7414551051846,4.80265068236463],[-75.7416529688683,4.80262526257056],[-75.7417000136059,4.8026047023187],[-75.7418549865099,4.80255849453626],[-75.7420045703003,4.80243994125707],[-75.7421722873575,4.80226211424628],[-75.7422377832505,4.80220603511256],[-75.7424730757473,4.80208627889836],[-75.7426157228434,4.80198432941747],[-75.7426603362185,4.80191779456396],[-75.7426760384297,4.80179804336977],[-75.7427117094247,4.80176699263127],[-75.7427438235219,4.80174510845058],[-75.7427810082147,4.80174482500423],[-75.7428932004267,4.80183433421923],[-75.743154455289,4.80215903212988],[-75.7432036495481,4.80219216460922],[-75.7432311864359,4.80220456344615],[-75.7430189246802,4.80237384343441],[-75.7433941349889,4.80287890505364],[-75.7436841828883,4.80267567585035],[-75.7438099702085,4.80288392855928],[-75.7438502537646,4.80285421937163],[-75.7442344136458,4.80214072467818],[-75.7446873300751,4.80224133516059],[-75.7449578402465,4.80229329039144],[-75.7453770230979,4.80241596061261],[-75.7455188638204,4.80244709600434],[-75.7456618664339,4.8024888102756],[-75.7458462451354,4.80255175315456],[-75.7461316529842,4.80266957006233],[-75.746102215821,4.80272474816688],[-75.746054617626,4.80307661709896],[-75.7460313790094,4.8031796421954],[-75.7459973654347,4.80326965033974],[-75.7459552174805,4.80333920533967],[-75.7458967297472,4.8033923883874],[-75.7458186269123,4.80343771207202],[-75.7457185165133,4.80347968027795],[-75.7456260113707,4.80349059789683],[-75.7455447740138,4.80348487743289],[-75.7454491689586,4.80347150945023],[-75.7454056453975,4.80349060413437],[-75.7453058882614,4.80356042533863],[-75.7452078909044,4.80363828346564],[-75.7450771820574,4.80376437813009],[-75.7449218953642,4.80392097663034],[-75.7448631954195,4.80395900432992],[-75.7447967485946,4.80399053384592],[-75.7446875522654,4.80401148362379],[-75.7446290278071,4.8040292181403],[-75.7445454676077,4.80407936408723],[-75.7444630697888,4.80413424234976],[-75.7444032441855,4.80420242100401],[-75.744355637392,4.8042965267479],[-75.7442478531551,4.80443207005801],[-75.74418524457,4.80447843453198],[-75.7441673212608,4.80450572296917],[-75.7441569690416,4.80453025616366],[-75.7441498920534,4.80456164223002],[-75.7441431116195,4.80515825701928],[-75.7441282882116,4.805224632335],[-75.7440705071899,4.80542269889354],[-75.7439897664669,4.80556938603597],[-75.7439630056475,4.8056180463856],[-75.7438508907265,4.80581198080697],[-75.7437155697109,4.80599874486327],[-75.7436623637885,4.80605879796679],[-75.7436035222537,4.80608237919415],[-75.7434623157815,4.80609418110144],[-75.7433257940953,4.80612949053797],[-75.7432264927296,4.8061685622876],[-75.7431724410641,4.80620007333788],[-75.7430995504574,4.80628197518918],[-75.7430580709729,4.80636389332799],[-75.7430452195991,4.80643890533357],[-75.7430418063651,4.80653447611334],[-75.7427882697114,4.80656713971623],[-75.7426117441159,4.80655912481424],[-75.7426522376245,4.80648790978955],[-75.7426479392184,4.80637888051869],[-75.7426221610378,4.80631943043564],[-75.7421556037408,4.80572162583605],[-75.7419810484211,4.80565161593549],[-75.7417719187362,4.80580930939437],[-75.7406689343633,4.80625463482954],[-75.7405256874266,4.80635806776057],[-75.7404793100665,4.80630518773465],[-75.7403385224608,4.806077682957],[-75.7403034148551,4.80610016769628],[-75.7400044794817,4.80572246558293],[-75.7397304404297,4.80533467775959],[-75.739222192049,4.8046771384628],[-75.7391706738788,4.8046258837599],[-75.7388757305189,4.80490996905653],[-75.7387556189116,4.80500601838266],[-75.7369276773505,4.80677103987244],[-75.7367751349335,4.80695458851154],[-75.7362932824569,4.80769316212192],[-75.7361755299231,4.80786035404491],[-75.7359899585259,4.80813445757871],[-75.7358699525904,4.80831924248797],[-75.7356748307435,4.80810892291961],[-75.7356254256797,4.80805189156063],[-75.7355938729266,4.80799853420209],[-75.735489111356,4.80788023418217],[-75.7354375931466,4.80783277626168],[-75.7353519176882,4.80777247759875],[-75.7351361272288,4.8076810959776],[-75.7349280842691,4.80761705476117],[-75.73478648977,4.80758586505496],[-75.7346875417187,4.80779544704603]]]},"properties":{"FID":278,"ID_BAR":158,"CODSUELO":"6600101","CODCOM":"09","COMUNA":"Cuba","CODBAR":"010904","NOMBRE":"Cuba","NOM_POPULA":"Cuba","ACT_GEOGRA":1180656000000,"NORMA":"32","CREACION":993340800000,"ORIGEN_NOR":"Concejo Municipal","OBSERVACIO":"Ajustado a delimitacion de la Norma de creacion","COD_SISBEN":"09078","Shape_Area":423264.27311002556,"Shape__Area":428853.27880859375,"Shape__Length":4991.9720176558612,"GlobalID":"24f0e222-3814-4d4e-bb52-5a98fccdd66e","CreationDate":1545839815055,"Creator":"sigper_arcgis","EditDate":1545839815055,"Editor":"sigper_arcgis"}},{"type":"Feature","id":279,"geometry":{"type":"Polygon","coordinates":[[[-75.701039015757,4.80841006213967],[-75.7007352248021,4.80848313708923],[-75.7006139828046,4.80851305284771],[-75.7004759446998,4.80851304775876],[-75.7002052578874,4.80849950758706],[-75.700215543612,4.80840967792854],[-75.7004850512028,4.80795454898138],[-75.7007358256066,4.8074887865421],[-75.7007788959776,4.80737080327637],[-75.7009490816157,4.8074148595737],[-75.7009941543968,4.80743381356363],[-75.7010411999337,4.8074487223114],[-75.7010925406133,4.80746857673195],[-75.7013120607352,4.80750564036137],[-75.7012588380929,4.80791602162062],[-75.7010761329087,4.80834095134708],[-75.701039015757,4.80841006213967]]]},"properties":{"FID":279,"ID_BAR":159,"CODSUELO":"6600101","CODCOM":"16","COMUNA":"San Nicolas","CODBAR":"011608","NOMBRE":"Villa Nohemy","NOM_POPULA":"Villa Nohemy","ACT_GEOGRA":1180656000000,"NORMA":"Sin","CREACION":null,"ORIGEN_NOR":"Sin","OBSERVACIO":"Ajustado SPM, Visita de campo","COD_SISBEN":"16184","Shape_Area":9358.88037162302,"Shape__Area":9482.2470703125,"Shape__Length":404.4956355431039,"GlobalID":"970b8dea-0a1b-43bc-8c7b-5d86f00d7e01","CreationDate":1545839815055,"Creator":"sigper_arcgis","EditDate":1545839815055,"Editor":"sigper_arcgis"}},{"type":"Feature","id":280,"geometry":{"type":"Polygon","coordinates":[[[-75.7218764288054,4.80819067005406],[-75.7219049571831,4.8074151366883],[-75.7227178288894,4.80744437316703],[-75.7231619079386,4.80744771410622],[-75.7231511650902,4.80783935737399],[-75.7231242967977,4.80793807105936],[-75.7230509811488,4.8080821781166],[-75.7229299514679,4.8082203491903],[-75.722871531497,4.80825385392585],[-75.7228465996917,4.80831524843553],[-75.7227762072638,4.80836597329308],[-75.7227284575666,4.80842279310416],[-75.7227077513776,4.80843593394815],[-75.7226829261783,4.80844656598423],[-75.7226497543355,4.8084537903101],[-75.7226199637464,4.80845423100406],[-75.722603273036,4.80845204073399],[-75.7224502347057,4.80838275064497],[-75.7224305854822,4.8083900452523],[-75.722391780168,4.80835622151235],[-75.7223154012279,4.8083352211762],[-75.7221770125975,4.80826985213717],[-75.7220782033753,4.80823970151831],[-75.7219410809918,4.80818710201929],[-75.7218764288054,4.80819067005406]]]},"properties":{"FID":280,"ID_BAR":160,"CODSUELO":"6600101","CODCOM":"08","COMUNA":"El Jardin","CODBAR":"010804","NOMBRE":"Bosques de Santa Elena I","NOM_POPULA":"Bosques de Santa Elena I","ACT_GEOGRA":1180656000000,"NORMA":"Sin","CREACION":null,"ORIGEN_NOR":"Sin","OBSERVACIO":"Ajustado SPM","COD_SISBEN":" ","Shape_Area":13106.93096738856,"Shape__Area":13279.93994140625,"Shape__Length":455.69501760484542,"GlobalID":"a440669c-b4bd-4356-b84b-e4531e58a486","CreationDate":1545839815055,"Creator":"sigper_arcgis","EditDate":1545839815055,"Editor":"sigper_arcgis"}},{"type":"Feature","id":281,"geometry":{"type":"Polygon","coordinates":[[[-75.6880683040743,4.80839097516752],[-75.687281772934,4.80836892202185],[-75.6871969438221,4.80835190842168],[-75.6870902845101,4.80830085830168],[-75.6869448566204,4.80823279724801],[-75.6868042898452,4.80812342417588],[-75.6864109376572,4.80778571571826],[-75.6859959669354,4.80740937852341],[-75.685606063668,4.8071244620069],[-75.6854516252857,4.8069852912858],[-75.6853127503947,4.80686802380064],[-75.6854447095665,4.80662785920651],[-75.6854128431529,4.8060213527008],[-75.6853762212166,4.80542584860875],[-75.6853366197021,4.80520965949226],[-75.6860514856832,4.80526159436508],[-75.6861225458728,4.80528037350478],[-75.6861438145436,4.80528196463449],[-75.6861632881491,4.80527327586452],[-75.686185718578,4.8052836982296],[-75.6862264255637,4.80527933794992],[-75.686273611058,4.80528663493956],[-75.6863058317996,4.80528388189747],[-75.6863342498599,4.80526849977452],[-75.6865146840454,4.80526640898743],[-75.6865319383911,4.80527663635617],[-75.6865727514129,4.8052653169618],[-75.6866445159408,4.80527097352106],[-75.686703746324,4.80525898383118],[-75.6867787507086,4.80525706298373],[-75.6868369228789,4.80526695705964],[-75.6869265390281,4.80530474257343],[-75.6870197122688,4.80533272467648],[-75.6871815876129,4.80535800911023],[-75.687301347012,4.80538562231294],[-75.6874173365304,4.80545557130899],[-75.6875221620674,4.80554150448776],[-75.687733290309,4.80576317839161],[-75.6880329484597,4.80592017769637],[-75.6882217679336,4.8058392241375],[-75.688284131652,4.80582599945356],[-75.6883478329176,4.80582782165083],[-75.6884093148705,4.80584460482968],[-75.6884651620613,4.80587541086813],[-75.6886995394836,4.80594776885422],[-75.6891889239378,4.80620245095161],[-75.6892497012519,4.80622500856061],[-75.6892289226798,4.80626308698544],[-75.6890418238986,4.80642486389078],[-75.6889656885699,4.80649119926691],[-75.6889551560838,4.8065620420542],[-75.6889311011132,4.80664042592854],[-75.6888800026323,4.80670824610977],[-75.6888198894784,4.80676402053849],[-75.6886424791445,4.80684087683739],[-75.6883200922721,4.80696052056871],[-75.6879393544246,4.80710545322074],[-75.6880235013709,4.80734209772495],[-75.6881319407826,4.80766565933776],[-75.6880683040743,4.80839097516752]]]},"properties":{"FID":281,"ID_BAR":161,"CODSUELO":"6600101","CODCOM":"06","COMUNA":"Universidad","CODBAR":"010615","NOMBRE":"Los Alpes","NOM_POPULA":"Los Alpes","ACT_GEOGRA":1168041600000,"NORMA":"Sin","CREACION":null,"ORIGEN_NOR":"Sin","OBSERVACIO":"Ajustado SPM","COD_SISBEN":"06229","Shape_Area":93798.36757632278,"Shape__Area":95033.32763671875,"Shape__Length":1359.5799415442439,"GlobalID":"f191216d-e27e-4a54-8a2c-0a64621d79a6","CreationDate":1545839815055,"Creator":"sigper_arcgis","EditDate":1545839815055,"Editor":"sigper_arcgis"}},{"type":"Feature","id":282,"geometry":{"type":"Polygon","coordinates":[[[-75.7590759641764,4.80828732589935],[-75.7586942406122,4.80813673780756],[-75.7585696880603,4.80808658310713],[-75.7585528904082,4.80807983698023],[-75.7585531007712,4.80806090259033],[-75.7587984178785,4.8077105249644],[-75.7590306683702,4.80731344757403],[-75.7591371099137,4.80712774186495],[-75.7595589459569,4.80738944121441],[-75.7590759641764,4.80828732589935]]]},"properties":{"FID":282,"ID_BAR":162,"CODSUELO":"6600101","CODCOM":"11","COMUNA":"Olimpica","CODBAR":"011138","NOMBRE":"Villa Ilusion","NOM_POPULA":"Villa Ilusion","ACT_GEOGRA":1180656000000,"NORMA":"Sin","CREACION":null,"ORIGEN_NOR":"Sin","OBSERVACIO":"Ajustado SPM","COD_SISBEN":" ","Shape_Area":6814.96063168426,"Shape__Area":6905.1181640625,"Shape__Length":356.8698602728366,"GlobalID":"6e6faee7-0ceb-40c3-9db4-2c8b3f8f7b76","CreationDate":1545839815055,"Creator":"sigper_arcgis","EditDate":1545839815055,"Editor":"sigper_arcgis"}},{"type":"Feature","id":283,"geometry":{"type":"Polygon","coordinates":[[[-75.7134789932643,4.80810265330221],[-75.7131144276942,4.80801558821778],[-75.7127157754123,4.80792324192492],[-75.7122442320077,4.80781704667238],[-75.7119156897889,4.80774147951211],[-75.7118193469208,4.80769202378046],[-75.7117812118797,4.80760212176814],[-75.7117097677861,4.80743001908158],[-75.7117836116301,4.80738819563549],[-75.7128897896201,4.80678116639414],[-75.7129796516116,4.80693719752099],[-75.7134370357621,4.80721238431745],[-75.7141316211899,4.80735749328827],[-75.7141690536804,4.80734719690454],[-75.714218317413,4.80733048915018],[-75.7142720542569,4.80731992794721],[-75.7143750886424,4.80733413060217],[-75.7144186824991,4.80735703969098],[-75.7144853062201,4.80739204766346],[-75.7145712268227,4.80745828220724],[-75.714668414447,4.80752268055002],[-75.7147172906424,4.80755133007147],[-75.7146987326379,4.80757729348321],[-75.7145624184932,4.80771664619164],[-75.7145036803083,4.80779091496964],[-75.7142884519036,4.807978043444],[-75.7140642061392,4.80822801337732],[-75.7138384171965,4.80817993241732],[-75.7134920573706,4.80810576136909],[-75.7134789932643,4.80810265330221]]]},"properties":{"FID":283,"ID_BAR":163,"CODSUELO":"6600101","CODCOM":"08","COMUNA":"El Jardin","CODBAR":"010811","NOMBRE":"Jardin III","NOM_POPULA":"Jardin III","ACT_GEOGRA":1168041600000,"NORMA":"Sin","CREACION":null,"ORIGEN_NOR":"Sin","OBSERVACIO":"Ajustado SPM","COD_SISBEN":"08263","Shape_Area":27707.060103911092,"Shape__Area":28072.548828125,"Shape__Length":775.83696814747543,"GlobalID":"fa7254c2-8936-4f05-8392-7079f8e704e6","CreationDate":1545839815055,"Creator":"sigper_arcgis","EditDate":1545839815055,"Editor":"sigper_arcgis"}},{"type":"Feature","id":284,"geometry":{"type":"Polygon","coordinates":[[[-75.6797433478486,4.80817652563088],[-75.6797531291239,4.80726914407579],[-75.6797758077173,4.80725282568884],[-75.6799413162424,4.80718354786238],[-75.6799764615655,4.80716126035486],[-75.6800019930093,4.8071283044561],[-75.6800124546713,4.80708116401991],[-75.6800129865224,4.80703289305937],[-75.6800578234237,4.80688010030753],[-75.6800800936562,4.80666481569911],[-75.6800093363539,4.80633740496754],[-75.6797056206413,4.80631412329856],[-75.6797140618289,4.80595699201625],[-75.6798328729311,4.80594640347232],[-75.6798748823907,4.80594810151751],[-75.6799079474588,4.80595820686034],[-75.6799583714822,4.80598463314918],[-75.6799995710779,4.80599193004684],[-75.6800443623247,4.80599417620952],[-75.6800779912185,4.80599250126826],[-75.6801575752197,4.80596721393298],[-75.6803174140336,4.80590939834907],[-75.6803682640802,4.80587888188351],[-75.6804145704382,4.80587616433601],[-75.680453163878,4.80588208443678],[-75.6804913340817,4.80590510085224],[-75.6805306642976,4.80595104335929],[-75.6805531670236,4.80592635226271],[-75.6806307857782,4.80580844475534],[-75.6806894898113,4.80576063652846],[-75.6807094217773,4.80575390883438],[-75.6807560455105,4.80573872250083],[-75.680896230902,4.80572385986435],[-75.6811153001948,4.80564688497214],[-75.6813740537089,4.80556857012772],[-75.6816926045069,4.80597466428597],[-75.6817182721044,4.80602353768959],[-75.6817279177898,4.80605711448113],[-75.6817479777943,4.80623723568984],[-75.6818405649581,4.80661284846169],[-75.6814194834554,4.80710992537414],[-75.6810271324189,4.80765569893526],[-75.6808402317783,4.8079710641216],[-75.6807034536146,4.80809903610332],[-75.6804846288357,4.80820064979419],[-75.6797433478486,4.80817652563088]]]},"properties":{"FID":284,"ID_BAR":164,"CODSUELO":"6600101","CODCOM":"06","COMUNA":"Universidad","CODBAR":"010609","NOMBRE":"La Ensenanza","NOM_POPULA":"La Ensenanza","ACT_GEOGRA":1168041600000,"NORMA":"61","CREACION":652579200000,"ORIGEN_NOR":"Concejo Municipal","OBSERVACIO":"Ajustado a delimitacion de la Norma de creacion","COD_SISBEN":" ","Shape_Area":45219.133931512653,"Shape__Area":45814.2744140625,"Shape__Length":952.72611291610519,"GlobalID":"220057f4-266a-45fd-b606-fa23289284e5","CreationDate":1545839815055,"Creator":"sigper_arcgis","EditDate":1545839815055,"Editor":"sigper_arcgis"}},{"type":"Feature","id":285,"geometry":{"type":"Polygon","coordinates":[[[-75.7479682158659,4.80753485577652],[-75.7487184630689,4.80708234158451],[-75.7488268764169,4.80682111293426],[-75.7489695521536,4.80650138574046],[-75.7491199726936,4.80614636894972],[-75.749659884776,4.80668031743354],[-75.7495141062427,4.80684279755618],[-75.7491651520129,4.80723787891687],[-75.7487448222634,4.80768776891906],[-75.748950582626,4.80791157802821],[-75.7490402394135,4.80800126426774],[-75.7489930886242,4.80802894247427],[-75.74889431549,4.80805157116106],[-75.7486903233325,4.80806397668294],[-75.7484460106139,4.80805718433694],[-75.7483261079476,4.80805718819335],[-75.7482492023163,4.80806625146817],[-75.748142892761,4.80810255105567],[-75.7481202478201,4.80801183828339],[-75.7480749917071,4.80780091681248],[-75.7480045587986,4.80762774061736],[-75.7479682158659,4.80753485577652]]]},"properties":{"FID":285,"ID_BAR":165,"CODSUELO":"6600101","CODCOM":"11","COMUNA":"Olimpica","CODBAR":"011124","NOMBRE":"Multifamiliar La Villa","NOM_POPULA":"Multifamiliar La Villa","ACT_GEOGRA":1180656000000,"NORMA":"Sin","CREACION":null,"ORIGEN_NOR":"Sin","OBSERVACIO":"Ajustado SPM","COD_SISBEN":" ","Shape_Area":15337.5378737203,"Shape__Area":15540.296875,"Shape__Length":664.241515145799,"GlobalID":"8185cd23-9dfc-438c-b30f-49cf0263295b","CreationDate":1545839815055,"Creator":"sigper_arcgis","EditDate":1545839815055,"Editor":"sigper_arcgis"}},{"type":"Feature","id":286,"geometry":{"type":"Polygon","coordinates":[[[-75.6724737740513,4.80766157139508],[-75.6727735113953,4.80722335773472],[-75.6728142234034,4.80716594135949],[-75.6728269744156,4.80711491583009],[-75.6728091610393,4.80705876650164],[-75.6727709580735,4.80700263209626],[-75.6727235653225,4.80694268269909],[-75.6728622970311,4.80662775754724],[-75.675167756992,4.80767896616174],[-75.675119605285,4.80787185179501],[-75.6751152708038,4.80791356959657],[-75.67498686963,4.80808066328473],[-75.6746640004598,4.80800954786551],[-75.6743322935735,4.80793127855068],[-75.6741457010601,4.80787688166932],[-75.6739043860817,4.80781631677721],[-75.673477533335,4.80773517875182],[-75.6725491309521,4.80766742311809],[-75.6724737740513,4.80766157139508]]]},"properties":{"FID":286,"ID_BAR":166,"CODSUELO":"6600101","CODCOM":"05","COMUNA":"Oriente","CODBAR":"010510","NOMBRE":"El Pizamo","NOM_POPULA":"El Pizamo","ACT_GEOGRA":1168041600000,"NORMA":"Sin","CREACION":null,"ORIGEN_NOR":"Sin","OBSERVACIO":"Ajustado SPM","COD_SISBEN":"05283","Shape_Area":21715.166720835608,"Shape__Area":22000.89306640625,"Shape__Length":751.22208448564811,"GlobalID":"2173d72c-99c2-478e-9b92-057e932e0930","CreationDate":1545839815055,"Creator":"sigper_arcgis","EditDate":1545839815055,"Editor":"sigper_arcgis"}},{"type":"Feature","id":287,"geometry":{"type":"Polygon","coordinates":[[[-75.7538989149507,4.80881663185157],[-75.7540101043505,4.80866044755839],[-75.754334437232,4.80814360745376],[-75.7546206142949,4.80770333524968],[-75.7547541528314,4.807377923548],[-75.7549544935996,4.80726305865635],[-75.7551357336242,4.80692807202529],[-75.7551357165497,4.80673666037702],[-75.7553551697923,4.80697590520379],[-75.7558027565885,4.80724524847627],[-75.7560707475959,4.80740651656143],[-75.7561095322188,4.80773696560866],[-75.7560135382348,4.80777977447624],[-75.7551741161504,4.80939727876304],[-75.75430504161,4.80900109488729],[-75.7539147131695,4.80882315585709],[-75.7538989149507,4.80881663185157]]]},"properties":{"FID":287,"ID_BAR":167,"CODSUELO":"6600101","CODCOM":"11","COMUNA":"Olimpica","CODBAR":"011139","NOMBRE":"Obelisco de la VIlla","NOM_POPULA":"Obelisco de la VIlla","ACT_GEOGRA":1180656000000,"NORMA":"Sin","CREACION":null,"ORIGEN_NOR":"Sin","OBSERVACIO":"Ajustado SPM","COD_SISBEN":" ","Shape_Area":35582.125692215959,"Shape__Area":36052.783203125,"Shape__Length":814.63156877380015,"GlobalID":"07096a88-8ec4-4223-90d4-a1c7f510f79d","CreationDate":1545839815055,"Creator":"sigper_arcgis","EditDate":1545839815055,"Editor":"sigper_arcgis"}},{"type":"Feature","id":288,"geometry":{"type":"Polygon","coordinates":[[[-75.7431570461702,4.80844797682915],[-75.7429863742884,4.80822257863572],[-75.7421873602269,4.80830637827684],[-75.7421635198172,4.80846190195587],[-75.741531467332,4.80858157868716],[-75.7410783105035,4.80885676447588],[-75.7408471410968,4.80894452760735],[-75.7403507864058,4.80800742505026],[-75.7409470558444,4.80780400927022],[-75.7415552721768,4.80791163612823],[-75.7424496607194,4.80739715415736],[-75.7427478251166,4.80772014009294],[-75.7429386357109,4.80772012640338],[-75.7431652541994,4.80815078635958],[-75.7431570461702,4.80844797682915]]]},"properties":{"FID":288,"ID_BAR":168,"CODSUELO":"6600101","CODCOM":"11","COMUNA":"Olimpica","CODBAR":"011115","NOMBRE":"Bosques de Cantabria","NOM_POPULA":"Bosques de Cantabria","ACT_GEOGRA":1180656000000,"NORMA":"Sin","CREACION":null,"ORIGEN_NOR":"Sin","OBSERVACIO":"Ajustado SPM","COD_SISBEN":"11274","Shape_Area":24936.240530560692,"Shape__Area":25265.810546875,"Shape__Length":826.84789915692613,"GlobalID":"c3dc7890-dd4e-44a2-b165-8d12647dc916","CreationDate":1545839815055,"Creator":"sigper_arcgis","EditDate":1545839815055,"Editor":"sigper_arcgis"}},{"type":"Feature","id":289,"geometry":{"type":"Polygon","coordinates":[[[-75.7152738031871,4.80777531523869],[-75.7157951946608,4.80664756874827],[-75.7160423924164,4.80676022298205],[-75.7162544113895,4.80687109279501],[-75.7163846303903,4.80694094866541],[-75.715923175313,4.8079326617129],[-75.7158405292332,4.80794823789938],[-75.7158027455188,4.80793025763027],[-75.7157550306417,4.80791534936868],[-75.7157199935131,4.80790932615528],[-75.7156548123998,4.80792336688825],[-75.7154632164583,4.80782526670826],[-75.7153229608325,4.80779931846406],[-75.7152738031871,4.80777531523869]]]},"properties":{"FID":289,"ID_BAR":169,"CODSUELO":"6600101","CODCOM":"08","COMUNA":"El Jardin","CODBAR":"010826","NOMBRE":"Villas Del Jardin II","NOM_POPULA":"Villas Del Jardin II","ACT_GEOGRA":1180656000000,"NORMA":"Sin","CREACION":null,"ORIGEN_NOR":"Sin","OBSERVACIO":"Ajustado SPM","COD_SISBEN":" ","Shape_Area":9634.05641632924,"Shape__Area":9761.1552734375,"Shape__Length":411.12868345691788,"GlobalID":"7f03747a-e2a0-4164-91bc-1979a0c8e15a","CreationDate":1545839815055,"Creator":"sigper_arcgis","EditDate":1545839815055,"Editor":"sigper_arcgis"}},{"type":"Feature","id":290,"geometry":{"type":"Polygon","coordinates":[[[-75.6924191712334,4.80757575797891],[-75.6919932999722,4.80753205764817],[-75.6920216060797,4.80695079277652],[-75.692072454638,4.80694411944887],[-75.6920864149595,4.80662928943335],[-75.6926083837099,4.80668101385806],[-75.692666758241,4.80616686731291],[-75.6926420762213,4.80611414396876],[-75.692556696826,4.80582958280156],[-75.6924965942884,4.80569815468722],[-75.6930390556462,4.80575397667223],[-75.6930999607027,4.8053315512419],[-75.6935753065699,4.80537585360503],[-75.6939945216212,4.8054110220846],[-75.6952086424206,4.80554856210642],[-75.6951304733037,4.80620886323021],[-75.6951211036064,4.80626871999557],[-75.6951149744632,4.8063076474713],[-75.6950465904589,4.80705188087108],[-75.6949394337154,4.80784696125211],[-75.6924191712334,4.80757575797891]]]},"properties":{"FID":290,"ID_BAR":170,"CODSUELO":"6600101","CODCOM":"07","COMUNA":"Boston","CODBAR":"010723","NOMBRE":"Mejia Robledo","NOM_POPULA":"Mejia Robledo","ACT_GEOGRA":1168041600000,"NORMA":"Sin","CREACION":null,"ORIGEN_NOR":"Sin","OBSERVACIO":"Ajustado SPM","COD_SISBEN":"07068","Shape_Area":74461.512169661946,"Shape__Area":75442.28369140625,"Shape__Length":1210.713666647549,"GlobalID":"4b22c853-5d5b-46c2-9f49-fa9c21c6f047","CreationDate":1545839815055,"Creator":"sigper_arcgis","EditDate":1545839815055,"Editor":"sigper_arcgis"}},{"type":"Feature","id":291,"geometry":{"type":"Polygon","coordinates":[[[-75.7470335486836,4.80780513464243],[-75.7469393330532,4.80716457976301],[-75.7471841024179,4.80713270935471],[-75.7475447939464,4.80708575207346],[-75.7475831141099,4.8073538112924],[-75.7476444915406,4.80735637024745],[-75.7476720692733,4.8075314210122],[-75.7476893288379,4.80770138436227],[-75.7470335486836,4.80780513464243]]]},"properties":{"FID":291,"ID_BAR":171,"CODSUELO":"6600101","CODCOM":"11","COMUNA":"Olimpica","CODBAR":"011128","NOMBRE":"Pinar de Gamma","NOM_POPULA":"Pinar de Gamma","ACT_GEOGRA":1180656000000,"NORMA":"Sin","CREACION":null,"ORIGEN_NOR":"Sin","OBSERVACIO":"Ajustado SPM","COD_SISBEN":" ","Shape_Area":5041.6541641945,"Shape__Area":5108.298828125,"Shape__Length":290.17560725244755,"GlobalID":"cb0dc7dd-10e8-4921-ab59-ac25f19a9d80","CreationDate":1545839815055,"Creator":"sigper_arcgis","EditDate":1545839815055,"Editor":"sigper_arcgis"}},{"type":"Feature","id":292,"geometry":{"type":"Polygon","coordinates":[[[-75.7147300412412,4.80740293196447],[-75.7152026955606,4.80635729679676],[-75.7153102020628,4.80641803977326],[-75.715519192531,4.80651220043258],[-75.7157951946608,4.80664756874827],[-75.7152738031871,4.80777531523869],[-75.7152252091804,4.80775157621682],[-75.7149591008548,4.80765359906255],[-75.7147300412412,4.80740293196447]]]},"properties":{"FID":292,"ID_BAR":172,"CODSUELO":"6600101","CODCOM":"08","COMUNA":"El Jardin","CODBAR":"010825","NOMBRE":"Villas Del Jardin I","NOM_POPULA":"Villas Del Jardin I","ACT_GEOGRA":1180656000000,"NORMA":"Sin","CREACION":null,"ORIGEN_NOR":"Sin","OBSERVACIO":"Ajustado SPM","COD_SISBEN":" ","Shape_Area":9887.12885972585,"Shape__Area":10017.5517578125,"Shape__Length":415.83556860745313,"GlobalID":"97010700-5e39-4369-8cfa-1cb8e0e273f5","CreationDate":1545839815055,"Creator":"sigper_arcgis","EditDate":1545839815055,"Editor":"sigper_arcgis"}},{"type":"Feature","id":293,"geometry":{"type":"Polygon","coordinates":[[[-75.6984677451723,4.80676846331132],[-75.6983755919466,4.80760347942607],[-75.6977091155428,4.80731059261536],[-75.6970694376832,4.80701835988687],[-75.696792312926,4.80688256052636],[-75.6968550489742,4.80640066523989],[-75.6968572682066,4.80638252645399],[-75.6973141616648,4.8064443637431],[-75.6973460393484,4.80623598618807],[-75.6975156969549,4.80625904206202],[-75.6979936831725,4.80631955648883],[-75.6983754311233,4.80637273571153],[-75.6985005441828,4.8063957545568],[-75.6984961759931,4.8064477699347],[-75.6984859596071,4.80655639295926],[-75.6984716588607,4.80664041134531],[-75.6984509134844,4.80676660759817],[-75.6984677451723,4.80676846331132]]]},"properties":{"FID":293,"ID_BAR":173,"CODSUELO":"6600101","CODCOM":"07","COMUNA":"Boston","CODBAR":"010717","NOMBRE":"La Lorena IV","NOM_POPULA":"La Lorena IV","ACT_GEOGRA":1168041600000,"NORMA":"Sin","CREACION":null,"ORIGEN_NOR":"Sin","OBSERVACIO":"Ajustado SPM","COD_SISBEN":"07405","Shape_Area":18466.402317877932,"Shape__Area":18709.70849609375,"Shape__Length":592.32433066554063,"GlobalID":"fb1bdc54-d110-4918-affb-ad192ba745c8","CreationDate":1545839815055,"Creator":"sigper_arcgis","EditDate":1545839815055,"Editor":"sigper_arcgis"}},{"type":"Feature","id":294,"geometry":{"type":"Polygon","coordinates":[[[-75.7007788959776,4.80737080327637],[-75.7007952388913,4.80728485965775],[-75.7008015807446,4.80719236228691],[-75.7007946823221,4.8070849223008],[-75.7007773609763,4.80699701668929],[-75.7007558828976,4.80693802403483],[-75.7007196511519,4.80686108517822],[-75.7006810594505,4.80679746448803],[-75.7006744744951,4.80678706097682],[-75.7006211630835,4.80673885889355],[-75.701084038942,4.8069238180813],[-75.7012732743817,4.806989352219],[-75.7014934643547,4.80701006108644],[-75.7017618282653,4.80697557653775],[-75.7019705428448,4.80687651563143],[-75.7021285807136,4.80690686525168],[-75.7023151072347,4.80691580934701],[-75.7023806401627,4.80690060443032],[-75.7024864597704,4.80682471345341],[-75.7025693552754,4.8067515588598],[-75.7026542559286,4.806729660546],[-75.7027332040791,4.8067387951974],[-75.702802187425,4.80675430496989],[-75.7027687626081,4.80693544840897],[-75.7026740552145,4.80746111001544],[-75.7019898526609,4.80750700718253],[-75.7019779482088,4.80756380883446],[-75.7013120607352,4.80750564036137],[-75.7010925406133,4.80746857673195],[-75.7010411999337,4.8074487223114],[-75.7009941543968,4.80743381356363],[-75.7009490816157,4.8074148595737],[-75.7007788959776,4.80737080327637]]]},"properties":{"FID":294,"ID_BAR":174,"CODSUELO":"6600101","CODCOM":"16","COMUNA":"San Nicolas","CODBAR":"011605","NOMBRE":"San Martin de Loba","NOM_POPULA":"San Martin de Loba","ACT_GEOGRA":1180656000000,"NORMA":"15","CREACION":477878400000,"ORIGEN_NOR":"Concejo Municipal","OBSERVACIO":"Ajustado a delimitacion de la Norma de creacion","COD_SISBEN":"16170","Shape_Area":14118.497277301471,"Shape__Area":14304.58251953125,"Shape__Length":633.06956119513825,"GlobalID":"612459b3-bbf0-4b95-96fc-7470f5f45f1c","CreationDate":1545839815055,"Creator":"sigper_arcgis","EditDate":1545839815055,"Editor":"sigper_arcgis"}},{"type":"Feature","id":295,"geometry":{"type":"Polygon","coordinates":[[[-75.6694889203885,4.80518710562908],[-75.6696754396673,4.80527167005558],[-75.6698543223786,4.8052903190533],[-75.6701129895852,4.80543192147649],[-75.6700319762722,4.80612567152194],[-75.6701029654344,4.80613473822949],[-75.6700274235192,4.80667058814262],[-75.6699361147736,4.80666913209773],[-75.6699384314173,4.80676588669342],[-75.6696339067823,4.80672733970272],[-75.6696224219456,4.80679758117182],[-75.6696097344708,4.80733769310743],[-75.669589021033,4.80743179557927],[-75.6695655634637,4.80749823976484],[-75.6695310157132,4.807538382551],[-75.6694219684054,4.80743040441165],[-75.6694165925894,4.80728786952859],[-75.6694531113076,4.80683601806359],[-75.6694482782026,4.8065274574272],[-75.6694695427493,4.80573380410138],[-75.6694889203885,4.80518710562908]]]},"properties":{"FID":295,"ID_BAR":175,"CODSUELO":"6600101","CODCOM":"05","COMUNA":"Oriente","CODBAR":"010508","NOMBRE":"Cesar Nader Nader","NOM_POPULA":"Cesar Nader Nader","ACT_GEOGRA":1180656000000,"NORMA":"Sin","CREACION":null,"ORIGEN_NOR":"Sin","OBSERVACIO":"Ajustado SPM, Visita de campo","COD_SISBEN":"05041","Shape_Area":12359.03619656485,"Shape__Area":12521.55517578125,"Shape__Length":638.08401846047343,"GlobalID":"d0eabc49-664b-4409-9951-7007aa178940","CreationDate":1545839815055,"Creator":"sigper_arcgis","EditDate":1545839815055,"Editor":"sigper_arcgis"}},{"type":"Feature","id":296,"geometry":{"type":"Polygon","coordinates":[[[-75.7479682158659,4.80753485577652],[-75.7479140530309,4.80739642015736],[-75.7478346753841,4.80720519314776],[-75.7477894212504,4.80705324650177],[-75.747712716609,4.80673145979493],[-75.7476661905929,4.80644162283905],[-75.747629031601,4.80616588044119],[-75.7476383261615,4.80610439781828],[-75.7476754740256,4.8060112459348],[-75.7470658240075,4.80610695826268],[-75.7470326114049,4.80588061712655],[-75.7471077220675,4.80587406281516],[-75.7470357644444,4.80534087552752],[-75.7470799929449,4.8053338269775],[-75.7480224777942,4.80519861143889],[-75.7480723043177,4.8051908206511],[-75.7481945967794,4.80504370751768],[-75.7487418647152,4.80443404096378],[-75.7496264171093,4.80519986620122],[-75.7496091377724,4.80549793521657],[-75.7504797100349,4.80517134738116],[-75.7509761436406,4.80498511692612],[-75.7509726723961,4.80542494330892],[-75.7499730441679,4.80579929438933],[-75.7494917879896,4.8059996188811],[-75.7491199726936,4.80614636894972],[-75.7489695521536,4.80650138574046],[-75.7488268764169,4.80682111293426],[-75.7487184630689,4.80708234158451],[-75.7479682158659,4.80753485577652]]]},"properties":{"FID":296,"ID_BAR":176,"CODSUELO":"6600101","CODCOM":"11","COMUNA":"Olimpica","CODBAR":"011119","NOMBRE":"La Villa","NOM_POPULA":"La Villa","ACT_GEOGRA":1180656000000,"NORMA":"Sin","CREACION":null,"ORIGEN_NOR":"Sin","OBSERVACIO":"Ajustado SPM","COD_SISBEN":"11274","Shape_Area":58932.850421521347,"Shape__Area":59711.67529296875,"Shape__Length":1376.7822854710728,"GlobalID":"4a9c53fa-0aca-4f5d-8b1d-e0ea8220b0e1","CreationDate":1545839815055,"Creator":"sigper_arcgis","EditDate":1545839815055,"Editor":"sigper_arcgis"}},{"type":"Feature","id":297,"geometry":{"type":"Polygon","coordinates":[[[-75.7038434040734,4.80717650470129],[-75.7038150448547,4.80646656845454],[-75.7038457866726,4.80646529785181],[-75.7048378613747,4.80639256180081],[-75.7047025715043,4.80745259484447],[-75.7046436939485,4.80748399675743],[-75.7045868232683,4.80748169798951],[-75.7044860437174,4.80744843659644],[-75.7043570220468,4.80740890475585],[-75.7042453606087,4.80737735627171],[-75.7040905288917,4.80729077002036],[-75.7039842570807,4.8072136005531],[-75.7039044290151,4.8071784846323],[-75.7038706242506,4.80717511038511],[-75.7038434040734,4.80717650470129]]]},"properties":{"FID":297,"ID_BAR":177,"CODSUELO":"6600101","CODCOM":"08","COMUNA":"El Jardin","CODBAR":"010815","NOMBRE":"Los Arrayanes","NOM_POPULA":"Los Arrayanes","ACT_GEOGRA":1180656000000,"NORMA":"Sin","CREACION":null,"ORIGEN_NOR":"Sin","OBSERVACIO":"Ajustado SPM","COD_SISBEN":" ","Shape_Area":10720.9402885584,"Shape__Area":10862.259765625,"Shape__Length":417.37171947809543,"GlobalID":"6b1d31e7-c6d7-45da-bff3-fdab6f00ec91","CreationDate":1545839815055,"Creator":"sigper_arcgis","EditDate":1545839815055,"Editor":"sigper_arcgis"}},{"type":"Feature","id":298,"geometry":{"type":"Polygon","coordinates":[[[-75.7145712268227,4.80745828220724],[-75.7144853062201,4.80739204766346],[-75.7144186824991,4.80735703969098],[-75.7138778213515,4.80627998344209],[-75.7142387289214,4.80610011751267],[-75.7146966983129,4.80711039096034],[-75.7147300412412,4.80740293196447],[-75.7145712268227,4.80745828220724]]]},"properties":{"FID":298,"ID_BAR":178,"CODSUELO":"6600101","CODCOM":"08","COMUNA":"El Jardin","CODBAR":"010822","NOMBRE":"Portal de Los Cedros","NOM_POPULA":"Portal de Los Cedros","ACT_GEOGRA":1180656000000,"NORMA":"Sin","CREACION":null,"ORIGEN_NOR":"Sin","OBSERVACIO":"Ajustado SPM","COD_SISBEN":" ","Shape_Area":6090.92481122021,"Shape__Area":6171.26220703125,"Shape__Length":375.401785799908,"GlobalID":"860af78f-ff46-49c0-8ee6-bf30ae9b94a5","CreationDate":1545839815055,"Creator":"sigper_arcgis","EditDate":1545839815055,"Editor":"sigper_arcgis"}},{"type":"Feature","id":299,"geometry":{"type":"Polygon","coordinates":[[[-75.7141690536804,4.80734719690454],[-75.7141316211899,4.80735749328827],[-75.7134370357621,4.80721238431745],[-75.7129796516116,4.80693719752099],[-75.7128897896201,4.80678116639414],[-75.7130645918821,4.80668524670357],[-75.7134871234461,4.80647468465326],[-75.7138313947765,4.80711426046343],[-75.7141019739855,4.8072097481023],[-75.7141690536804,4.80734719690454]]]},"properties":{"FID":299,"ID_BAR":180,"CODSUELO":"6600101","CODCOM":"08","COMUNA":"El Jardin","CODBAR":"010803","NOMBRE":"Balcones Condominio","NOM_POPULA":"Balcones Condominio","ACT_GEOGRA":1180656000000,"NORMA":"Sin","CREACION":null,"ORIGEN_NOR":"Sin","OBSERVACIO":"Ajustado SPM","COD_SISBEN":" ","Shape_Area":5707.52423428412,"Shape__Area":5782.802734375,"Shape__Length":367.80841987491794,"GlobalID":"26c79f5c-9dfb-4565-bafd-cb2594fd9917","CreationDate":1545839815055,"Creator":"sigper_arcgis","EditDate":1545839815055,"Editor":"sigper_arcgis"}},{"type":"Feature","id":300,"geometry":{"type":"Polygon","coordinates":[[[-75.7141690536804,4.80734719690454],[-75.7141019739855,4.8072097481023],[-75.7138313947765,4.80711426046343],[-75.7134871234461,4.80647468465326],[-75.7138778213515,4.80627998344209],[-75.7144186824991,4.80735703969098],[-75.7143750886424,4.80733413060217],[-75.7142720542569,4.80731992794721],[-75.714218317413,4.80733048915018],[-75.7141690536804,4.80734719690454]]]},"properties":{"FID":300,"ID_BAR":181,"CODSUELO":"6600101","CODCOM":"08","COMUNA":"El Jardin","CODBAR":"010807","NOMBRE":"Cedritos","NOM_POPULA":"Cedritos","ACT_GEOGRA":1180656000000,"NORMA":"Sin","CREACION":null,"ORIGEN_NOR":"Sin","OBSERVACIO":"Ajustado SPM","COD_SISBEN":" ","Shape_Area":5107.41795917895,"Shape__Area":5174.78271484375,"Shape__Length":342.233171779888,"GlobalID":"ca6b1b58-2536-4a1b-9b26-bd7a5d39cdd5","CreationDate":1545839815055,"Creator":"sigper_arcgis","EditDate":1545839815055,"Editor":"sigper_arcgis"}},{"type":"Feature","id":301,"geometry":{"type":"Polygon","coordinates":[[[-75.7469393330532,4.80716457976301],[-75.7467180516617,4.80719630790314],[-75.7466742719653,4.80687962385712],[-75.7469985882928,4.80683212026316],[-75.7471390547341,4.80681078013875],[-75.7471841024179,4.80713270935471],[-75.7469393330532,4.80716457976301]]]},"properties":{"FID":301,"ID_BAR":182,"CODSUELO":"6600101","CODCOM":"11","COMUNA":"Olimpica","CODBAR":"011134","NOMBRE":"Santa Cruz de Gamma","NOM_POPULA":"Santa Cruz de Gamma","ACT_GEOGRA":1180656000000,"NORMA":"Sin","CREACION":null,"ORIGEN_NOR":"Sin","OBSERVACIO":"Ajustado SPM","COD_SISBEN":" ","Shape_Area":1854.17384191356,"Shape__Area":1878.68212890625,"Shape__Length":176.69693036564118,"GlobalID":"692653b6-2b7e-4b31-9b7d-5c1b119b5033","CreationDate":1545839815055,"Creator":"sigper_arcgis","EditDate":1545839815055,"Editor":"sigper_arcgis"}},{"type":"Feature","id":302,"geometry":{"type":"Polygon","coordinates":[[[-75.7453098914036,4.80706882550293],[-75.7452895987573,4.80671197744799],[-75.7457843838007,4.8066520006941],[-75.7458183741077,4.80698579935871],[-75.7453098914036,4.80706882550293]]]},"properties":{"FID":302,"ID_BAR":183,"CODSUELO":"6600101","CODCOM":"11","COMUNA":"Olimpica","CODBAR":"011112","NOMBRE":"Fegove","NOM_POPULA":"Fegove","ACT_GEOGRA":1180656000000,"NORMA":"Sin","CREACION":null,"ORIGEN_NOR":"Sin","OBSERVACIO":"Ajustado SPM","COD_SISBEN":" ","Shape_Area":2149.91745620864,"Shape__Area":2178.330078125,"Shape__Length":190.25338025886958,"GlobalID":"201f2508-0bfe-424d-977c-9ee3f2b086f7","CreationDate":1545839815055,"Creator":"sigper_arcgis","EditDate":1545839815055,"Editor":"sigper_arcgis"}},{"type":"Feature","id":303,"geometry":{"type":"Polygon","coordinates":[[[-75.6984677451723,4.80676846331132],[-75.6984509134844,4.80676660759817],[-75.6984716588607,4.80664041134531],[-75.6984859596071,4.80655639295926],[-75.6984961759931,4.8064477699347],[-75.6985005441828,4.8063957545568],[-75.6985016714239,4.80638194301862],[-75.6984975537169,4.80633806948306],[-75.6984934347936,4.80630286845597],[-75.6985008448241,4.80594681508382],[-75.6985020797446,4.8058870637737],[-75.6986684883004,4.80613842231344],[-75.6987439474417,4.80621983060793],[-75.6988433170977,4.8063076517502],[-75.6989540956649,4.80638579464567],[-75.6998292895073,4.80648897756887],[-75.7000934254794,4.80653215443005],[-75.7002136434816,4.80656319192761],[-75.7006211630835,4.80673885889355],[-75.7006744744951,4.80678706097682],[-75.7006810594505,4.80679746448803],[-75.7007196511519,4.80686108517822],[-75.7007558828976,4.80693802403483],[-75.7007773609763,4.80699701668929],[-75.7001819003285,4.80696567883205],[-75.6996779250108,4.80691456139852],[-75.6992493074557,4.80685465139763],[-75.6984677451723,4.80676846331132]]]},"properties":{"FID":303,"ID_BAR":184,"CODSUELO":"6600101","CODCOM":"07","COMUNA":"Boston","CODBAR":"010722","NOMBRE":"Los Profesionales","NOM_POPULA":"Los Profesionales","ACT_GEOGRA":1180656000000,"NORMA":"Sin","CREACION":null,"ORIGEN_NOR":"Sin","OBSERVACIO":"Ajustado SPM","COD_SISBEN":" ","Shape_Area":12220.07360087786,"Shape__Area":12381.095703125,"Shape__Length":660.35080586329627,"GlobalID":"64e76580-5480-4f0a-b1c4-99331c56b6c3","CreationDate":1545839815055,"Creator":"sigper_arcgis","EditDate":1545839815055,"Editor":"sigper_arcgis"}},{"type":"Feature","id":304,"geometry":{"type":"Polygon","coordinates":[[[-75.7458183741077,4.80698579935871],[-75.7457843838007,4.8066520006941],[-75.7452895987573,4.80671197744799],[-75.7452538225872,4.80671632385781],[-75.7451681123073,4.80672627004961],[-75.7451338082147,4.80648456230438],[-75.7452492373382,4.8064689632379],[-75.7455804132505,4.80615845097889],[-75.7460292318156,4.80569604064123],[-75.7464312218248,4.80543685234329],[-75.7465935199188,4.80541139619357],[-75.7470357644444,4.80534087552752],[-75.7471077220675,4.80587406281516],[-75.7470326114049,4.80588061712655],[-75.7470658240075,4.80610695826268],[-75.7470816031185,4.80621448585938],[-75.7468477513668,4.80624921730016],[-75.746880013854,4.80648910487414],[-75.7465572475705,4.80653533675212],[-75.7466038456653,4.80688994090945],[-75.7458183741077,4.80698579935871]]]},"properties":{"FID":304,"ID_BAR":185,"CODSUELO":"6600101","CODCOM":"11","COMUNA":"Olimpica","CODBAR":"011113","NOMBRE":"Gamma II","NOM_POPULA":"Gamma II","ACT_GEOGRA":1168041600000,"NORMA":"Sin","CREACION":null,"ORIGEN_NOR":"Sin","OBSERVACIO":"Ajustado SPM","COD_SISBEN":"10274","Shape_Area":22320.61013031386,"Shape__Area":22615.56689453125,"Shape__Length":714.64063657439419,"GlobalID":"6f00a20d-f113-4b5c-9b19-8a7dae6a6e01","CreationDate":1545839815055,"Creator":"sigper_arcgis","EditDate":1545839815055,"Editor":"sigper_arcgis"}},{"type":"Feature","id":305,"geometry":{"type":"Polygon","coordinates":[[[-75.7327259563168,4.80664570579564],[-75.7326167239977,4.80670784224863],[-75.7324450232657,4.80679135118124],[-75.7322354332864,4.80688415040305],[-75.7317562817651,4.80697278384949],[-75.7315223229878,4.80696766316955],[-75.7311488820267,4.80690139662882],[-75.730882702468,4.80684789922915],[-75.7308937941086,4.80671645667649],[-75.7311769813801,4.80675022495262],[-75.7311836370386,4.80671020189659],[-75.7313060746379,4.80668082863807],[-75.7314072072404,4.80664880687383],[-75.7317016276122,4.80657130214118],[-75.731992878743,4.80648671584587],[-75.731907484451,4.80632749086594],[-75.7316634872769,4.80600681611551],[-75.7317564860742,4.80596158257295],[-75.7319700558245,4.80592743935726],[-75.732192816595,4.80595419620813],[-75.7322251415133,4.80580712180548],[-75.7322984567591,4.80581704750871],[-75.7323918428738,4.80585277757328],[-75.7324838922725,4.80592309064873],[-75.7324691386263,4.80601767215125],[-75.7324761817,4.80610679637517],[-75.7324922394932,4.80618267314025],[-75.732513157283,4.80623938622574],[-75.7325483355368,4.80630457768722],[-75.7326043259358,4.80637557991941],[-75.7326493642163,4.80641697974537],[-75.7327259563168,4.80664570579564]]]},"properties":{"FID":305,"ID_BAR":186,"CODSUELO":"6600101","CODCOM":"09","COMUNA":"Cuba","CODBAR":"010903","NOMBRE":"Cortes","NOM_POPULA":"Cortes","ACT_GEOGRA":1180656000000,"NORMA":"Sin","CREACION":null,"ORIGEN_NOR":"Sin","OBSERVACIO":"Ajustado SPM, Visita de campo","COD_SISBEN":"09077","Shape_Area":11969.998948612139,"Shape__Area":12128.04736328125,"Shape__Length":621.08247764033649,"GlobalID":"d3b3761a-5bb3-43cb-97ed-b745049f4902","CreationDate":1545839815055,"Creator":"sigper_arcgis","EditDate":1545839815055,"Editor":"sigper_arcgis"}},{"type":"Feature","id":306,"geometry":{"type":"Polygon","coordinates":[[[-75.7466038456653,4.80688994090945],[-75.7465572475705,4.80653533675212],[-75.746880013854,4.80648910487414],[-75.7468477513668,4.80624921730016],[-75.7470816031185,4.80621448585938],[-75.7470658240075,4.80610695826268],[-75.7476754740256,4.8060112459348],[-75.7476383261615,4.80610439781828],[-75.747629031601,4.80616588044119],[-75.7476661905929,4.80644162283905],[-75.747712716609,4.80673145979493],[-75.7473912175018,4.80677246361119],[-75.7471390547341,4.80681078013875],[-75.7469985882928,4.80683212026316],[-75.7466742719653,4.80687962385712],[-75.7466038456653,4.80688994090945]]]},"properties":{"FID":306,"ID_BAR":187,"CODSUELO":"6600101","CODCOM":"11","COMUNA":"Olimpica","CODBAR":"011103","NOMBRE":"Alhambra","NOM_POPULA":"Alhambra","ACT_GEOGRA":1180656000000,"NORMA":"Sin","CREACION":null,"ORIGEN_NOR":"Sin","OBSERVACIO":"Ajustado SPM","COD_SISBEN":" ","Shape_Area":8021.34380197356,"Shape__Area":8127.3544921875,"Shape__Length":417.17425132591814,"GlobalID":"12a4239e-7a66-40d7-881c-4c5309cad2ce","CreationDate":1545839815055,"Creator":"sigper_arcgis","EditDate":1545839815055,"Editor":"sigper_arcgis"}},{"type":"Feature","id":307,"geometry":{"type":"Polygon","coordinates":[[[-75.696792312926,4.80688256052636],[-75.6964145853692,4.80667409348469],[-75.6961117561672,4.80651086283342],[-75.6957188877878,4.80629667206329],[-75.6958172700113,4.80560523299143],[-75.6969387810022,4.80572045860423],[-75.696932757188,4.80576934801498],[-75.6968572682066,4.80638252645399],[-75.6968550489742,4.80640066523989],[-75.696792312926,4.80688256052636]]]},"properties":{"FID":307,"ID_BAR":188,"CODSUELO":"6600101","CODCOM":"07","COMUNA":"Boston","CODBAR":"010716","NOMBRE":"La Lorena III","NOM_POPULA":"La Lorena III","ACT_GEOGRA":1168041600000,"NORMA":"Sin","CREACION":null,"ORIGEN_NOR":"Sin","OBSERVACIO":"Ajustado SPM","COD_SISBEN":"07405","Shape_Area":13014.2876265312,"Shape__Area":13185.72265625,"Shape__Length":470.60947959066453,"GlobalID":"a6a2b67b-9bf0-46c9-a822-9006c983fe39","CreationDate":1545839815055,"Creator":"sigper_arcgis","EditDate":1545839815055,"Editor":"sigper_arcgis"}},{"type":"Feature","id":308,"geometry":{"type":"Polygon","coordinates":[[[-75.6818405649581,4.80661284846169],[-75.6817479777943,4.80623723568984],[-75.6817279177898,4.80605711448113],[-75.6817182721044,4.80602353768959],[-75.6816926045069,4.80597466428597],[-75.6813740537089,4.80556857012772],[-75.6814552251987,4.80551157939735],[-75.6815228753826,4.80543895633983],[-75.6815740455362,4.80535384547716],[-75.6815929228871,4.80531975845643],[-75.6817332607175,4.80514047737655],[-75.6817660138654,4.8050576259407],[-75.6818094732596,4.80496988296547],[-75.6818258843262,4.80495114418441],[-75.6818472948706,4.80493789863719],[-75.6818777901668,4.8049309592819],[-75.6819210321168,4.80493237493504],[-75.6820094883618,4.80494336651531],[-75.6820921697663,4.80493706735632],[-75.6822937280227,4.80498750582942],[-75.6828123834881,4.80505651113273],[-75.6831618748519,4.80509916989634],[-75.6844166634296,4.80525868662379],[-75.6845827297421,4.80527031834722],[-75.6846817861326,4.80525375802866],[-75.6850807288849,4.80510755613091],[-75.6851247825855,4.80508825353471],[-75.685328388227,4.80506618858501],[-75.6853366197021,4.80520965949226],[-75.6853762212166,4.80542584860875],[-75.6854128431529,4.8060213527008],[-75.6854447095665,4.80662785920651],[-75.6853127503947,4.80686802380064],[-75.68516366151,4.8067724260802],[-75.6850243592245,4.80673076983968],[-75.6849116058669,4.80671862870302],[-75.682231799121,4.80643688724162],[-75.6820494628873,4.80644144907064],[-75.6818579972679,4.8065922729671],[-75.6818405649581,4.80661284846169]]]},"properties":{"FID":308,"ID_BAR":189,"CODSUELO":"6600101","CODCOM":"06","COMUNA":"Universidad","CODBAR":"010602","NOMBRE":"Cambulos","NOM_POPULA":"Cambulos","ACT_GEOGRA":1168041600000,"NORMA":"Sin","CREACION":null,"ORIGEN_NOR":"Sin","OBSERVACIO":"Ajustado SPM","COD_SISBEN":"06240","Shape_Area":68297.419235738475,"Shape__Area":69196.23974609375,"Shape__Length":1219.2397519335877,"GlobalID":"c6214d7a-85d7-4c5d-9d9f-985e7604a6dc","CreationDate":1545839815055,"Creator":"sigper_arcgis","EditDate":1545839815055,"Editor":"sigper_arcgis"}},{"type":"Feature","id":309,"geometry":{"type":"Polygon","coordinates":[[[-75.7308937941086,4.80671645667649],[-75.7309153089122,4.80657920264024],[-75.7309296755822,4.80648767709097],[-75.7309879174968,4.80628899345978],[-75.7310222151003,4.80620682811615],[-75.7311519047439,4.80599286688965],[-75.731275256859,4.80586527312486],[-75.7313277604188,4.80582415539359],[-75.7313948063842,4.80578421995414],[-75.7315882366872,4.80605268588814],[-75.7316634872769,4.80600681611551],[-75.731907484451,4.80632749086594],[-75.731992878743,4.80648671584587],[-75.7317016276122,4.80657130214118],[-75.7314072072404,4.80664880687383],[-75.7313060746379,4.80668082863807],[-75.7311836370386,4.80671020189659],[-75.7311769813801,4.80675022495262],[-75.7308937941086,4.80671645667649]]]},"properties":{"FID":309,"ID_BAR":190,"CODSUELO":"6600101","CODCOM":"09","COMUNA":"Cuba","CODBAR":"010907","NOMBRE":"La Union","NOM_POPULA":"La Union","ACT_GEOGRA":1168041600000,"NORMA":"65","CREACION":468806400000,"ORIGEN_NOR":"Concejo Municipal","OBSERVACIO":"Asignado por la Comunidad. Visita de campo SPM","COD_SISBEN":"09082","Shape_Area":7375.97595217957,"Shape__Area":7473.35888671875,"Shape__Length":364.42421819419479,"GlobalID":"23009c0f-c9fb-4ae9-9b66-2a782d99e3c6","CreationDate":1545839815055,"Creator":"sigper_arcgis","EditDate":1545839815055,"Editor":"sigper_arcgis"}},{"type":"Feature","id":310,"geometry":{"type":"Polygon","coordinates":[[[-75.7309153089122,4.80657920264024],[-75.7307746294169,4.80637149492901],[-75.7308426266077,4.80631485174776],[-75.7310329893598,4.80609470825462],[-75.7309156574031,4.80599869604388],[-75.7312084911511,4.80566966403555],[-75.7310782004602,4.80556455676177],[-75.7318307474598,4.80537989181123],[-75.732418812652,4.80534770715047],[-75.7328092958401,4.80543751645684],[-75.7328728897133,4.80520924868147],[-75.7329340555639,4.80524771587624],[-75.7329786009381,4.80528355292581],[-75.7330932571046,4.80539492945334],[-75.7331300209754,4.80542960028414],[-75.7338763737167,4.8056646074222],[-75.7340253977531,4.80570159058589],[-75.7340960709923,4.80571550773727],[-75.7341180441267,4.8056636860814],[-75.7344828863218,4.80517821647333],[-75.7347156835058,4.80524391831102],[-75.734948691641,4.80529027905144],[-75.7351181392255,4.80530463561597],[-75.7352739585548,4.80530198435774],[-75.7353789650713,4.80527511904461],[-75.7354532653151,4.80523765644838],[-75.7355562992424,4.80515771530721],[-75.7356484170825,4.8050987756589],[-75.7357436687865,4.80504472769996],[-75.7358220529823,4.80500512775515],[-75.735877654949,4.80496386740984],[-75.735953995746,4.80481889435975],[-75.7359835732974,4.80466791763091],[-75.7359972691143,4.80453700418354],[-75.7359867388566,4.80443260253475],[-75.7359061691297,4.80429990704011],[-75.7359334229803,4.80424727296904],[-75.7359575786975,4.80417238479399],[-75.7359334202731,4.80403801025876],[-75.7354414085383,4.80323954036978],[-75.73593302103,4.80312156682621],[-75.7362942029922,4.80302222943727],[-75.7363694545275,4.80301110108091],[-75.7364550577676,4.80300486504945],[-75.7365212938882,4.80300463456787],[-75.7366071097756,4.80300949084699],[-75.7366972907163,4.80302379589207],[-75.7367625064395,4.80304029120475],[-75.7368028259012,4.80305320179164],[-75.7369082200947,4.80310173640809],[-75.7369840005891,4.80314647361138],[-75.7370540409236,4.80319645663639],[-75.7370981605929,4.80302260669487],[-75.737162353141,4.80292989581649],[-75.7375586932223,4.80157800140407],[-75.7376740100678,4.80113543536339],[-75.7375586503951,4.80104767316482],[-75.7373568445181,4.80114790956906],[-75.7373252924659,4.80112374805654],[-75.7373199043921,4.80108759404564],[-75.7374282514693,4.80082915790552],[-75.7374738528475,4.80082359347214],[-75.7375344907698,4.80083936455662],[-75.7376740052192,4.8008118621763],[-75.7377927089024,4.80079312083641],[-75.7378292252327,4.80079075337871],[-75.7378634172089,4.80080138536193],[-75.7379959963137,4.80086653911754],[-75.7381575560302,4.80092692386778],[-75.7371348011157,4.80428091983063],[-75.7369246190393,4.80476771363144],[-75.7368315175135,4.8049371665725],[-75.7366376707218,4.80516605494125],[-75.7363994533308,4.80531929640969],[-75.7344621205865,4.80609965864395],[-75.7341185071477,4.80615752380737],[-75.7336106922132,4.80615631024559],[-75.7331411198008,4.80614536451043],[-75.7325436492609,4.80595986271189],[-75.7324838922725,4.80592309064873],[-75.7323918428738,4.80585277757328],[-75.7322984567591,4.80581704750871],[-75.7322251415133,4.80580712180548],[-75.732192816595,4.80595419620813],[-75.7319700558245,4.80592743935726],[-75.7317564860742,4.80596158257295],[-75.7316634872769,4.80600681611551],[-75.7315882366872,4.80605268588814],[-75.7313948063842,4.80578421995414],[-75.7313277604188,4.80582415539359],[-75.731275256859,4.80586527312486],[-75.7311519047439,4.80599286688965],[-75.7310222151003,4.80620682811615],[-75.7309879174968,4.80628899345978],[-75.7309296755822,4.80648767709097],[-75.7309153089122,4.80657920264024]]]},"properties":{"FID":310,"ID_BAR":191,"CODSUELO":"6600101","CODCOM":"09","COMUNA":"Cuba","CODBAR":"010905","NOMBRE":"La Independencia *1","NOM_POPULA":"La Independencia *1","ACT_GEOGRA":1168041600000,"NORMA":"Sin","CREACION":null,"ORIGEN_NOR":"Sin","OBSERVACIO":"Ajustado SPM","COD_SISBEN":" ","Shape_Area":83226.883724540938,"Shape__Area":84325.4580078125,"Shape__Length":2837.6307090558048,"GlobalID":"a668274f-4182-4393-b732-9f26e0d54ddf","CreationDate":1545839815055,"Creator":"sigper_arcgis","EditDate":1545839815055,"Editor":"sigper_arcgis"}},{"type":"Feature","id":311,"geometry":{"type":"Polygon","coordinates":[[[-75.6853366197021,4.80520965949226],[-75.685328388227,4.80506618858501],[-75.6851247825855,4.80508825353471],[-75.6850807288849,4.80510755613091],[-75.6846817861326,4.80525375802866],[-75.6845827297421,4.80527031834722],[-75.6844166634296,4.80525868662379],[-75.6831618748519,4.80509916989634],[-75.6841406351977,4.8039533201326],[-75.6842088479347,4.80389148935816],[-75.6842641009738,4.80384143705353],[-75.6846705989783,4.8033575336001],[-75.6848112530557,4.80317060489371],[-75.6852538810197,4.80265512235396],[-75.6855625483091,4.80230279669419],[-75.6857338026434,4.80209997287338],[-75.6861435640689,4.80178030993249],[-75.6864416227844,4.80156440622665],[-75.6865947023535,4.8014349504454],[-75.6866780937169,4.80133472214119],[-75.6867893426549,4.80115757599697],[-75.6868806176784,4.80112093229973],[-75.6869114660021,4.80109534119011],[-75.6869634062107,4.8010900454042],[-75.6870470039447,4.80105963567144],[-75.6870553152354,4.80104693726525],[-75.6871267987793,4.80103138064401],[-75.6872178992713,4.80097454928658],[-75.6874000310334,4.80081627011555],[-75.6875462417657,4.80073158805974],[-75.6875960697723,4.8007132751363],[-75.6876402625755,4.80070967395423],[-75.6877646726087,4.80068015003156],[-75.6877949218522,4.80066556254758],[-75.687908062235,4.80066509234055],[-75.6879794091035,4.80058612854683],[-75.6880559592646,4.80063507466966],[-75.6880870524268,4.80064166426345],[-75.6881144476546,4.80065777402434],[-75.6882057172135,4.80072132868896],[-75.688304311154,4.80077267832264],[-75.688341987463,4.80080291839389],[-75.6883845221272,4.80086032306658],[-75.6884169092235,4.8010175720862],[-75.6884676448189,4.80114845229943],[-75.6885296132399,4.80127338147274],[-75.6886471835164,4.80138854627706],[-75.6886691909004,4.80140626239067],[-75.6886965516902,4.80141313456762],[-75.6887151431234,4.80143328825642],[-75.688767750059,4.80146418250254],[-75.6888646900816,4.80150057225561],[-75.6889043756141,4.80150522025569],[-75.6889418079298,4.80149126842228],[-75.6889881861004,4.80145697124182],[-75.6890124502661,4.80140820686315],[-75.6891546517357,4.80123300446789],[-75.6891935991272,4.80120603658394],[-75.6892375812009,4.80118857138647],[-75.6892843801023,4.80118150840455],[-75.6893333263112,4.80118659831013],[-75.6893785043269,4.80120610002233],[-75.6894158632822,4.80123822976142],[-75.6894419539249,4.80128005502987],[-75.6894610729199,4.80132723251007],[-75.6894633239637,4.80137811750341],[-75.6895235985368,4.8015613494168],[-75.6895606065676,4.80158475352714],[-75.6895701446009,4.8016691092481],[-75.6896094046989,4.80172863353372],[-75.6897549750627,4.80175704269272],[-75.6897765611177,4.80175183321358],[-75.6898431866635,4.80170851141707],[-75.6899656270457,4.80164993170161],[-75.6900546828243,4.80161756187],[-75.690080846715,4.80161514342895],[-75.690132715042,4.80163966168401],[-75.6901539839977,4.80163706603762],[-75.6902022247957,4.80165589681091],[-75.6902353238338,4.80168090846767],[-75.6902552117238,4.80183194032211],[-75.6903009137367,4.80191906997687],[-75.690291651413,4.80193816260511],[-75.6903031288451,4.80198018234776],[-75.690279320183,4.80206266399284],[-75.6902663931088,4.80214754810991],[-75.6902645568912,4.80223340402663],[-75.6902708916933,4.80231129567182],[-75.6902877196359,4.80238759765389],[-75.6903147948474,4.80246089735821],[-75.6903729603615,4.80257660565607],[-75.6904410223993,4.80268673353563],[-75.6904661979119,4.8027225721726],[-75.6905078184914,4.80275037476631],[-75.6906628244246,4.80281727001638],[-75.6907033885485,4.80284609744652],[-75.6907988834021,4.80292441629323],[-75.6910766048135,4.80305723427465],[-75.6912773887837,4.80311667824284],[-75.6910910668418,4.80461946446309],[-75.6910930618973,4.80484031356599],[-75.6911034502534,4.80484600123347],[-75.6909366032755,4.80628543341622],[-75.6909051491864,4.80645944107128],[-75.6905322393823,4.806416890165],[-75.6904261390846,4.80644851823035],[-75.6903234891636,4.80649010680903],[-75.6900149470023,4.8065076472594],[-75.6899621624247,4.80648952222524],[-75.6892497012519,4.80622500856061],[-75.6891889239378,4.80620245095161],[-75.6886995394836,4.80594776885422],[-75.6884651620613,4.80587541086813],[-75.6884093148705,4.80584460482968],[-75.6883478329176,4.80582782165083],[-75.688284131652,4.80582599945356],[-75.6882217679336,4.8058392241375],[-75.6880329484597,4.80592017769637],[-75.687733290309,4.80576317839161],[-75.6875221620674,4.80554150448776],[-75.6874173365304,4.80545557130899],[-75.687301347012,4.80538562231294],[-75.6871815876129,4.80535800911023],[-75.6870197122688,4.80533272467648],[-75.6869265390281,4.80530474257343],[-75.6868369228789,4.80526695705964],[-75.6867787507086,4.80525706298373],[-75.686703746324,4.80525898383118],[-75.6866445159408,4.80527097352106],[-75.6865727514129,4.8052653169618],[-75.6865319383911,4.80527663635617],[-75.6865146840454,4.80526640898743],[-75.6863342498599,4.80526849977452],[-75.6863058317996,4.80528388189747],[-75.686273611058,4.80528663493956],[-75.6862264255637,4.80527933794992],[-75.686185718578,4.8052836982296],[-75.6861632881491,4.80527327586452],[-75.6861438145436,4.80528196463449],[-75.6861225458728,4.80528037350478],[-75.6860514856832,4.80526159436508],[-75.6853366197021,4.80520965949226]]]},"properties":{"FID":311,"ID_BAR":192,"CODSUELO":"6600101","CODCOM":"06","COMUNA":"Universidad","CODBAR":"010618","NOMBRE":"Pinares de San Martin","NOM_POPULA":"Pinares de San Martin","ACT_GEOGRA":1168041600000,"NORMA":"Sin","CREACION":null,"ORIGEN_NOR":"Sin","OBSERVACIO":"Ajustado SPM","COD_SISBEN":"06239","Shape_Area":336965.95314208325,"Shape__Area":341399.86328125,"Shape__Length":2645.7624608918659,"GlobalID":"873613e4-ab53-4f86-bf6b-1e9a13aaddfe","CreationDate":1545839815055,"Creator":"sigper_arcgis","EditDate":1545839815055,"Editor":"sigper_arcgis"}},{"type":"Feature","id":312,"geometry":{"type":"Polygon","coordinates":[[[-75.6968572682066,4.80638252645399],[-75.696932757188,4.80576934801498],[-75.6970967465997,4.80579079683604],[-75.6973901441852,4.80582802469225],[-75.6985008448241,4.80594681508382],[-75.6984934347936,4.80630286845597],[-75.6984975537169,4.80633806948306],[-75.6985016714239,4.80638194301862],[-75.6985005441828,4.8063957545568],[-75.6983754311233,4.80637273571153],[-75.6979936831725,4.80631955648883],[-75.6975156969549,4.80625904206202],[-75.6973460393484,4.80623598618807],[-75.6973141616648,4.8064443637431],[-75.6968572682066,4.80638252645399]]]},"properties":{"FID":312,"ID_BAR":193,"CODSUELO":"6600101","CODCOM":"07","COMUNA":"Boston","CODBAR":"010715","NOMBRE":"La Lorena II","NOM_POPULA":"La Lorena II","ACT_GEOGRA":1168041600000,"NORMA":"Sin","CREACION":null,"ORIGEN_NOR":"Sin","OBSERVACIO":"Ajustado SPM","COD_SISBEN":"07405","Shape_Area":9452.10896699647,"Shape__Area":9576.62939453125,"Shape__Length":499.56139385801089,"GlobalID":"f7f83b1f-8c7a-4d68-beca-79a1d9af68c0","CreationDate":1545839815055,"Creator":"sigper_arcgis","EditDate":1545839815055,"Editor":"sigper_arcgis"}},{"type":"Feature","id":313,"geometry":{"type":"Polygon","coordinates":[[[-75.7494917879896,4.8059996188811],[-75.7499730441679,4.80579929438933],[-75.7502469787738,4.80603325741219],[-75.7499474982696,4.80635980820128],[-75.7498907013627,4.80642311138012],[-75.7494917879896,4.8059996188811]]]},"properties":{"FID":313,"ID_BAR":194,"CODSUELO":"6600101","CODCOM":"11","COMUNA":"Olimpica","CODBAR":"011131","NOMBRE":"Rincon de La Villa","NOM_POPULA":"Rincon de La Villa","ACT_GEOGRA":1180656000000,"NORMA":"Sin","CREACION":null,"ORIGEN_NOR":"Sin","OBSERVACIO":"Ajustado SPM","COD_SISBEN":" ","Shape_Area":2905.51177435261,"Shape__Area":2943.91455078125,"Shape__Length":222.01197617162308,"GlobalID":"ff8f7f65-6367-4467-a317-3a9447e13b52","CreationDate":1545839815055,"Creator":"sigper_arcgis","EditDate":1545839815055,"Editor":"sigper_arcgis"}},{"type":"Feature","id":314,"geometry":{"type":"Polygon","coordinates":[[[-75.7307746294169,4.80637149492901],[-75.7306934964919,4.80625949904392],[-75.7306058503649,4.80637840199458],[-75.7303949911106,4.80626264466847],[-75.7302438897502,4.80625105883511],[-75.7302867783432,4.8060493380682],[-75.7298619621221,4.80595300988375],[-75.729917915001,4.80575623397074],[-75.729927880235,4.80572112109456],[-75.7300251020198,4.80505014822219],[-75.7305397127223,4.80513149796207],[-75.7305837652283,4.80517408204444],[-75.730826667667,4.80522153858489],[-75.730820823335,4.80536198959884],[-75.7310782004602,4.80556455676177],[-75.7312084911511,4.80566966403555],[-75.7309156574031,4.80599869604388],[-75.7310329893598,4.80609470825462],[-75.7308426266077,4.80631485174776],[-75.7307746294169,4.80637149492901]]]},"properties":{"FID":314,"ID_BAR":195,"CODSUELO":"6600101","CODCOM":"10","COMUNA":"Consota","CODBAR":"011011","NOMBRE":"Los Nogales","NOM_POPULA":"Los Nogales","ACT_GEOGRA":1180656000000,"NORMA":"Sin","CREACION":null,"ORIGEN_NOR":"Sin","OBSERVACIO":"Ajustado SPM, Visita de campo","COD_SISBEN":"10092","Shape_Area":13705.9506281602,"Shape__Area":13886.8701171875,"Shape__Length":521.39577143580084,"GlobalID":"07ffcafd-d73b-4a8e-9c87-654ad5dafa1a","CreationDate":1545839815055,"Creator":"sigper_arcgis","EditDate":1545839815055,"Editor":"sigper_arcgis"}},{"type":"Feature","id":315,"geometry":{"type":"Polygon","coordinates":[[[-75.7455804132505,4.80615845097889],[-75.7446148962963,4.80629343497341],[-75.7440782083666,4.80636642971182],[-75.7439897664669,4.80556938603597],[-75.7440705071899,4.80542269889354],[-75.7441282882116,4.805224632335],[-75.7453491340384,4.8050161500588],[-75.7454979460653,4.80499072927678],[-75.7456034683006,4.80580898519397],[-75.7455308227523,4.80582191599206],[-75.7455804132505,4.80615845097889]]]},"properties":{"FID":315,"ID_BAR":196,"CODSUELO":"6600101","CODCOM":"11","COMUNA":"Olimpica","CODBAR":"011102","NOMBRE":"Alfa","NOM_POPULA":"Alfa","ACT_GEOGRA":1168041600000,"NORMA":"32","CREACION":590025600000,"ORIGEN_NOR":"Concejo Municipal","OBSERVACIO":"Norma de creacion no delimitable. Ajuste SPM","COD_SISBEN":" ","Shape_Area":21414.083592385581,"Shape__Area":21697.00341796875,"Shape__Length":593.21202723061356,"GlobalID":"f787c87c-e9c6-4d83-a23e-0d480a830002","CreationDate":1545839815055,"Creator":"sigper_arcgis","EditDate":1545839815055,"Editor":"sigper_arcgis"}},{"type":"Feature","id":316,"geometry":{"type":"Polygon","coordinates":[[[-75.6951211036064,4.80626871999557],[-75.6951304733037,4.80620886323021],[-75.6952086424206,4.80554856210642],[-75.6956485984392,4.80558765184206],[-75.6958172700113,4.80560523299143],[-75.6957188877878,4.80629667206329],[-75.6956494472813,4.80627522655573],[-75.6955322931283,4.8062467855301],[-75.6953849950704,4.80623377868268],[-75.6952164272436,4.80625141555387],[-75.6951211036064,4.80626871999557]]]},"properties":{"FID":316,"ID_BAR":197,"CODSUELO":"6600101","CODCOM":"07","COMUNA":"Boston","CODBAR":"010701","NOMBRE":"Belalcazar","NOM_POPULA":"Belalcazar","ACT_GEOGRA":1168041600000,"NORMA":"Sin","CREACION":null,"ORIGEN_NOR":"Sin","OBSERVACIO":"Ajustado SPM","COD_SISBEN":"07194","Shape_Area":5057.08201686429,"Shape__Area":5123.68994140625,"Shape__Length":294.73767056694419,"GlobalID":"6511b90d-ac68-44cf-8413-c9ff995d71a1","CreationDate":1545839815055,"Creator":"sigper_arcgis","EditDate":1545839815055,"Editor":"sigper_arcgis"}},{"type":"Feature","id":317,"geometry":{"type":"Polygon","coordinates":[[[-75.7302438897502,4.80625105883511],[-75.7297914653448,4.80615897027261],[-75.7297601255818,4.80628140536747],[-75.7293555215955,4.80612836281386],[-75.7293267524093,4.80620842617293],[-75.729080010377,4.80611850871779],[-75.7290941312241,4.80606686436324],[-75.7289773275895,4.8060245629745],[-75.7290166957398,4.8059088754436],[-75.7290707837611,4.80592916914244],[-75.729107018029,4.80577789170987],[-75.7291663170642,4.80554363580152],[-75.7293148825765,4.80556876953242],[-75.7293597098381,4.80557752900544],[-75.7297806882578,4.80573947355181],[-75.729917915001,4.80575623397074],[-75.7298619621221,4.80595300988375],[-75.7302867783432,4.8060493380682],[-75.7302438897502,4.80625105883511]]]},"properties":{"FID":317,"ID_BAR":198,"CODSUELO":"6600101","CODCOM":"10","COMUNA":"Consota","CODBAR":"011007","NOMBRE":"El Futuro","NOM_POPULA":"El Futuro","ACT_GEOGRA":1180656000000,"NORMA":"102","CREACION":645148800000,"ORIGEN_NOR":"Concejo Municipal","OBSERVACIO":"No aplica la Norma de creacion del CMP","COD_SISBEN":"10090","Shape_Area":6432.85649021706,"Shape__Area":6517.77001953125,"Shape__Length":418.56524689821742,"GlobalID":"3e2af92a-8ad6-49f7-aef6-c42ffdc53d98","CreationDate":1545839815055,"Creator":"sigper_arcgis","EditDate":1545839815055,"Editor":"sigper_arcgis"}},{"type":"Feature","id":318,"geometry":{"type":"Polygon","coordinates":[[[-75.7455804132505,4.80615845097889],[-75.7455308227523,4.80582191599206],[-75.7456034683006,4.80580898519397],[-75.7454979460653,4.80499072927678],[-75.7457186981844,4.80495501068504],[-75.7456850265174,4.80467845523488],[-75.746852982167,4.80451713009087],[-75.7472695911923,4.80446504898678],[-75.7473958666916,4.80446267898363],[-75.7464312218248,4.80543685234329],[-75.7460292318156,4.80569604064123],[-75.7455804132505,4.80615845097889]]]},"properties":{"FID":318,"ID_BAR":199,"CODSUELO":"6600101","CODCOM":"11","COMUNA":"Olimpica","CODBAR":"011114","NOMBRE":"Gamma III","NOM_POPULA":"Gamma III","ACT_GEOGRA":1168041600000,"NORMA":"Sin","CREACION":null,"ORIGEN_NOR":"Sin","OBSERVACIO":"Ajustado SPM","COD_SISBEN":"10274","Shape_Area":16897.8744156805,"Shape__Area":17121.1162109375,"Shape__Length":664.502680100409,"GlobalID":"c837ffd1-1703-4f99-83f2-47ec7ae10c38","CreationDate":1545839815055,"Creator":"sigper_arcgis","EditDate":1545839815055,"Editor":"sigper_arcgis"}},{"type":"Feature","id":319,"geometry":{"type":"Polygon","coordinates":[[[-75.7112463200662,4.80434931702767],[-75.7111753280567,4.8044277711135],[-75.7108779469581,4.80458561174752],[-75.7107174764974,4.80469131709515],[-75.7104308700532,4.80484915827875],[-75.7103562523104,4.80486024870346],[-75.7100508105005,4.80484944927384],[-75.7099391133077,4.80487103000463],[-75.7098613957782,4.80491629628651],[-75.7097897347371,4.80496815076726],[-75.7097695570654,4.80500322810837],[-75.7097655402502,4.80507742718664],[-75.7098234287768,4.80518347267792],[-75.709946496863,4.80531498945577],[-75.7100454438731,4.80542901961363],[-75.7100629440243,4.8054735285611],[-75.7100642810607,4.80552750484309],[-75.7100467777434,4.80560845092204],[-75.7099928984725,4.80572353689224],[-75.7097905888375,4.80604129419694],[-75.7097085046481,4.80610199735053],[-75.7095914189714,4.80613168461301],[-75.709483770479,4.80612762001147],[-75.7094124646833,4.80609255795885],[-75.7093112991649,4.80595945232949],[-75.7091148515564,4.80562084390797],[-75.7090173837249,4.8055094627747],[-75.7088935757007,4.80539613838449],[-75.7084253126203,4.80515734988074],[-75.7082381909482,4.80504469472911],[-75.7080575130268,4.80494284864491],[-75.7080759531846,4.8040937166119],[-75.7077869232137,4.80401553608725],[-75.7076508256427,4.80393711124067],[-75.7071902792002,4.80356433601432],[-75.7070889714008,4.80350737171123],[-75.7064087946643,4.80332965168639],[-75.7060058176657,4.80315833327455],[-75.7053724881002,4.80253121372216],[-75.7048712689989,4.80228924201515],[-75.7048244014036,4.8022399629554],[-75.7047786276733,4.80213850895281],[-75.7050419595438,4.80193577261425],[-75.7050837219751,4.80194080720587],[-75.7051286900033,4.80193861856953],[-75.7051680238143,4.80193007127182],[-75.7052071458833,4.80191474137464],[-75.705715530814,4.8016004398985],[-75.7057759239967,4.80152733701541],[-75.7057965257773,4.8014432829331],[-75.7057916337529,4.8013523221901],[-75.7057524842492,4.80110084563838],[-75.705756968424,4.80073421141032],[-75.7065214121506,4.80077911414892],[-75.7065168737268,4.80064053602997],[-75.7064297207251,4.80062820507053],[-75.7063446621536,4.80006883835117],[-75.7075415956144,4.800071363409],[-75.7088716616545,4.80043185153859],[-75.7087440991041,4.80118198317051],[-75.7087057382163,4.80168975522752],[-75.7088834248953,4.80169013071447],[-75.709550904468,4.80264608392428],[-75.7104734949547,4.80265396641064],[-75.7112656557175,4.80266074924789],[-75.7112685878582,4.80376822797925],[-75.7112603760837,4.80409365527706],[-75.7112463200662,4.80434931702767]]]},"properties":{"FID":319,"ID_BAR":200,"CODSUELO":"6600101","CODCOM":"19","COMUNA":"El Poblado","CODBAR":"011906","NOMBRE":"Poblado II","NOM_POPULA":"Poblado II","ACT_GEOGRA":1168041600000,"NORMA":"Sin","CREACION":null,"ORIGEN_NOR":"Sin","OBSERVACIO":"Ajustado SPM","COD_SISBEN":"19257","Shape_Area":225824.80707573521,"Shape__Area":228799.59130859375,"Shape__Length":2458.6906181909558,"GlobalID":"5c1d020f-ba81-4af3-be35-bbc19708702f","CreationDate":1545839815055,"Creator":"sigper_arcgis","EditDate":1545839815055,"Editor":"sigper_arcgis"}},{"type":"Feature","id":320,"geometry":{"type":"Polygon","coordinates":[[[-75.6668497520099,4.80422417821614],[-75.6666576690112,4.80415524237246],[-75.6667345634618,4.80388065388587],[-75.6667914680632,4.80388290242461],[-75.6668091116666,4.80386794371951],[-75.666827247943,4.8038570650332],[-75.6668441155019,4.80385005479396],[-75.6668678141301,4.80384433427769],[-75.6669114832053,4.80380087098211],[-75.6669517334569,4.80378882934439],[-75.6671850909331,4.80380294395628],[-75.6674826769071,4.80383822365905],[-75.6675605334005,4.80384261100918],[-75.6677155081311,4.80384446106426],[-75.6679028056597,4.80387404406098],[-75.667993550676,4.80387244437188],[-75.6681357114274,4.80382383267947],[-75.6681780055735,4.80379555873265],[-75.6679372584446,4.80453191403692],[-75.6675853561172,4.80551189332366],[-75.6675288037223,4.80550000130525],[-75.6674585349477,4.80570304119398],[-75.6674156466737,4.80568839571642],[-75.667283319888,4.80602995523719],[-75.6671640197785,4.80598974557111],[-75.6670475024452,4.80593907926406],[-75.6669392964297,4.80588159655158],[-75.6668345410434,4.80581844544523],[-75.6667884852285,4.80577963669062],[-75.6666892985821,4.80566948644278],[-75.6671140918242,4.80431623950982],[-75.6668497520099,4.80422417821614]]]},"properties":{"FID":320,"ID_BAR":201,"CODSUELO":"6600101","CODCOM":"05","COMUNA":"Oriente","CODBAR":"010509","NOMBRE":"Chico Restrepo","NOM_POPULA":"Chico Restrepo","ACT_GEOGRA":1180656000000,"NORMA":"Sin","CREACION":null,"ORIGEN_NOR":"Sin","OBSERVACIO":"Ajustado SPM, Visita de campo","COD_SISBEN":"05043","Shape_Area":24082.329369064519,"Shape__Area":24398.85791015625,"Shape__Length":768.50994393062524,"GlobalID":"8309ce3a-234c-4a29-8ac6-af66fe2e8d68","CreationDate":1545839815055,"Creator":"sigper_arcgis","EditDate":1545839815055,"Editor":"sigper_arcgis"}},{"type":"Feature","id":321,"geometry":{"type":"Polygon","coordinates":[[[-75.7033859724555,4.80426775759434],[-75.7036087691496,4.80423484269087],[-75.7036719788238,4.80419337391527],[-75.7037477237741,4.80415663866831],[-75.7038260041627,4.80413097858402],[-75.7042086988358,4.80429254796182],[-75.7042640531854,4.80433909045157],[-75.7043279276921,4.80442427735725],[-75.7044363075123,4.80462734411815],[-75.704601346611,4.80483738941911],[-75.7046429663392,4.80491381557352],[-75.7046941995137,4.80501081823693],[-75.7047649062005,4.80505004894776],[-75.7047217625707,4.80528794098492],[-75.7046721790847,4.80537307116942],[-75.7046268225236,4.80541438160897],[-75.7045609720156,4.80546450501351],[-75.7044945578787,4.80550535626106],[-75.7042530286333,4.80548810957545],[-75.7042377797347,4.80552256828354],[-75.7040698484194,4.8054828053208],[-75.7039428253636,4.80570147721142],[-75.7038964763068,4.80595439966633],[-75.7035823364257,4.805935084361],[-75.703505216268,4.80601217796402],[-75.7034485577372,4.80601562026684],[-75.7035156804922,4.8058554607019],[-75.703518427876,4.80582596445314],[-75.7031662581375,4.80579539647855],[-75.7031461591737,4.80557288703589],[-75.7031598949391,4.80548673007188],[-75.7032221934774,4.80533423617546],[-75.7032767798402,4.80517255786737],[-75.7032821692006,4.80510499931155],[-75.7032725933781,4.80505217187687],[-75.7032733698072,4.80499838984342],[-75.7032897457779,4.8049582614443],[-75.7033478152946,4.80488473568305],[-75.7033542602232,4.80486428284396],[-75.7033516544848,4.80483881418663],[-75.7033640511632,4.80481871416975],[-75.7033649696281,4.8047133592154],[-75.7033785994006,4.80466388736727],[-75.7033863476393,4.80461680029434],[-75.703389095412,4.80457900308066],[-75.7033891316936,4.80454918856683],[-75.7033828293786,4.80453848550147],[-75.7033798361603,4.80451974579369],[-75.7033818445235,4.80450870689963],[-75.7033417376516,4.80446894741469],[-75.7033392372019,4.80445750255645],[-75.7033514234015,4.80440479854001],[-75.7033742081492,4.80436044939428],[-75.7033856180478,4.80433042365439],[-75.7033859724555,4.80426775759434]]]},"properties":{"FID":321,"ID_BAR":202,"CODSUELO":"6600101","CODCOM":"16","COMUNA":"San Nicolas","CODBAR":"011602","NOMBRE":"La Dulcera","NOM_POPULA":"La Dulcera","ACT_GEOGRA":1168041600000,"NORMA":"Sin","CREACION":null,"ORIGEN_NOR":"Sin","OBSERVACIO":"Ajustado SPM","COD_SISBEN":"16063","Shape_Area":23198.510107130889,"Shape__Area":23504.16748046875,"Shape__Length":670.2331909774108,"GlobalID":"a7183367-8bb9-4304-b49c-5a0608304d25","CreationDate":1545839815055,"Creator":"sigper_arcgis","EditDate":1545839815055,"Editor":"sigper_arcgis"}},{"type":"Feature","id":322,"geometry":{"type":"Polygon","coordinates":[[[-75.6797140618289,4.80595699201625],[-75.6795020745391,4.805977554439],[-75.6794077016272,4.8059844006102],[-75.6793105832893,4.80598303427451],[-75.6791900482618,4.80596928427992],[-75.6790562744704,4.80593308514286],[-75.6788997197894,4.80586307792721],[-75.678770385567,4.8057892057308],[-75.6786989412346,4.80572830051272],[-75.6786490835233,4.80566683207833],[-75.6786005648568,4.8055851059905],[-75.6785542302948,4.80549650827033],[-75.6785299376596,4.80542977836524],[-75.6784857541545,4.80529041970064],[-75.6784338959035,4.80513126131558],[-75.6784011185557,4.80503491126996],[-75.67846806138,4.80501492205402],[-75.6792849977092,4.8047497801859],[-75.6795893520313,4.80571836658845],[-75.6796844513906,4.80589100427428],[-75.6797140618289,4.80595699201625]]]},"properties":{"FID":322,"ID_BAR":203,"CODSUELO":"6600101","CODCOM":"06","COMUNA":"Universidad","CODBAR":"010621","NOMBRE":"Quintanar Del Cerro *1, *3","NOM_POPULA":"Quintanar Del Cerro *1, *3","ACT_GEOGRA":1180656000000,"NORMA":"Sin","CREACION":null,"ORIGEN_NOR":"Sin","OBSERVACIO":"Ajustado SPM","COD_SISBEN":" ","Shape_Area":12152.37373698587,"Shape__Area":12312.2451171875,"Shape__Length":451.94893722451695,"GlobalID":"2d09f2b9-c80e-400a-9768-69587e31c9b1","CreationDate":1545839815055,"Creator":"sigper_arcgis","EditDate":1545839815055,"Editor":"sigper_arcgis"}},{"type":"Feature","id":323,"geometry":{"type":"Polygon","coordinates":[[[-75.6985020797446,4.8058870637737],[-75.6985008448241,4.80594681508382],[-75.6973901441852,4.80582802469225],[-75.6970967465997,4.80579079683604],[-75.696932757188,4.80576934801498],[-75.6969387810022,4.80572045860423],[-75.6969937691806,4.80526622307441],[-75.6969909577602,4.80514021969601],[-75.6970262886975,4.80486649120218],[-75.697856575442,4.8051690817233],[-75.6981802177403,4.80528676174177],[-75.6981568328697,4.80535555569187],[-75.6985020797446,4.8058870637737]]]},"properties":{"FID":323,"ID_BAR":204,"CODSUELO":"6600101","CODCOM":"07","COMUNA":"Boston","CODBAR":"010714","NOMBRE":"La Lorena I","NOM_POPULA":"La Lorena I","ACT_GEOGRA":1168041600000,"NORMA":"Sin","CREACION":null,"ORIGEN_NOR":"Sin","OBSERVACIO":"Ajustado SPM","COD_SISBEN":"07405","Shape_Area":12587.09454362659,"Shape__Area":12752.888671875,"Shape__Length":499.49849684693851,"GlobalID":"adbae727-eaf6-484b-81f7-f83406b7528c","CreationDate":1545839815055,"Creator":"sigper_arcgis","EditDate":1545839815055,"Editor":"sigper_arcgis"}},{"type":"Feature","id":324,"geometry":{"type":"Polygon","coordinates":[[[-75.7164831509028,4.80469026394022],[-75.7165502604779,4.80499622161703],[-75.7165969372481,4.80541432618195],[-75.7164457510521,4.80536203420025],[-75.7164548690293,4.80540776004002],[-75.7165828768084,4.80547196047512],[-75.7166175529333,4.8055989898639],[-75.7162668988948,4.80545148604799],[-75.7160873108868,4.80540663898077],[-75.7159456816633,4.80539187137989],[-75.7158061663258,4.80538727675376],[-75.715657741329,4.80539917862139],[-75.715552663521,4.80541613302172],[-75.7154387821261,4.80544562709743],[-75.715384271859,4.80546452496665],[-75.7152479594503,4.80551438315781],[-75.71496403047,4.80564462024003],[-75.7145299135411,4.80586978877949],[-75.7144533965589,4.80578575061386],[-75.7141318699159,4.80530971021013],[-75.7148293135966,4.8050504937116],[-75.7151965935313,4.80488567504167],[-75.7155287652041,4.80468122195209],[-75.715805970128,4.80445998904517],[-75.7160147177457,4.80427257819946],[-75.7160358462403,4.80429001074052],[-75.7160496845703,4.80427761217287],[-75.7161068363889,4.80430311750558],[-75.7161680723282,4.8043073568276],[-75.716241561299,4.80439916723849],[-75.7163502980006,4.80458156717585],[-75.7164105813244,4.80473166169999],[-75.716432263734,4.80481389117499],[-75.7164831509028,4.80469026394022]]]},"properties":{"FID":324,"ID_BAR":205,"CODSUELO":"6600101","CODCOM":"08","COMUNA":"El Jardin","CODBAR":"010802","NOMBRE":"Altos de Tananbi","NOM_POPULA":"Altos de Tananbi","ACT_GEOGRA":1180656000000,"NORMA":"Sin","CREACION":null,"ORIGEN_NOR":"Sin","OBSERVACIO":"Ajustado SPM","COD_SISBEN":" ","Shape_Area":21928.688519369342,"Shape__Area":22217.83740234375,"Shape__Length":800.41551393782436,"GlobalID":"dc54b1c1-b184-4a0a-a216-1bf0950a63f9","CreationDate":1545839815055,"Creator":"sigper_arcgis","EditDate":1545839815055,"Editor":"sigper_arcgis"}},{"type":"Feature","id":325,"geometry":{"type":"Polygon","coordinates":[[[-75.7031662581375,4.80579539647855],[-75.7028258865365,4.80572012618861],[-75.7025698869735,4.80565511963186],[-75.7024240346623,4.80557390324049],[-75.7022860355486,4.80551513569832],[-75.7021453585231,4.80546963323978],[-75.7020092240071,4.80544460031743],[-75.7016313488778,4.80541263543583],[-75.7011684333899,4.8053762161878],[-75.7010776542897,4.8053352721369],[-75.7010164208486,4.80527383965986],[-75.7009732867597,4.80519421633863],[-75.7009574089254,4.80510549819892],[-75.7009642425531,4.80504406936719],[-75.7012347024367,4.80449849159939],[-75.7013480626242,4.80429290691693],[-75.7014551491951,4.80423529659031],[-75.7015594559532,4.80409119317175],[-75.7016172082999,4.80403608961764],[-75.7016764039731,4.80399511470257],[-75.7017299638937,4.80396968344248],[-75.7018046521256,4.80395838166572],[-75.7018807488023,4.80396827539326],[-75.7019469840025,4.80399371148585],[-75.7020273042398,4.80403751729481],[-75.7021132575614,4.80411521724366],[-75.7022697054638,4.8042649989332],[-75.7023399540655,4.8043366037471],[-75.7024001683236,4.80436431852236],[-75.7024603472885,4.80437322271049],[-75.702545212387,4.80437025771722],[-75.7026582130938,4.80435244080309],[-75.702939007272,4.80429003191183],[-75.7031232090677,4.80427327696462],[-75.7033859724555,4.80426775759434],[-75.7033856180478,4.80433042365439],[-75.7033742081492,4.80436044939428],[-75.7033514234015,4.80440479854001],[-75.7033392372019,4.80445750255645],[-75.7033417376516,4.80446894741469],[-75.7033818445235,4.80450870689963],[-75.7033798361603,4.80451974579369],[-75.7033828293786,4.80453848550147],[-75.7033891316936,4.80454918856683],[-75.703389095412,4.80457900308066],[-75.7033863476393,4.80461680029434],[-75.7033785994006,4.80466388736727],[-75.7033649696281,4.8047133592154],[-75.7033640511632,4.80481871416975],[-75.7033516544848,4.80483881418663],[-75.7033542602232,4.80486428284396],[-75.7033478152946,4.80488473568305],[-75.7032897457779,4.8049582614443],[-75.7032733698072,4.80499838984342],[-75.7032725933781,4.80505217187687],[-75.7032821692006,4.80510499931155],[-75.7032767798402,4.80517255786737],[-75.7032221934774,4.80533423617546],[-75.7031598949391,4.80548673007188],[-75.7031461591737,4.80557288703589],[-75.7031662581375,4.80579539647855]]]},"properties":{"FID":325,"ID_BAR":206,"CODSUELO":"6600101","CODCOM":"07","COMUNA":"Boston","CODBAR":"010718","NOMBRE":"La Platanera","NOM_POPULA":"La Platanera","ACT_GEOGRA":1180656000000,"NORMA":"Sin","CREACION":null,"ORIGEN_NOR":"Sin","OBSERVACIO":"Ajustado SPM","COD_SISBEN":" ","Shape_Area":35468.839901823623,"Shape__Area":35936.10595703125,"Shape__Length":809.64994175691083,"GlobalID":"3ff77de1-4a25-4e36-8818-8ee3ce69f821","CreationDate":1545839815055,"Creator":"sigper_arcgis","EditDate":1545839815055,"Editor":"sigper_arcgis"}},{"type":"Feature","id":326,"geometry":{"type":"Polygon","coordinates":[[[-75.7000074233396,4.8040826740612],[-75.699891395942,4.8049679032964],[-75.6999378416933,4.80497308060363],[-75.7000372496191,4.80498756721129],[-75.70010689993,4.80501994533103],[-75.7001646844655,4.80505573123211],[-75.7002396859867,4.80514295056993],[-75.700358631294,4.80530057360815],[-75.7004239490081,4.80537857199062],[-75.7004866271212,4.80542693400988],[-75.7005348684066,4.80545351731141],[-75.7004323918191,4.8056082530191],[-75.7003660793121,4.80573397045333],[-75.7003106166609,4.80577022908721],[-75.7002055034323,4.80578384318443],[-75.700116307655,4.80578021852833],[-75.6999813004235,4.8057584528976],[-75.6997663241085,4.80570249097872],[-75.6995473680804,4.80564834712992],[-75.6993693664394,4.80558433157178],[-75.6992141466057,4.80553545418617],[-75.6990104744275,4.80547583545578],[-75.6986748579782,4.80537943900239],[-75.6986127774264,4.80535534446062],[-75.6987991497691,4.80395579278677],[-75.6996540229603,4.80403696744486],[-75.6997923761233,4.80405687837094],[-75.6999624917696,4.80407744468795],[-75.7000074233396,4.8040826740612]]]},"properties":{"FID":326,"ID_BAR":207,"CODSUELO":"6600101","CODCOM":"07","COMUNA":"Boston","CODBAR":"010709","NOMBRE":"El Vergel","NOM_POPULA":"El Vergel","ACT_GEOGRA":1168041600000,"NORMA":"Sin","CREACION":null,"ORIGEN_NOR":"Sin","OBSERVACIO":"Ajustado SPM","COD_SISBEN":"07236","Shape_Area":27790.0116792803,"Shape__Area":28156.0517578125,"Shape__Length":726.28981871102155,"GlobalID":"5f5cd77f-c3b3-4271-af47-67fcd447080a","CreationDate":1545839815055,"Creator":"sigper_arcgis","EditDate":1545839815055,"Editor":"sigper_arcgis"}},{"type":"Feature","id":327,"geometry":{"type":"Polygon","coordinates":[[[-75.7293148825765,4.80556876953242],[-75.7293942867525,4.80499329612043],[-75.7294289726547,4.80499836505158],[-75.7294375994026,4.8049257374887],[-75.7295662347533,4.8049406267206],[-75.7295983842142,4.80498031331304],[-75.7300251020198,4.80505014822219],[-75.729927880235,4.80572112109456],[-75.729917915001,4.80575623397074],[-75.7297806882578,4.80573947355181],[-75.7293597098381,4.80557752900544],[-75.7293148825765,4.80556876953242]]]},"properties":{"FID":327,"ID_BAR":208,"CODSUELO":"6600101","CODCOM":"10","COMUNA":"Consota","CODBAR":"011028","NOMBRE":"Villa Elena","NOM_POPULA":"Villa Elena","ACT_GEOGRA":1180656000000,"NORMA":"88","CREACION":527990400000,"ORIGEN_NOR":"Concejo Municipal","OBSERVACIO":"Asignado por la Comunidad. Visita de campo SPM","COD_SISBEN":"10101","Shape_Area":5301.15243452441,"Shape__Area":5371.1181640625,"Shape__Length":295.73560604936534,"GlobalID":"8d81e845-d3f6-460b-bfa4-b753b7359413","CreationDate":1545839815055,"Creator":"sigper_arcgis","EditDate":1545839815055,"Editor":"sigper_arcgis"}},{"type":"Feature","id":328,"geometry":{"type":"Polygon","coordinates":[[[-75.6924965942884,4.80569815468722],[-75.6923540293019,4.80539525723917],[-75.6922491030915,4.80520838436797],[-75.6921631556463,4.80503696761971],[-75.6921528738362,4.80501644392563],[-75.6921126662338,4.80489621394856],[-75.6921096458332,4.80473221976701],[-75.6921381764482,4.80458027279208],[-75.6922838727674,4.80423201487777],[-75.6923980120642,4.80397862006501],[-75.6924475272785,4.80388232790959],[-75.6924790471808,4.80379057365555],[-75.692491025926,4.80368073228632],[-75.6924715201864,4.80362143894237],[-75.6924524374216,4.80356154526889],[-75.6924361715663,4.8035165053281],[-75.6924121579399,4.80347690555349],[-75.6923796213822,4.80345129390951],[-75.6923454300181,4.80343560801314],[-75.6922695815958,4.80342396445683],[-75.692020623618,4.80339184159144],[-75.6919404784658,4.8033778848655],[-75.6919091046406,4.80336112163178],[-75.6918889282084,4.80333944868804],[-75.6918714988212,4.80331500320051],[-75.6918561496469,4.80325071171026],[-75.691854777759,4.80321067155645],[-75.6918561523665,4.8031806275657],[-75.6918652403786,4.8031233314923],[-75.6918854566598,4.80306232704105],[-75.6919273633438,4.80300694098668],[-75.692013146019,4.80294606340296],[-75.6920868840364,4.80292587854832],[-75.692173613742,4.80293559780553],[-75.6925772940095,4.80306497627584],[-75.6928056146216,4.80312339722659],[-75.6928763586059,4.80312389524652],[-75.6932975515759,4.80300739813625],[-75.693498267768,4.8030233215922],[-75.6938151194512,4.80297990502709],[-75.6936656000159,4.804518389395],[-75.6936558742688,4.80465733838849],[-75.6935753065699,4.80537585360503],[-75.6930999607027,4.8053315512419],[-75.6930390556462,4.80575397667223],[-75.6924965942884,4.80569815468722]]]},"properties":{"FID":328,"ID_BAR":209,"CODSUELO":"6600101","CODCOM":"07","COMUNA":"Boston","CODBAR":"010731","NOMBRE":"Travesuras - La Churria","NOM_POPULA":"Travesuras - La Churria","ACT_GEOGRA":1180656000000,"NORMA":"Sin","CREACION":null,"ORIGEN_NOR":"Sin","OBSERVACIO":"Ajustado SPM, Visita de campo","COD_SISBEN":"07061","Shape_Area":45291.494683398232,"Shape__Area":45887.7138671875,"Shape__Length":1018.0286117966485,"GlobalID":"ee5df751-bdda-4934-8ec6-6f0cc53a6b7e","CreationDate":1545839815055,"Creator":"sigper_arcgis","EditDate":1545839815055,"Editor":"sigper_arcgis"}},{"type":"Feature","id":329,"geometry":{"type":"Polygon","coordinates":[[[-75.6969387810022,4.80572045860423],[-75.6958172700113,4.80560523299143],[-75.6956485984392,4.80558765184206],[-75.6957093658932,4.80504483922003],[-75.6969909577602,4.80514021969601],[-75.6969937691806,4.80526622307441],[-75.6969387810022,4.80572045860423]]]},"properties":{"FID":329,"ID_BAR":210,"CODSUELO":"6600101","CODCOM":"07","COMUNA":"Boston","CODBAR":"010721","NOMBRE":"Los Almendros","NOM_POPULA":"Los Almendros","ACT_GEOGRA":1180656000000,"NORMA":"Sin","CREACION":null,"ORIGEN_NOR":"Sin","OBSERVACIO":"Ajustado SPM","COD_SISBEN":" ","Shape_Area":8993.78524957769,"Shape__Area":9112.23779296875,"Shape__Length":413.65624036355138,"GlobalID":"0f55a694-6bec-4378-aed9-118be5375aab","CreationDate":1545839815055,"Creator":"sigper_arcgis","EditDate":1545839815055,"Editor":"sigper_arcgis"}},{"type":"Feature","id":330,"geometry":{"type":"Polygon","coordinates":[[[-75.7344828863218,4.80517821647333],[-75.7341180441267,4.8056636860814],[-75.7340960709923,4.80571550773727],[-75.7340253977531,4.80570159058589],[-75.7337080145465,4.80533250491197],[-75.7332578397562,4.80477046085363],[-75.7330592690496,4.8046322554992],[-75.7333157918877,4.80380101277733],[-75.7336179927879,4.8037268102082],[-75.7337256749081,4.80368099316096],[-75.7340506233798,4.80359893100964],[-75.734145065425,4.80358365222781],[-75.7341846461687,4.80365808001884],[-75.7342565173685,4.80373162577183],[-75.7343293391656,4.80377258386973],[-75.7348531766218,4.80395960310591],[-75.7348672975119,4.80396387727735],[-75.7347947255604,4.80421568937773],[-75.7347734217555,4.80427093697941],[-75.7345864809049,4.80486345627262],[-75.734339738704,4.80478703464856],[-75.7342412148554,4.80510564521853],[-75.7344828863218,4.80517821647333]]]},"properties":{"FID":330,"ID_BAR":211,"CODSUELO":"6600101","CODCOM":"10","COMUNA":"Consota","CODBAR":"011002","NOMBRE":"Antonio Jose de Sucre","NOM_POPULA":"Las Mercedes","ACT_GEOGRA":1168041600000,"NORMA":"Sin","CREACION":null,"ORIGEN_NOR":"Sin","OBSERVACIO":"Ajustado SPM, Visita de campo","COD_SISBEN":"10087","Shape_Area":27467.9686995354,"Shape__Area":27830.5302734375,"Shape__Length":729.596307837223,"GlobalID":"ef3bc048-7664-42fc-b308-26ff3830fe53","CreationDate":1545839815055,"Creator":"sigper_arcgis","EditDate":1545839815055,"Editor":"sigper_arcgis"}},{"type":"Feature","id":331,"geometry":{"type":"Polygon","coordinates":[[[-75.7340253977531,4.80570159058589],[-75.7338763737167,4.8056646074222],[-75.7331300209754,4.80542960028414],[-75.7330932571046,4.80539492945334],[-75.7329786009381,4.80528355292581],[-75.7329340555639,4.80524771587624],[-75.7328728897133,4.80520924868147],[-75.7330592690496,4.8046322554992],[-75.7332578397562,4.80477046085363],[-75.7337080145465,4.80533250491197],[-75.7340253977531,4.80570159058589]]]},"properties":{"FID":331,"ID_BAR":212,"CODSUELO":"6600101","CODCOM":"10","COMUNA":"Consota","CODBAR":"011018","NOMBRE":"Porvenir","NOM_POPULA":"Las Mercedes","ACT_GEOGRA":1180656000000,"NORMA":"92","CREACION":533520000000,"ORIGEN_NOR":"Concejo Municipal","OBSERVACIO":"Ajustado a delimitacion de la Norma de creacion","COD_SISBEN":"10097","Shape_Area":5851.91455210603,"Shape__Area":5929.1650390625,"Shape__Length":371.42173953032284,"GlobalID":"39f89f93-7af7-4ce4-8d3b-818ccd15a452","CreationDate":1545839815055,"Creator":"sigper_arcgis","EditDate":1545839815055,"Editor":"sigper_arcgis"}},{"type":"Feature","id":332,"geometry":{"type":"Polygon","coordinates":[[[-75.6666892985821,4.80566948644278],[-75.6666206034115,4.80559194270481],[-75.6664649091486,4.80536800681787],[-75.6666925518741,4.8047098415701],[-75.6667254846861,4.80461883103928],[-75.6668497520099,4.80422417821614],[-75.6671140918242,4.80431623950982],[-75.6666892985821,4.80566948644278]]]},"properties":{"FID":332,"ID_BAR":213,"CODSUELO":"6600101","CODCOM":"05","COMUNA":"Oriente","CODBAR":"010505","NOMBRE":"Arboleda Del Rio","NOM_POPULA":"Arboleda Del Rio","ACT_GEOGRA":1168041600000,"NORMA":"Sin","CREACION":null,"ORIGEN_NOR":"Sin","OBSERVACIO":"Ajustado SPM, Visita de campo","COD_SISBEN":" ","Shape_Area":4689.05921016884,"Shape__Area":4750.6884765625,"Shape__Length":366.34172315924923,"GlobalID":"74818ac6-5f4c-438b-bbdb-e5e5aeb25738","CreationDate":1545839815055,"Creator":"sigper_arcgis","EditDate":1545839815055,"Editor":"sigper_arcgis"}},{"type":"Feature","id":333,"geometry":{"type":"Polygon","coordinates":[[[-75.6952086424206,4.80554856210642],[-75.6939945216212,4.8054110220846],[-75.6935753065699,4.80537585360503],[-75.6936558742688,4.80465733838849],[-75.6942692958188,4.80459781066855],[-75.6944312407146,4.80464298071334],[-75.6944553803218,4.80499165265585],[-75.695570627475,4.80499256999797],[-75.6957093658932,4.80504483922003],[-75.6956485984392,4.80558765184206],[-75.6952086424206,4.80554856210642]]]},"properties":{"FID":333,"ID_BAR":214,"CODSUELO":"6600101","CODCOM":"07","COMUNA":"Boston","CODBAR":"010725","NOMBRE":"Pereira","NOM_POPULA":"Pereira","ACT_GEOGRA":1168041600000,"NORMA":"Sin","CREACION":null,"ORIGEN_NOR":"Sin","OBSERVACIO":"Ajustado SPM","COD_SISBEN":"07071","Shape_Area":16150.57383626537,"Shape__Area":16363.24658203125,"Shape__Length":640.84181276955394,"GlobalID":"bedfaafc-fe93-4113-a680-7a5fdbde695e","CreationDate":1545839815055,"Creator":"sigper_arcgis","EditDate":1545839815055,"Editor":"sigper_arcgis"}},{"type":"Feature","id":334,"geometry":{"type":"Polygon","coordinates":[[[-75.7310782004602,4.80556455676177],[-75.730820823335,4.80536198959884],[-75.730826667667,4.80522153858489],[-75.7308222302266,4.80515168411954],[-75.7308348016245,4.80508998982983],[-75.7308753673156,4.80505775622317],[-75.7309131515027,4.80503672020378],[-75.7309494918352,4.80501849294969],[-75.7309893883617,4.80500898964332],[-75.7310251654651,4.80499855153868],[-75.7311236223694,4.80498842978858],[-75.731152884447,4.80498541016583],[-75.7312289811622,4.8049859211646],[-75.7313231766032,4.80498111677456],[-75.7314028297575,4.80497232026654],[-75.7316627048488,4.80491366184006],[-75.7317112645884,4.8049166470714],[-75.73184254014,4.80495523736826],[-75.731927686822,4.80499896928656],[-75.732175414948,4.80509079340546],[-75.7323402497672,4.80512079981936],[-75.732510999613,4.80513823156599],[-75.7326377681325,4.80514243420912],[-75.7327152735708,4.80515394931423],[-75.732806828419,4.805180459718],[-75.7328728897133,4.80520924868147],[-75.7328092958401,4.80543751645684],[-75.732418812652,4.80534770715047],[-75.7318307474598,4.80537989181123],[-75.7310782004602,4.80556455676177]]]},"properties":{"FID":334,"ID_BAR":215,"CODSUELO":"6600101","CODCOM":"10","COMUNA":"Consota","CODBAR":"011021","NOMBRE":"Restrepo","NOM_POPULA":"Restrepo","ACT_GEOGRA":1168041600000,"NORMA":"19","CREACION":562896000000,"ORIGEN_NOR":"Concejo Municipal","OBSERVACIO":"Asignado por la Comunidad. Visita de campo SPM","COD_SISBEN":"10098","Shape_Area":9576.46966611685,"Shape__Area":9702.875,"Shape__Length":525.64626175412252,"GlobalID":"321ee7d7-9009-4fe9-96d0-85a9059e7dfb","CreationDate":1545839815055,"Creator":"sigper_arcgis","EditDate":1545839815055,"Editor":"sigper_arcgis"}},{"type":"Feature","id":335,"geometry":{"type":"Polygon","coordinates":[[[-75.7080575130268,4.80494284864491],[-75.7079615573234,4.80491743019556],[-75.7077921435446,4.80497904885473],[-75.7076742437457,4.8051439582511],[-75.707510354723,4.80533938719434],[-75.7073818224189,4.8054564310452],[-75.7072626227157,4.80550277347745],[-75.7070408487009,4.80548902636354],[-75.7067945659715,4.80546196026733],[-75.7063255267441,4.80527928325848],[-75.7061561518741,4.80522129317196],[-75.7060154404805,4.80516842519931],[-75.7058970888798,4.80512370065949],[-75.7057941613356,4.80506866211197],[-75.705287659821,4.80477418053835],[-75.7049733524392,4.80451755482806],[-75.7046314374204,4.80427913883782],[-75.7044718179263,4.80417778733864],[-75.7042280041284,4.8040477489609],[-75.7043627729759,4.80382028164002],[-75.7042796785136,4.80354100214423],[-75.7041952476444,4.80322027026885],[-75.7041206758657,4.80289238463556],[-75.7040707564968,4.80250865227289],[-75.7040043167434,4.80226837262022],[-75.7041189480721,4.8018975206718],[-75.7042449110602,4.80175997112445],[-75.7044257335966,4.80168871008734],[-75.7046088064387,4.80174180896123],[-75.7047256055218,4.80185953140326],[-75.7047438434999,4.80191478013721],[-75.7047786276733,4.80213850895281],[-75.7048244014036,4.8022399629554],[-75.7048712689989,4.80228924201515],[-75.7053724881002,4.80253121372216],[-75.7060058176657,4.80315833327455],[-75.7064087946643,4.80332965168639],[-75.7070889714008,4.80350737171123],[-75.7071902792002,4.80356433601432],[-75.7076508256427,4.80393711124067],[-75.7077869232137,4.80401553608725],[-75.7080759531846,4.8040937166119],[-75.7080575130268,4.80494284864491]]]},"properties":{"FID":335,"ID_BAR":216,"CODSUELO":"6600101","CODCOM":"19","COMUNA":"El Poblado","CODBAR":"011905","NOMBRE":"Poblado I","NOM_POPULA":"Poblado I","ACT_GEOGRA":1180656000000,"NORMA":"Sin","CREACION":null,"ORIGEN_NOR":"Sin","OBSERVACIO":"Ajustado SPM","COD_SISBEN":"19257","Shape_Area":94477.093454681191,"Shape__Area":95721.74462890625,"Shape__Length":1394.9835222098998,"GlobalID":"f5eb2625-29e4-46a5-841b-7f731e450142","CreationDate":1545839815055,"Creator":"sigper_arcgis","EditDate":1545839815055,"Editor":"sigper_arcgis"}},{"type":"Feature","id":336,"geometry":{"type":"Polygon","coordinates":[[[-75.7504797100349,4.80517134738116],[-75.7496091377724,4.80549793521657],[-75.7496264171093,4.80519986620122],[-75.7504006132149,4.80495338064527],[-75.7504797100349,4.80517134738116]]]},"properties":{"FID":336,"ID_BAR":217,"CODSUELO":"6600101","CODCOM":"11","COMUNA":"Olimpica","CODBAR":"011117","NOMBRE":"Jardines de La Villa","NOM_POPULA":"Jardines de La Villa","ACT_GEOGRA":1168041600000,"NORMA":"Sin","CREACION":null,"ORIGEN_NOR":"Sin","OBSERVACIO":"Ajustado SPM","COD_SISBEN":" ","Shape_Area":2713.02250464988,"Shape__Area":2748.87353515625,"Shape__Length":253.27270853056896,"GlobalID":"879ff90b-8c93-460c-a561-538639b78106","CreationDate":1545839815055,"Creator":"sigper_arcgis","EditDate":1545839815055,"Editor":"sigper_arcgis"}},{"type":"Feature","id":337,"geometry":{"type":"Polygon","coordinates":[[[-75.6702633933397,4.80320507295268],[-75.6702937112016,4.80322088290008],[-75.6703831098658,4.80331948153199],[-75.6704659646799,4.80335362974436],[-75.6705257854245,4.80342848704325],[-75.6705543415757,4.80345303988915],[-75.6706431152618,4.8034433157175],[-75.6707547037026,4.80348580233625],[-75.6707972033565,4.80351637950098],[-75.6708154763925,4.80354955099221],[-75.6708405717301,4.80369996462002],[-75.6708515902457,4.80374233778666],[-75.6708723278895,4.80378086082761],[-75.6708794369611,4.80382415166212],[-75.6708920075023,4.80383127065424],[-75.6709179905979,4.80389284295156],[-75.670982073526,4.80395961158518],[-75.6710128837797,4.8039713245383],[-75.6710457383833,4.80396919007748],[-75.6710973987237,4.80393775574394],[-75.6711764235905,4.80386813714612],[-75.671207095829,4.80384913520221],[-75.6712424155535,4.80384198480123],[-75.6712622052587,4.80384440593927],[-75.6712775226973,4.80385721245328],[-75.6712816757256,4.80387683587513],[-75.671272691909,4.8039308461221],[-75.6712987815235,4.80398003786993],[-75.671337829596,4.80401988691829],[-75.6713788833187,4.80408675991421],[-75.6712989181174,4.80446128243667],[-75.6708671891898,4.80547845308141],[-75.670771977302,4.80540897947482],[-75.670595674334,4.80527444956878],[-75.6705094433202,4.80518411668961],[-75.670417477008,4.80505342578599],[-75.6703104412339,4.80488834592202],[-75.6702439660297,4.80478976652219],[-75.6701620690866,4.80467212896599],[-75.6701046050076,4.80461832512896],[-75.6700471041245,4.80458949517931],[-75.6699840032744,4.80457119200036],[-75.6699261132943,4.8045567570917],[-75.6698523776041,4.80454147311935],[-75.6697807188007,4.80452988098638],[-75.6697562114461,4.80452258454456],[-75.6697132875011,4.80450422988991],[-75.6696629701415,4.80447359854223],[-75.6695518458746,4.80436212307181],[-75.669394705893,4.8041487844706],[-75.6693294610309,4.80407390865721],[-75.6692484073894,4.80398327631657],[-75.6691499946466,4.80387658772095],[-75.6690568984896,4.80377890795756],[-75.6685770086692,4.80337625498279],[-75.6686220150192,4.80333673046539],[-75.6686528618328,4.8033367336228],[-75.6686837067986,4.8033617812417],[-75.6687439526899,4.80341335972677],[-75.6688145177457,4.80345019212215],[-75.6689688214055,4.80346198576522],[-75.6690966805659,4.80347377719291],[-75.6691540078699,4.8034782150676],[-75.6692024949482,4.80349736592587],[-75.669259785417,4.80351799949766],[-75.6693368662298,4.80353282482844],[-75.6693985950422,4.80353283025088],[-75.6695279369482,4.80350189726946],[-75.6697602452837,4.80344106975337],[-75.6698478916876,4.80342952625092],[-75.67018046305,4.80324773771328],[-75.6702633933397,4.80320507295268]]]},"properties":{"FID":337,"ID_BAR":218,"CODSUELO":"6600101","CODCOM":"01","COMUNA":"Villa Santana","CODBAR":"010101","NOMBRE":"Bellavista","NOM_POPULA":"Bellavista","ACT_GEOGRA":1168041600000,"NORMA":"77","CREACION":1194393600000,"ORIGEN_NOR":"Concejo Municipal","OBSERVACIO":"Ajustado a delimitacion de la Norma de creacion","COD_SISBEN":"01402","Shape_Area":33742.960947062871,"Shape__Area":34186.490234375,"Shape__Length":918.93537740326826,"GlobalID":"5263c447-f722-4f49-ab5c-a124b337a32f","CreationDate":1545839815055,"Creator":"sigper_arcgis","EditDate":1545839815055,"Editor":"sigper_arcgis"}},{"type":"Feature","id":338,"geometry":{"type":"Polygon","coordinates":[[[-75.7464312218248,4.80543685234329],[-75.7473958666916,4.80446267898363],[-75.7474911512756,4.80435696733422],[-75.7475817579977,4.80442959123942],[-75.7479743995275,4.80481304553353],[-75.7481945967794,4.80504370751768],[-75.7480723043177,4.8051908206511],[-75.7480224777942,4.80519861143889],[-75.7470799929449,4.8053338269775],[-75.7470357644444,4.80534087552752],[-75.7465935199188,4.80541139619357],[-75.7464312218248,4.80543685234329]]]},"properties":{"FID":338,"ID_BAR":219,"CODSUELO":"6600101","CODCOM":"11","COMUNA":"Olimpica","CODBAR":"011125","NOMBRE":"Olimpico I","NOM_POPULA":"Olimpico I","ACT_GEOGRA":1180656000000,"NORMA":"Sin","CREACION":null,"ORIGEN_NOR":"Sin","OBSERVACIO":"Ajustado SPM","COD_SISBEN":" ","Shape_Area":10422.38191255841,"Shape__Area":10560.08349609375,"Shape__Length":484.55528551638054,"GlobalID":"465f0c09-1bf1-4627-8b57-69d608526d90","CreationDate":1545839815055,"Creator":"sigper_arcgis","EditDate":1545839815055,"Editor":"sigper_arcgis"}},{"type":"Feature","id":339,"geometry":{"type":"Polygon","coordinates":[[[-75.6986127774264,4.80535534446062],[-75.69826927425,4.80523542127458],[-75.6981802177403,4.80528676174177],[-75.697856575442,4.8051690817233],[-75.6970262886975,4.80486649120218],[-75.6968381105803,4.8047978999204],[-75.6965896204578,4.80454618420917],[-75.6960926817901,4.80388583948514],[-75.6960382464426,4.80378920704258],[-75.6959833889862,4.80367305722406],[-75.6959436378417,4.80357059632093],[-75.6959161191506,4.80316529884823],[-75.6959048507794,4.80238126933291],[-75.6958610886034,4.80219902740366],[-75.6958448577251,4.80215395230066],[-75.6958372169376,4.80213491210413],[-75.6959624335237,4.80218124579607],[-75.696215015947,4.80225653450059],[-75.6964374554516,4.80233212100222],[-75.6967901150094,4.80238111458527],[-75.6968997690709,4.80239153959762],[-75.696951356284,4.80158276848845],[-75.6968807253124,4.80142346928682],[-75.6968916091082,4.80134995898254],[-75.6970619339548,4.80139733659997],[-75.6971221842124,4.80138758995069],[-75.6971341229939,4.80136980441327],[-75.6971536313574,4.80135405021204],[-75.6971670127006,4.80134804549542],[-75.6972285993818,4.80137687353977],[-75.6972925480862,4.80135774765323],[-75.6973421627226,4.80136891263792],[-75.6973881498537,4.80140213712668],[-75.6974357571553,4.80142693737914],[-75.6974873791664,4.80144507841487],[-75.6975218160282,4.80149739557563],[-75.697566851891,4.80154522750851],[-75.697605056948,4.80157499002602],[-75.697622839057,4.80158860837405],[-75.6976459740385,4.80160010761758],[-75.697671608725,4.80160678431324],[-75.6977829530089,4.80161155866966],[-75.6978620433141,4.80158678142798],[-75.6979430694611,4.80157004143989],[-75.6980411042337,4.80156077251363],[-75.6981547716322,4.80157775069861],[-75.6982265006818,4.80160020214955],[-75.6982664668671,4.8016164355384],[-75.6984896420257,4.80178307113087],[-75.6985597143955,4.80183259899732],[-75.6987441951692,4.8018837919247],[-75.6986818859905,4.80230701351392],[-75.6987438623586,4.80228818818144],[-75.6988085844927,4.80227798123817],[-75.6988659118795,4.80227650056295],[-75.6989083443289,4.80227991050139],[-75.6989531352908,4.8022877722063],[-75.6989360401613,4.80268950022355],[-75.6988513189278,4.80350659014462],[-75.6992737354017,4.80360758248454],[-75.6992647529597,4.80367227866234],[-75.6998222839779,4.80374913182508],[-75.6997923761233,4.80405687837094],[-75.6996540229603,4.80403696744486],[-75.6987991497691,4.80395579278677],[-75.6986127774264,4.80535534446062]]]},"properties":{"FID":339,"ID_BAR":220,"CODSUELO":"6600101","CODCOM":"07","COMUNA":"Boston","CODBAR":"010726","NOMBRE":"Providencia","NOM_POPULA":"Providencia","ACT_GEOGRA":1168041600000,"NORMA":"Sin","CREACION":null,"ORIGEN_NOR":"Sin","OBSERVACIO":"Ajustado SPM","COD_SISBEN":"07254","Shape_Area":110916.75155157894,"Shape__Area":112377.01953125,"Shape__Length":1650.7884857341585,"GlobalID":"9ee0aa80-1cfd-41a5-88ea-3a9bc4a8e74e","CreationDate":1545839815055,"Creator":"sigper_arcgis","EditDate":1545839815055,"Editor":"sigper_arcgis"}},{"type":"Feature","id":340,"geometry":{"type":"Polygon","coordinates":[[[-75.7359061691297,4.80429990704011],[-75.7359867388566,4.80443260253475],[-75.7359972691143,4.80453700418354],[-75.7359835732974,4.80466791763091],[-75.735953995746,4.80481889435975],[-75.735877654949,4.80496386740984],[-75.7358220529823,4.80500512775515],[-75.7357436687865,4.80504472769996],[-75.7356484170825,4.8050987756589],[-75.7355562992424,4.80515771530721],[-75.7354532653151,4.80523765644838],[-75.7353789650713,4.80527511904461],[-75.7352739585548,4.80530198435774],[-75.7351181392255,4.80530463561597],[-75.734948691641,4.80529027905144],[-75.7347156835058,4.80524391831102],[-75.7344828863218,4.80517821647333],[-75.7342412148554,4.80510564521853],[-75.734339738704,4.80478703464856],[-75.7345864809049,4.80486345627262],[-75.7347734217555,4.80427093697941],[-75.7347947255604,4.80421568937773],[-75.7348672975119,4.80396387727735],[-75.7358308114856,4.80425645881957],[-75.7359061691297,4.80429990704011]]]},"properties":{"FID":340,"ID_BAR":221,"CODSUELO":"6600101","CODCOM":"10","COMUNA":"Consota","CODBAR":"011017","NOMBRE":"Plan Camilo","NOM_POPULA":"Las Mercedes","ACT_GEOGRA":1180656000000,"NORMA":"Sin","CREACION":null,"ORIGEN_NOR":"Sin","OBSERVACIO":"Ajustado SPM, Visita de campo","COD_SISBEN":"10096","Shape_Area":18302.624724428821,"Shape__Area":18544.240234375,"Shape__Length":567.84112595648071,"GlobalID":"95d71af5-0b62-4d11-b48e-7de899b96970","CreationDate":1545839815055,"Creator":"sigper_arcgis","EditDate":1545839815055,"Editor":"sigper_arcgis"}},{"type":"Feature","id":341,"geometry":{"type":"Polygon","coordinates":[[[-75.7283852406375,4.80347181712814],[-75.7282548469659,4.80400394651433],[-75.72799081835,4.80526452266827],[-75.7278470770866,4.80519823562497],[-75.7277055891203,4.80510068712451],[-75.7275967082382,4.80499478459733],[-75.7275519875482,4.80492733207204],[-75.7275156823607,4.80485394570992],[-75.727357431949,4.80429018359468],[-75.7273166545993,4.80419775618171],[-75.7272865123984,4.80415757446359],[-75.7272402418272,4.80410974503419],[-75.7271861537979,4.80406804499424],[-75.7271154804679,4.80402969960545],[-75.7273265490694,4.80295046338463],[-75.7273979618557,4.80299952958793],[-75.7274987070996,4.80307342861859],[-75.7275369135359,4.80310571488155],[-75.7275880087962,4.80316014982646],[-75.7276214963338,4.80320580678556],[-75.7276637179194,4.80324667777845],[-75.7277181927972,4.80328917229891],[-75.7277697099118,4.80332112418153],[-75.7280166618915,4.80342098592519],[-75.7281859326949,4.80343532742257],[-75.7282562542375,4.80345689270811],[-75.7282785792666,4.80344945671153],[-75.7283043199801,4.80344564189151],[-75.728327138533,4.8034461716112],[-75.7283491823426,4.80345021657895],[-75.7283852406375,4.80347181712814]]]},"properties":{"FID":341,"ID_BAR":222,"CODSUELO":"6600101","CODCOM":"10","COMUNA":"Consota","CODBAR":"011009","NOMBRE":"La Divisa","NOM_POPULA":"La Divisa","ACT_GEOGRA":1180656000000,"NORMA":"64","CREACION":597369600000,"ORIGEN_NOR":"Concejo Municipal","OBSERVACIO":"No aplica la Norma de creacion del CMP","COD_SISBEN":"10091","Shape_Area":20092.324946495221,"Shape__Area":20357.3994140625,"Shape__Length":642.86186901405,"GlobalID":"65e1d1ce-d020-4360-a204-4f0692c6e7b0","CreationDate":1545839815055,"Creator":"sigper_arcgis","EditDate":1545839815055,"Editor":"sigper_arcgis"}},{"type":"Feature","id":342,"geometry":{"type":"Polygon","coordinates":[[[-75.730826667667,4.80522153858489],[-75.7305837652283,4.80517408204444],[-75.7305397127223,4.80513149796207],[-75.7300251020198,4.80505014822219],[-75.7295983842142,4.80498031331304],[-75.7295662347533,4.8049406267206],[-75.7294375994026,4.8049257374887],[-75.7294289726547,4.80499836505158],[-75.7293942867525,4.80499329612043],[-75.7288002000169,4.80490518150753],[-75.7286820220677,4.80451595726963],[-75.7287931538361,4.80376520400506],[-75.7288519603963,4.80381395225959],[-75.7289115421793,4.8038520667162],[-75.7289660873962,4.80387901966354],[-75.7290322536667,4.80388951101045],[-75.729085320421,4.80388919285288],[-75.729162649065,4.80388182672128],[-75.7292269129722,4.80386933948115],[-75.7292847688278,4.80387633375175],[-75.7293703027531,4.80388011276456],[-75.7294271016127,4.80387832924935],[-75.7294879156379,4.80386907349628],[-75.7295705260061,4.80384992794542],[-75.7296356008122,4.80382928043642],[-75.7296921879227,4.80382839692038],[-75.7297232816639,4.80384166123391],[-75.7297532486009,4.80386241433935],[-75.7297813492854,4.80389318161622],[-75.7298003643833,4.80392739347552],[-75.7298210702718,4.80397898466138],[-75.7298748771829,4.8041662227722],[-75.7299763631542,4.80430374064535],[-75.7300248522806,4.80435273514009],[-75.730123802337,4.80439890382463],[-75.7301395072045,4.80442719931655],[-75.73015996692,4.80445134373169],[-75.7301837359714,4.80447040122571],[-75.7302028924809,4.80448126336278],[-75.7302253230441,4.80448389419618],[-75.7302449367993,4.80447944340374],[-75.7302619447693,4.80446921686174],[-75.7302878271772,4.80448368230004],[-75.7303049404594,4.80449784744029],[-75.7303215618474,4.80451697578895],[-75.7303324071471,4.80453437320666],[-75.7309131515027,4.80503672020378],[-75.7308753673156,4.80505775622317],[-75.7308348016245,4.80508998982983],[-75.7308222302266,4.80515168411954],[-75.730826667667,4.80522153858489]]]},"properties":{"FID":342,"ID_BAR":223,"CODSUELO":"6600101","CODCOM":"10","COMUNA":"Consota","CODBAR":"011027","NOMBRE":"Villa de La Paz","NOM_POPULA":"Villa de La Paz","ACT_GEOGRA":1180656000000,"NORMA":"85","CREACION":1006473600000,"ORIGEN_NOR":"Concejo Municipal","OBSERVACIO":"Ajustado a delimitacion de la Norma de creacion","COD_SISBEN":"10403","Shape_Area":21580.249352549348,"Shape__Area":21865.0205078125,"Shape__Length":700.42435683424412,"GlobalID":"3aeef676-8dbb-4c56-8e12-421ad37f89a9","CreationDate":1545839815055,"Creator":"sigper_arcgis","EditDate":1545839815055,"Editor":"sigper_arcgis"}},{"type":"Feature","id":343,"geometry":{"type":"Polygon","coordinates":[[[-75.7328728897133,4.80520924868147],[-75.732806828419,4.805180459718],[-75.7327152735708,4.80515394931423],[-75.7326377681325,4.80514243420912],[-75.732510999613,4.80513823156599],[-75.7323402497672,4.80512079981936],[-75.732175414948,4.80509079340546],[-75.731927686822,4.80499896928656],[-75.73184254014,4.80495523736826],[-75.7317112645884,4.8049166470714],[-75.7316627048488,4.80491366184006],[-75.7314028297575,4.80497232026654],[-75.7313231766032,4.80498111677456],[-75.7312289811622,4.8049859211646],[-75.731152884447,4.80498541016583],[-75.7311236223694,4.80498842978858],[-75.731196228672,4.80450075615414],[-75.7312930629233,4.80397546182865],[-75.7313407756226,4.80378449691851],[-75.7317612956821,4.80397971483721],[-75.7318575339168,4.80400071437903],[-75.7320519480595,4.80404315571848],[-75.7323288667162,4.80404371835219],[-75.7325816634085,4.80399558681135],[-75.7327202279597,4.80394724435437],[-75.7333157918877,4.80380101277733],[-75.7330592690496,4.8046322554992],[-75.7328728897133,4.80520924868147]]]},"properties":{"FID":343,"ID_BAR":224,"CODSUELO":"6600101","CODCOM":"10","COMUNA":"Consota","CODBAR":"011023","NOMBRE":"Vendedores Ambulantes","NOM_POPULA":"Las Mercedes","ACT_GEOGRA":1180656000000,"NORMA":"142","CREACION":502416000000,"ORIGEN_NOR":"Concejo Municipal","OBSERVACIO":"Ajustado a delimitacion de la Norma de creacion","COD_SISBEN":"10100","Shape_Area":25617.644193092859,"Shape__Area":25955.7421875,"Shape__Length":731.26436719197363,"GlobalID":"aa50e7b0-a144-4bdd-a1a9-6649d183121b","CreationDate":1545839815055,"Creator":"sigper_arcgis","EditDate":1545839815055,"Editor":"sigper_arcgis"}},{"type":"Feature","id":344,"geometry":{"type":"Polygon","coordinates":[[[-75.6969909577602,4.80514021969601],[-75.6957093658932,4.80504483922003],[-75.695570627475,4.80499256999797],[-75.6944553803218,4.80499165265585],[-75.6944312407146,4.80464298071334],[-75.6947450959938,4.80469294381259],[-75.6950022249501,4.80469295629853],[-75.6953361563896,4.80464274018318],[-75.6955532477127,4.80464274993725],[-75.6957940338545,4.80473652996497],[-75.6962314870531,4.80481357495942],[-75.6964151629828,4.80475665774486],[-75.6965243641127,4.80466409500311],[-75.6966604614872,4.80474262752232],[-75.6968381105803,4.8047978999204],[-75.6970262886975,4.80486649120218],[-75.6969909577602,4.80514021969601]]]},"properties":{"FID":344,"ID_BAR":225,"CODSUELO":"6600101","CODCOM":"07","COMUNA":"Boston","CODBAR":"010737","NOMBRE":"Verona","NOM_POPULA":"Verona","ACT_GEOGRA":1180656000000,"NORMA":"Sin","CREACION":null,"ORIGEN_NOR":"Sin","OBSERVACIO":"Ajustado SPM","COD_SISBEN":" ","Shape_Area":10269.97742758598,"Shape__Area":10405.21142578125,"Shape__Length":655.49491672881538,"GlobalID":"86dfc021-8f0f-453c-9603-7e1b1bbd0945","CreationDate":1545839815055,"Creator":"sigper_arcgis","EditDate":1545839815055,"Editor":"sigper_arcgis"}},{"type":"Feature","id":345,"geometry":{"type":"Polygon","coordinates":[[[-75.6911034502534,4.80484600123347],[-75.6910930618973,4.80484031356599],[-75.6910910668418,4.80461946446309],[-75.6912773887837,4.80311667824284],[-75.6910766048135,4.80305723427465],[-75.6907988834021,4.80292441629323],[-75.6907033885485,4.80284609744652],[-75.6906628244246,4.80281727001638],[-75.6905078184914,4.80275037476631],[-75.6904661979119,4.8027225721726],[-75.6904410223993,4.80268673353563],[-75.6903729603615,4.80257660565607],[-75.6903147948474,4.80246089735821],[-75.6902877196359,4.80238759765389],[-75.6902708916933,4.80231129567182],[-75.6902645568912,4.80223340402663],[-75.6902663931088,4.80214754810991],[-75.690279320183,4.80206266399284],[-75.6903031288451,4.80198018234776],[-75.690291651413,4.80193816260511],[-75.6903009137367,4.80191906997687],[-75.6902552117238,4.80183194032211],[-75.6902353238338,4.80168090846767],[-75.6902022247957,4.80165589681091],[-75.6901539839977,4.80163706603762],[-75.690132715042,4.80163966168401],[-75.690080846715,4.80161514342895],[-75.6900819752774,4.8015815677708],[-75.6900405015413,4.80143878390299],[-75.6900186417004,4.80130255264991],[-75.6900162918127,4.80112084343072],[-75.6900316502666,4.80102080527612],[-75.6899987701116,4.80086163051708],[-75.6900046552602,4.80076289842371],[-75.6900323014612,4.80069943931509],[-75.6901037908277,4.80058153026321],[-75.6901198552161,4.80044563739069],[-75.6901455635825,4.80038987858242],[-75.6901801105954,4.80033915427484],[-75.6901838459503,4.80029280888493],[-75.6901918755347,4.8002763300453],[-75.6902602265452,4.80022816870816],[-75.6903495709889,4.80006795867089],[-75.690444195425,4.79994793138954],[-75.6905386808766,4.79979317951478],[-75.6905740411494,4.79968288039389],[-75.6905738697912,4.79959637037057],[-75.6905563355212,4.79954894571175],[-75.6905254277561,4.79937557154695],[-75.6905030705739,4.79930704034305],[-75.690383743132,4.79911720016194],[-75.6898286131281,4.79901151380488],[-75.689863514538,4.79890978141921],[-75.6899018337377,4.79877256506859],[-75.6899569191671,4.79855569233071],[-75.6900043620979,4.7983617459362],[-75.6900353892067,4.79827027467012],[-75.6901469243331,4.79798773665037],[-75.6902858587149,4.79764514896518],[-75.6903551966899,4.79758112630246],[-75.6904336536685,4.79753904157902],[-75.6905126371598,4.79753122114106],[-75.691088297608,4.79759741451343],[-75.6911909817256,4.79687792867851],[-75.6912023591978,4.79679352137124],[-75.6920046148132,4.79688235088357],[-75.6937453995222,4.79708762081797],[-75.6936729113889,4.79748316409829],[-75.6934471904906,4.79831453468632],[-75.6934852647361,4.79885722815734],[-75.6935556691147,4.79930875016306],[-75.6936366883121,4.79944289919894],[-75.693819430672,4.79973140394958],[-75.6938395650025,4.79989877249557],[-75.6938392082627,4.7999948734734],[-75.6938431815209,4.8001107736609],[-75.6938498328262,4.80020267057818],[-75.6938777497331,4.80034416489132],[-75.6938870430039,4.80041341905254],[-75.6938684442114,4.80054263524375],[-75.6937847769077,4.80054994383434],[-75.6936218789417,4.80057079522861],[-75.6933662646692,4.80060616007365],[-75.6930733943471,4.80063915656976],[-75.6930075433135,4.80067391272011],[-75.6929520799547,4.80071735881657],[-75.6929226041892,4.80077295826794],[-75.6929070018869,4.80083726559429],[-75.6929052719315,4.80092066735405],[-75.692931043226,4.80102042483243],[-75.692972624117,4.80114033660124],[-75.6930041320246,4.80130018214576],[-75.6930133158332,4.80144109239303],[-75.693010244669,4.80159118636001],[-75.6930002774126,4.80163186166303],[-75.692835555822,4.801504950372],[-75.692794075079,4.80149401494154],[-75.6927537213625,4.80148415760853],[-75.6927024505916,4.80148634528853],[-75.6926467779193,4.80149948284619],[-75.6926064215864,4.8015235370808],[-75.6925487738433,4.80159144571853],[-75.692460523447,4.80170884194116],[-75.6923075464247,4.80192044636696],[-75.6921870376297,4.80210078975597],[-75.6921750268923,4.80215059714336],[-75.6923359887841,4.80211621688946],[-75.6923201746981,4.80219029193556],[-75.692306962845,4.8023199501476],[-75.6922979765017,4.80245372310451],[-75.6923128683351,4.80252852407406],[-75.6923613533494,4.80260147217447],[-75.6924303677641,4.80268374649212],[-75.6925236096841,4.80274920688077],[-75.6926149861691,4.80278473058968],[-75.6926988988351,4.80281092838881],[-75.6928416533124,4.80281485609788],[-75.6932668909977,4.80280364397604],[-75.6934944049436,4.80280180038562],[-75.6935839181327,4.80278310106615],[-75.6936958289183,4.8027326094589],[-75.6938132334259,4.80265885797531],[-75.6939267975144,4.80263537256701],[-75.6938151194512,4.80297990502709],[-75.693498267768,4.8030233215922],[-75.6932975515759,4.80300739813625],[-75.6928763586059,4.80312389524652],[-75.6928056146216,4.80312339722659],[-75.6925772940095,4.80306497627584],[-75.692173613742,4.80293559780553],[-75.6920868840364,4.80292587854832],[-75.692013146019,4.80294606340296],[-75.6919273633438,4.80300694098668],[-75.6918854566598,4.80306232704105],[-75.6918652403786,4.8031233314923],[-75.6918561523665,4.8031806275657],[-75.691854777759,4.80321067155645],[-75.6918561496469,4.80325071171026],[-75.6918714988212,4.80331500320051],[-75.6918889282084,4.80333944868804],[-75.6919091046406,4.80336112163178],[-75.6919404784658,4.8033778848655],[-75.692020623618,4.80339184159144],[-75.6922695815958,4.80342396445683],[-75.6923454300181,4.80343560801314],[-75.6923796213822,4.80345129390951],[-75.6924121579399,4.80347690555349],[-75.6924361715663,4.8035165053281],[-75.6924524374216,4.80356154526889],[-75.6924715201864,4.80362143894237],[-75.692491025926,4.80368073228632],[-75.6924790471808,4.80379057365555],[-75.6924475272785,4.80388232790959],[-75.6923980120642,4.80397862006501],[-75.6922838727674,4.80423201487777],[-75.6921381764482,4.80458027279208],[-75.6921096458332,4.80473221976701],[-75.6921126662338,4.80489621394856],[-75.6921528738362,4.80501644392563],[-75.6921631556463,4.80503696761971],[-75.6918311288716,4.80500086697387],[-75.6916787967174,4.80496671808304],[-75.6912348626961,4.80491808835469],[-75.6911034502534,4.80484600123347]]]},"properties":{"FID":345,"ID_BAR":226,"CODSUELO":"6600101","CODCOM":"06","COMUNA":"Universidad","CODBAR":"010616","NOMBRE":"Los Angeles","NOM_POPULA":"Los Angeles","ACT_GEOGRA":1168041600000,"NORMA":"Sin","CREACION":null,"ORIGEN_NOR":"Sin","OBSERVACIO":"Ajustado SPM","COD_SISBEN":"06243","Shape_Area":246582.41074204835,"Shape__Area":249825.33056640625,"Shape__Length":3109.4923504995159,"GlobalID":"7afb2c31-e561-42f3-885b-31fd331350f4","CreationDate":1545839815055,"Creator":"sigper_arcgis","EditDate":1545839815055,"Editor":"sigper_arcgis"}},{"type":"Feature","id":346,"geometry":{"type":"Polygon","coordinates":[[[-75.6702227689919,4.8086210329163],[-75.6706357646322,4.80893042230798],[-75.6708335846985,4.80906131567202],[-75.6713154327784,4.80926602591383],[-75.6717478375667,4.80950690375242],[-75.671958158717,4.80963378889399],[-75.6718622427925,4.80999647622446],[-75.6712158498206,4.80968090449844],[-75.6710388382583,4.80957851950225],[-75.6707376672403,4.80943334589918],[-75.6705402275478,4.80939238848087],[-75.670458498545,4.80935825866758],[-75.6700074509341,4.80887800113563],[-75.6698678053248,4.80873520776222],[-75.6700112140295,4.80850726964774],[-75.6701389269579,4.80859691724477],[-75.6702227689919,4.8086210329163]]]},"properties":{"FID":346,"ID_BAR":137,"CODSUELO":"6600101","CODCOM":"05","COMUNA":"Oriente","CODBAR":"010516","NOMBRE":"Paz Del Rio","NOM_POPULA":"Paz Del Rio","ACT_GEOGRA":1180656000000,"NORMA":"Sin","CREACION":null,"ORIGEN_NOR":"Sin","OBSERVACIO":"Ajustado SPM, Visita de campo","COD_SISBEN":"05048","Shape_Area":10978.480625458589,"Shape__Area":11122.95703125,"Shape__Length":592.06010656611318,"GlobalID":"f6b37c07-da67-48a0-8b89-635db319321e","CreationDate":1545839815055,"Creator":"sigper_arcgis","EditDate":1545839815055,"Editor":"sigper_arcgis"}},{"type":"Feature","id":347,"geometry":{"type":"Polygon","coordinates":[[[-75.7063675053425,4.80988082267695],[-75.7063378561575,4.80986965855434],[-75.7062846841067,4.80985415012681],[-75.7062320391301,4.8098441158671],[-75.7061883741544,4.80985374014027],[-75.7060859347652,4.80992643543301],[-75.7060244864758,4.8099422057659],[-75.7060044857985,4.80993683612172],[-75.7059681458498,4.80990414215619],[-75.7058026091076,4.80979440082276],[-75.7057529581419,4.8097766311931],[-75.7057237662804,4.80976617403073],[-75.705662777204,4.8097510891832],[-75.7056248873038,4.80974490601442],[-75.705692436183,4.80945072551335],[-75.7058205553341,4.80905659513314],[-75.7053391883165,4.8089370415918],[-75.7050075480031,4.80884753625244],[-75.705152080556,4.80836090980619],[-75.7048783655833,4.80833993591649],[-75.7052989803312,4.80759687901156],[-75.7053814126103,4.80770787139698],[-75.7054072587048,4.80772572867828],[-75.7054508884541,4.80772687879625],[-75.7055680802847,4.80769291734448],[-75.7056955857853,4.80780117350666],[-75.7060095131564,4.80785883288709],[-75.7060565940552,4.80787149845416],[-75.7061493794585,4.80793119964089],[-75.7063473092465,4.80813725370977],[-75.7063360058946,4.80815276070812],[-75.7062308872235,4.80834725498733],[-75.7062984506892,4.80873937742475],[-75.7062030793506,4.80915281298109],[-75.7065034853975,4.80922050444717],[-75.7063675053425,4.80988082267695]]]},"properties":{"FID":347,"ID_BAR":138,"CODSUELO":"6600101","CODCOM":"16","COMUNA":"San Nicolas","CODBAR":"011603","NOMBRE":"Las Antillas","NOM_POPULA":"Las Antillas","ACT_GEOGRA":1180656000000,"NORMA":"Sin","CREACION":null,"ORIGEN_NOR":"Sin","OBSERVACIO":"Ajustado SPM","COD_SISBEN":" ","Shape_Area":24730.50658215606,"Shape__Area":25056.6533203125,"Shape__Length":817.59870254479767,"GlobalID":"41e0340c-7612-495a-b3be-84f6f9104649","CreationDate":1545839815055,"Creator":"sigper_arcgis","EditDate":1545839815055,"Editor":"sigper_arcgis"}},{"type":"Feature","id":348,"geometry":{"type":"Polygon","coordinates":[[[-75.7311236223694,4.80498842978858],[-75.7310251654651,4.80499855153868],[-75.7309893883617,4.80500898964332],[-75.7309494918352,4.80501849294969],[-75.7309131515027,4.80503672020378],[-75.7303324071471,4.80453437320666],[-75.7303215618474,4.80451697578895],[-75.7303049404594,4.80449784744029],[-75.7302878271772,4.80448368230004],[-75.7302619447693,4.80446921686174],[-75.7302449367993,4.80447944340374],[-75.7302253230441,4.80448389419618],[-75.7302028924809,4.80448126336278],[-75.7301837359714,4.80447040122571],[-75.73015996692,4.80445134373169],[-75.7301395072045,4.80442719931655],[-75.730123802337,4.80439890382463],[-75.7300248522806,4.80435273514009],[-75.7299763631542,4.80430374064535],[-75.7298748771829,4.8041662227722],[-75.7298210702718,4.80397898466138],[-75.7298003643833,4.80392739347552],[-75.7297813492854,4.80389318161622],[-75.7297532486009,4.80386241433935],[-75.7297232816639,4.80384166123391],[-75.7296921879227,4.80382839692038],[-75.7297975096102,4.80338118703971],[-75.7298188134125,4.80324486924412],[-75.7298035998588,4.8029081030745],[-75.7298244098025,4.80269143980111],[-75.7299143088757,4.80251951470456],[-75.7300812186193,4.80229733959782],[-75.7300945646529,4.80230790184882],[-75.7303462360788,4.80259809158426],[-75.7311659404739,4.80366169166827],[-75.7313407756226,4.80378449691851],[-75.7312930629233,4.80397546182865],[-75.731196228672,4.80450075615414],[-75.7311236223694,4.80498842978858]]]},"properties":{"FID":348,"ID_BAR":227,"CODSUELO":"6600101","CODCOM":"10","COMUNA":"Consota","CODBAR":"011025","NOMBRE":"Villa Cecilia","NOM_POPULA":"Villa Cecilia","ACT_GEOGRA":1168041600000,"NORMA":"Sin","CREACION":null,"ORIGEN_NOR":"Sin","OBSERVACIO":"Ajustado SPM","COD_SISBEN":"10278","Shape_Area":31112.51890312121,"Shape__Area":31523.02783203125,"Shape__Length":760.90272228732749,"GlobalID":"75fa80d6-fc59-4221-93be-b1eddfb836e1","CreationDate":1545839815055,"Creator":"sigper_arcgis","EditDate":1545839815055,"Editor":"sigper_arcgis"}},{"type":"Feature","id":349,"geometry":{"type":"Polygon","coordinates":[[[-75.7453491340384,4.8050161500588],[-75.7453277493165,4.80461636499902],[-75.7453302101542,4.80448103607393],[-75.7454088377985,4.80432562393165],[-75.7462052024217,4.80351273024455],[-75.7463258407293,4.80342432683723],[-75.7463998586536,4.8034011338202],[-75.7464669399737,4.80340113275934],[-75.7465525450327,4.80341967493082],[-75.7466658988243,4.80350782447955],[-75.7468046789725,4.80365162626467],[-75.7474911512756,4.80435696733422],[-75.7473958666916,4.80446267898363],[-75.7472695911923,4.80446504898678],[-75.746852982167,4.80451713009087],[-75.7456850265174,4.80467845523488],[-75.7457186981844,4.80495501068504],[-75.7454979460653,4.80499072927678],[-75.7453491340384,4.8050161500588]]]},"properties":{"FID":349,"ID_BAR":228,"CODSUELO":"6600101","CODCOM":"11","COMUNA":"Olimpica","CODBAR":"011126","NOMBRE":"Olimpico II","NOM_POPULA":"Olimpico II","ACT_GEOGRA":1168041600000,"NORMA":"57","CREACION":902016000000,"ORIGEN_NOR":"Concejo Municipal","OBSERVACIO":"Ajustado a delimitacion de la Norma de creacion","COD_SISBEN":" ","Shape_Area":20866.9218508651,"Shape__Area":21142.54736328125,"Shape__Length":677.53656828427165,"GlobalID":"16fa1780-5873-444a-ae31-99acc7ac0dbb","CreationDate":1545839815055,"Creator":"sigper_arcgis","EditDate":1545839815055,"Editor":"sigper_arcgis"}},{"type":"Feature","id":350,"geometry":{"type":"Polygon","coordinates":[[[-75.7628895799191,4.80986783683527],[-75.762292905633,4.80961485636266],[-75.7621831773852,4.80957236657424],[-75.7622234919037,4.80947813645593],[-75.7624542887231,4.80892937541964],[-75.7626581458813,4.80901566185721],[-75.7628895799191,4.80986783683527]]]},"properties":{"FID":350,"ID_BAR":139,"CODSUELO":"6600101","CODCOM":"11","COMUNA":"Olimpica","CODBAR":"011133","NOMBRE":"San Felipe","NOM_POPULA":"San Felipe","ACT_GEOGRA":1180656000000,"NORMA":"Sin","CREACION":null,"ORIGEN_NOR":"Sin","OBSERVACIO":"Ajustado SPM","COD_SISBEN":" ","Shape_Area":4205.38109527656,"Shape__Area":4261.048828125,"Shape__Length":286.48071028950784,"GlobalID":"b337cfa7-627f-4154-94bf-a8c34cbe7a4d","CreationDate":1545839815055,"Creator":"sigper_arcgis","EditDate":1545839815055,"Editor":"sigper_arcgis"}},{"type":"Feature","id":351,"geometry":{"type":"Polygon","coordinates":[[[-75.6783717219519,4.80943066379631],[-75.6783805414006,4.80920668931356],[-75.6783002588393,4.80814261900599],[-75.6797433478486,4.80817652563088],[-75.6804846288357,4.80820064979419],[-75.6807034536146,4.80809903610332],[-75.6808402317783,4.8079710641216],[-75.6810271324189,4.80765569893526],[-75.6814194834554,4.80710992537414],[-75.6818405649581,4.80661284846169],[-75.6818715416129,4.80679099229965],[-75.6820384779807,4.80750484190297],[-75.6821034040031,4.80762797034922],[-75.6821597215958,4.807993848321],[-75.6822016206893,4.80806801474697],[-75.6820930310599,4.80901472396792],[-75.6812485433651,4.80889972184415],[-75.6811621778858,4.80975112613278],[-75.6783717219519,4.80943066379631]]]},"properties":{"FID":351,"ID_BAR":140,"CODSUELO":"6600101","CODCOM":"06","COMUNA":"Universidad","CODBAR":"010619","NOMBRE":"Popular Modelo","NOM_POPULA":"Popular Modelo","ACT_GEOGRA":1168041600000,"NORMA":"Sin","CREACION":null,"ORIGEN_NOR":"Sin","OBSERVACIO":"Ajustado SPM","COD_SISBEN":"06232","Shape_Area":74041.167338159008,"Shape__Area":75015.97412109375,"Shape__Length":1401.933783312141,"GlobalID":"caf14f81-f60b-4704-bdaa-65d3a6f10b83","CreationDate":1545839815055,"Creator":"sigper_arcgis","EditDate":1545839815055,"Editor":"sigper_arcgis"}},{"type":"Feature","id":352,"geometry":{"type":"Polygon","coordinates":[[[-75.6666576690112,4.80415524237246],[-75.6666181585674,4.80416073217584],[-75.6664145241721,4.80411064136156],[-75.6663274430362,4.80408613630841],[-75.666304936517,4.80414758118378],[-75.666221458339,4.80440129264803],[-75.6660618286213,4.80487137780279],[-75.6660009849092,4.80481347505681],[-75.6659255276126,4.80475770901861],[-75.6658303508146,4.80469959143466],[-75.6658630017868,4.80460939312125],[-75.6659304925753,4.80436553606239],[-75.6659670211224,4.80422593672146],[-75.6659928778261,4.80410689469798],[-75.66600965216,4.80396471502287],[-75.6659666641206,4.80388079772845],[-75.6659465003951,4.80372771669415],[-75.6658846415012,4.80360435804261],[-75.6657699235179,4.80351861527526],[-75.6656991176241,4.80342462731793],[-75.6656186695302,4.80326074937571],[-75.6654851528521,4.80311850355927],[-75.6654216332228,4.80306476919951],[-75.6653356825559,4.80300338456723],[-75.6652028294825,4.80292935030405],[-75.6650661356803,4.80287497350076],[-75.6650303958471,4.80285596541473],[-75.6650570562532,4.80281145903026],[-75.6650663886342,4.80280460680186],[-75.6650822004374,4.80279605936917],[-75.6651035049822,4.8027892617665],[-75.6651244919812,4.80278700265568],[-75.6653691841046,4.80284926655479],[-75.6656988394978,4.80299121237863],[-75.6658377123692,4.80308857946961],[-75.6659775703615,4.80319467160097],[-75.6661330263992,4.80332300177227],[-75.6663552546768,4.80336655965402],[-75.666570433989,4.80348108308874],[-75.6668253009306,4.8035635709729],[-75.6667345634618,4.80388065388587],[-75.6666576690112,4.80415524237246]]]},"properties":{"FID":352,"ID_BAR":229,"CODSUELO":"6600101","CODCOM":"05","COMUNA":"Oriente","CODBAR":"010521","NOMBRE":"Simon Bolivar","NOM_POPULA":"Simon Bolivar","ACT_GEOGRA":1180656000000,"NORMA":"Sin","CREACION":null,"ORIGEN_NOR":"Sin","OBSERVACIO":"Ajustado SPM, Visita de campo","COD_SISBEN":"05052","Shape_Area":12614.094016910571,"Shape__Area":12779.8359375,"Shape__Length":714.4997190357617,"GlobalID":"1e821345-f7ff-4fee-b76d-968e40047c5c","CreationDate":1545839815055,"Creator":"sigper_arcgis","EditDate":1545839815055,"Editor":"sigper_arcgis"}},{"type":"Feature","id":353,"geometry":{"type":"Polygon","coordinates":[[[-75.6879381866535,4.80968585978039],[-75.6862610030032,4.80949255460198],[-75.6863171300663,4.80895127973733],[-75.6856254128844,4.80861358877594],[-75.6855110748803,4.80859167986456],[-75.685606063668,4.8071244620069],[-75.6859959669354,4.80740937852341],[-75.6864109376572,4.80778571571826],[-75.6868042898452,4.80812342417588],[-75.6869448566204,4.80823279724801],[-75.6870902845101,4.80830085830168],[-75.6871969438221,4.80835190842168],[-75.687281772934,4.80836892202185],[-75.6880683040743,4.80839097516752],[-75.6879381866535,4.80968585978039]]]},"properties":{"FID":353,"ID_BAR":141,"CODSUELO":"6600101","CODCOM":"06","COMUNA":"Universidad","CODBAR":"010617","NOMBRE":"Los Rosales","NOM_POPULA":"Los Rosales","ACT_GEOGRA":1168041600000,"NORMA":"Sin","CREACION":null,"ORIGEN_NOR":"Sin","OBSERVACIO":"Ajustado SPM","COD_SISBEN":"06226","Shape_Area":41709.626201162042,"Shape__Area":42259.00830078125,"Shape__Length":979.28712584056063,"GlobalID":"6d88c8f0-ce1f-4f72-bbf7-fe283872e35e","CreationDate":1545839815055,"Creator":"sigper_arcgis","EditDate":1545839815055,"Editor":"sigper_arcgis"}},{"type":"Feature","id":354,"geometry":{"type":"Polygon","coordinates":[[[-75.6965243641127,4.80466409500311],[-75.6964151629828,4.80475665774486],[-75.6962314870531,4.80481357495942],[-75.6957940338545,4.80473652996497],[-75.6955532477127,4.80464274993725],[-75.6953361563896,4.80464274018318],[-75.6950022249501,4.80469295629853],[-75.6947450959938,4.80469294381259],[-75.6944312407146,4.80464298071334],[-75.6942692958188,4.80459781066855],[-75.6936558742688,4.80465733838849],[-75.6936656000159,4.804518389395],[-75.6938395656815,4.80429198472462],[-75.6940366598768,4.80419552267452],[-75.6943071391102,4.80409397772044],[-75.6949859261554,4.80382331744197],[-75.6952631959116,4.80384606118614],[-75.6954067606757,4.80385728389837],[-75.6955093362244,4.80387786535095],[-75.6956379686886,4.80392460569612],[-75.6957274795588,4.80397696041839],[-75.695815086888,4.80404240365218],[-75.6959344208233,4.80414151179969],[-75.6961402710929,4.80432563260374],[-75.6965243641127,4.80466409500311]]]},"properties":{"FID":354,"ID_BAR":230,"CODSUELO":"6600101","CODCOM":"07","COMUNA":"Boston","CODBAR":"010735","NOMBRE":"Vasconia","NOM_POPULA":"Vasconia","ACT_GEOGRA":1180656000000,"NORMA":"Sin","CREACION":null,"ORIGEN_NOR":"Sin","OBSERVACIO":"Ajustado SPM","COD_SISBEN":" ","Shape_Area":20561.73041844727,"Shape__Area":20832.4521484375,"Shape__Length":716.91293887447512,"GlobalID":"8dd9d0d0-8dcf-41a4-9b92-289e79feaf08","CreationDate":1545839815055,"Creator":"sigper_arcgis","EditDate":1545839815055,"Editor":"sigper_arcgis"}},{"type":"Feature","id":355,"geometry":{"type":"Polygon","coordinates":[[[-75.7386923048117,4.80835899251658],[-75.7386729026764,4.80837776788875],[-75.7385237753435,4.80850755284411],[-75.7383967960869,4.80859828609547],[-75.738251013964,4.80872808838717],[-75.7379651168638,4.80891277002742],[-75.7379072963947,4.8089657047733],[-75.7378482092222,4.8090539288228],[-75.7376659467354,4.8092946163031],[-75.7375951330654,4.80935687704611],[-75.7375184736761,4.80939720100994],[-75.737450581632,4.8094198804929],[-75.7372934584099,4.80943249397588],[-75.7371715483027,4.80942871559167],[-75.7369637870207,4.80938979104449],[-75.7367535603215,4.80935809045027],[-75.7363764571862,4.80936816330019],[-75.7361477093044,4.80937572643795],[-75.7359717107528,4.80939211937897],[-75.7358393778825,4.80941744903034],[-75.7357232792119,4.80944759943826],[-75.735555274704,4.80946159055689],[-75.7353688176669,4.80946775679928],[-75.7352845864973,4.80944760567707],[-75.735212679156,4.80939774612969],[-75.7351632037889,4.8093512947914],[-75.7353141262282,4.80911973985608],[-75.735452408052,4.8089341964678],[-75.7355953730806,4.80871661244211],[-75.7358580269167,4.80831924322152],[-75.7359780328554,4.80813445831434],[-75.7361636042574,4.80786035478376],[-75.7362813567942,4.80769316286278],[-75.7367632092837,4.80695458926071],[-75.7369157517038,4.80677104062427],[-75.738743693296,4.80500601916617],[-75.7388638049049,4.80490996984211],[-75.7391587482698,4.80462588455061],[-75.7392102664391,4.80467713925443],[-75.7397185148085,4.80533467856021],[-75.7399925538538,4.80572246638842],[-75.7402914892207,4.80610016850705],[-75.7403265968268,4.80607768376837],[-75.7404673844285,4.80630518854855],[-75.7405137617877,4.80635806857526],[-75.7406570087262,4.80625463564674],[-75.7417599931071,4.80580931023078],[-75.7419691227947,4.80565161677553],[-75.7421436781133,4.80572162667916],[-75.7426102354,4.80631943128702],[-75.7426360135796,4.80637888137054],[-75.7426403119837,4.80648791064148],[-75.7425998184739,4.80655912566547],[-75.7427763440692,4.80656714057056],[-75.7430298807236,4.80653447697209],[-75.7430293880197,4.80654823583502],[-75.7430320678481,4.80667581059668],[-75.743004391927,4.80676025458086],[-75.7429226981154,4.80686483472923],[-75.7427174417204,4.80699513479774],[-75.7425640874912,4.80704028250336],[-75.7423931264115,4.80707831325074],[-75.7422656887316,4.8070909979703],[-75.741800587298,4.80707463514851],[-75.7415034204933,4.80712768153926],[-75.7412909782237,4.80719194156347],[-75.7411162499879,4.80726882927488],[-75.7410100817648,4.80732974916762],[-75.7407951435303,4.80758052283225],[-75.7407397534002,4.80761756114437],[-75.7406857714177,4.80764605160047],[-75.7406365075764,4.80765038032377],[-75.7405873140714,4.80764405753053],[-75.7404968141688,4.8076112785962],[-75.7400569583265,4.80746850576852],[-75.7398979320723,4.8074168989874],[-75.7398112005679,4.80740428974671],[-75.7396867564435,4.80740051235873],[-75.7395911860721,4.80740530066461],[-75.739483116231,4.8074181611819],[-75.7393972312005,4.80746502087181],[-75.7393138112104,4.8075311681034],[-75.7392212353798,4.80760994334018],[-75.7391671839989,4.80767674309984],[-75.7390788007081,4.80785750007911],[-75.7389746075984,4.80804498744261],[-75.7388890044991,4.80815325862629],[-75.7387857606001,4.80826857753817],[-75.7386923048117,4.80835899251658]]]},"properties":{"FID":355,"ID_BAR":142,"CODSUELO":"6600101","CODCOM":"09","COMUNA":"Cuba","CODBAR":"010910","NOMBRE":"San Fernando","NOM_POPULA":"San Fernando","ACT_GEOGRA":1168041600000,"NORMA":"Sin","CREACION":null,"ORIGEN_NOR":"Sin","OBSERVACIO":"Ajustado SPM","COD_SISBEN":"09085","Shape_Area":182748.50735569719,"Shape__Area":185162.87158203125,"Shape__Length":2345.7639707515855,"GlobalID":"977689b1-4e03-434f-be25-97e957f5fa69","CreationDate":1545839815055,"Creator":"sigper_arcgis","EditDate":1545839815055,"Editor":"sigper_arcgis"}},{"type":"Feature","id":356,"geometry":{"type":"Polygon","coordinates":[[[-75.6658303508146,4.80469959143466],[-75.6656147488251,4.8045806343439],[-75.6654641132812,4.80449822621698],[-75.6652601994318,4.80441275785081],[-75.6650739610118,4.80435120518362],[-75.6647133153794,4.80423366596261],[-75.664480491196,4.80415933937941],[-75.6645039485604,4.80409310792087],[-75.6645827704662,4.80393715653823],[-75.6646680002683,4.8037919104093],[-75.6647216078542,4.80365165861607],[-75.6647573555598,4.8035841209584],[-75.6648193645499,4.80360512715935],[-75.6650661356803,4.80287497350076],[-75.6652028294825,4.80292935030405],[-75.6653356825559,4.80300338456723],[-75.6654216332228,4.80306476919951],[-75.6654851528521,4.80311850355927],[-75.6656186695302,4.80326074937571],[-75.6656991176241,4.80342462731793],[-75.6657699235179,4.80351861527526],[-75.6658846415012,4.80360435804261],[-75.6659465003951,4.80372771669415],[-75.6659666641206,4.80388079772845],[-75.66600965216,4.80396471502287],[-75.6659928778261,4.80410689469798],[-75.6659670211224,4.80422593672146],[-75.6659304925753,4.80436553606239],[-75.6658630017868,4.80460939312125],[-75.6658303508146,4.80469959143466]]]},"properties":{"FID":356,"ID_BAR":231,"CODSUELO":"6600101","CODCOM":"05","COMUNA":"Oriente","CODBAR":"010519","NOMBRE":"San Gregorio","NOM_POPULA":"San Gregorio","ACT_GEOGRA":1180656000000,"NORMA":"Sin","CREACION":null,"ORIGEN_NOR":"Sin","OBSERVACIO":"Ajustado SPM, Visita de campo","COD_SISBEN":"05050","Shape_Area":19122.927874092438,"Shape__Area":19374.18505859375,"Shape__Length":580.761078255592,"GlobalID":"81e7e6e5-612d-49e6-bb2c-bb67555b78ac","CreationDate":1545839815055,"Creator":"sigper_arcgis","EditDate":1545839815055,"Editor":"sigper_arcgis"}},{"type":"Feature","id":357,"geometry":{"type":"Polygon","coordinates":[[[-75.677304570604,4.80893141551956],[-75.6772583016108,4.80891532165394],[-75.6773359646674,4.80721805203906],[-75.6774961760019,4.80735667730484],[-75.6778732200121,4.80768527682355],[-75.6781311798311,4.80790882833331],[-75.6782468089503,4.80808111510293],[-75.6783002588393,4.80814261900599],[-75.6783805414006,4.80920668931356],[-75.6783717219519,4.80943066379631],[-75.6780564656916,4.80926726487842],[-75.6774556342792,4.80898393691743],[-75.677304570604,4.80893141551956]]]},"properties":{"FID":357,"ID_BAR":143,"CODSUELO":"6600101","CODCOM":"06","COMUNA":"Universidad","CODBAR":"010608","NOMBRE":"La Aurora","NOM_POPULA":"La Aurora","ACT_GEOGRA":1180656000000,"NORMA":"Sin","CREACION":null,"ORIGEN_NOR":"Sin","OBSERVACIO":"Ajustado SPM","COD_SISBEN":" ","Shape_Area":19429.933202926539,"Shape__Area":19685.697265625,"Shape__Length":620.547456808944,"GlobalID":"16c3b91c-ef0b-4b71-88e6-2a562c93e332","CreationDate":1545839815055,"Creator":"sigper_arcgis","EditDate":1545839815055,"Editor":"sigper_arcgis"}},{"type":"Feature","id":358,"geometry":{"type":"Polygon","coordinates":[[[-75.7492192635252,4.80089043152091],[-75.7493946786882,4.80097040822071],[-75.7492489902514,4.80104482615203],[-75.7499175097419,4.8015332025823],[-75.7505387932203,4.80199187006407],[-75.7503928709743,4.80202246634206],[-75.750246350772,4.80209151311441],[-75.7501247275683,4.80221930380835],[-75.7500045865471,4.80241760266203],[-75.7499560669361,4.80253585303648],[-75.7499560688464,4.80260196368882],[-75.7499883271176,4.8026886132893],[-75.750036678223,4.80276793331562],[-75.7500894294635,4.80282376164158],[-75.750180247303,4.80288985105369],[-75.7503692770865,4.80302646240984],[-75.7504691799952,4.80310523271614],[-75.7505164036637,4.80318133748982],[-75.7505483097986,4.803250660901],[-75.7505805339943,4.8033652351971],[-75.7505805375507,4.80347246274783],[-75.7505512449753,4.80361052971611],[-75.7504578289925,4.80375684715144],[-75.7502424365228,4.8040023073949],[-75.750130179835,4.80411303572362],[-75.7500747611223,4.8043244907731],[-75.7500416285161,4.80441677739766],[-75.7499532802355,4.80447766230401],[-75.7498409861324,4.80452196341185],[-75.7497820732148,4.80451827401626],[-75.7496826638933,4.80446290535022],[-75.7496532238208,4.80442046455646],[-75.7496329736192,4.80433372531158],[-75.7496219146138,4.80427837230082],[-75.749575889709,4.80425438823468],[-75.7494912356745,4.80422300510184],[-75.7493826356722,4.80416396428014],[-75.7490208502717,4.80408774569324],[-75.7485533174877,4.80396412507004],[-75.74824220273,4.80385340995364],[-75.7479819727026,4.80375343205773],[-75.7475217662048,4.80366485217819],[-75.7473708384596,4.80357073404537],[-75.7471931113621,4.8033965720416],[-75.7470035143511,4.80312713921708],[-75.7468540609765,4.80288624824374],[-75.7467785959551,4.80278290846031],[-75.7466497120579,4.80267218673103],[-75.7465263916771,4.8025799232635],[-75.7464030726866,4.80251902717576],[-75.746318842378,4.80249894717591],[-75.7463015154402,4.80243488667433],[-75.746261440514,4.80236868977364],[-75.7462166833788,4.80232453474776],[-75.7461624533733,4.80228465553319],[-75.7459851168724,4.80221284497845],[-75.7457776731798,4.80212074267166],[-75.7455437860387,4.80212943875225],[-75.7453421180112,4.80207513293578],[-75.7451666850866,4.80206971489753],[-75.7450973842667,4.80205994945741],[-75.7448836725166,4.80197173209676],[-75.7446453817243,4.80187853499702],[-75.744444700885,4.80187984702471],[-75.7442682102984,4.80183207497666],[-75.7442248978628,4.80182882610607],[-75.7441978186963,4.80183642155193],[-75.7441575707958,4.80187008703012],[-75.7438665435619,4.80230442743242],[-75.7438376691057,4.80233802199782],[-75.7438046750335,4.80236381006174],[-75.7437603423738,4.80238608355849],[-75.7437442497727,4.80238633054276],[-75.7437061840276,4.80238687900783],[-75.743608748487,4.80237601962928],[-75.743578464384,4.80236840786704],[-75.7433794714441,4.80227142864688],[-75.7432311864359,4.80220456344618],[-75.7432036495481,4.80219216460926],[-75.743154455289,4.80215903212988],[-75.7428932004267,4.80183433421926],[-75.7427810082147,4.80174482500421],[-75.7427438235219,4.80174510845058],[-75.7425422939007,4.80157495473311],[-75.7423227003397,4.80143450927497],[-75.7419343977675,4.80120741640031],[-75.7424687431874,4.80049865223257],[-75.7426278661683,4.80025422031903],[-75.7427007205106,4.80014234499031],[-75.7429875228677,4.79975866040671],[-75.7431021747038,4.79965916650151],[-75.7431821429617,4.79960718466463],[-75.7433673625766,4.79952708157541],[-75.743565259779,4.79949742187072],[-75.7436778016951,4.79950098685416],[-75.7458289075616,4.7995690712399],[-75.7461526591176,4.79960322102083],[-75.7466893850418,4.79981672461004],[-75.7483933821792,4.80074765153414],[-75.7487042500067,4.80090476502929],[-75.7489939165446,4.80097309144885],[-75.7491495361974,4.80099537139402],[-75.7492192635252,4.80089043152091]]]},"properties":{"FID":358,"ID_BAR":232,"CODSUELO":"6600101","CODCOM":"11","COMUNA":"Olimpica","CODBAR":"011121","NOMBRE":"Los Corales","NOM_POPULA":"Los Corales","ACT_GEOGRA":1180656000000,"NORMA":"3","CREACION":887846400000,"ORIGEN_NOR":"Concejo Municipal","OBSERVACIO":"Ajustado a delimitacion de la Norma de creacion","COD_SISBEN":"11217","Shape_Area":268510.26215819136,"Shape__Area":272054.98046875,"Shape__Length":2603.8972078274123,"GlobalID":"7683731c-4e84-4f42-a296-bef22b6835f6","CreationDate":1545839815055,"Creator":"sigper_arcgis","EditDate":1545839815055,"Editor":"sigper_arcgis"}},{"type":"Feature","id":359,"geometry":{"type":"Polygon","coordinates":[[[-75.7575730022119,4.80889137490632],[-75.7572852583505,4.80939628135239],[-75.7567923990898,4.80920952558232],[-75.7571522220908,4.80863094564876],[-75.7573474524172,4.80875934177094],[-75.7575730022119,4.80889137490632]]]},"properties":{"FID":359,"ID_BAR":144,"CODSUELO":"6600101","CODCOM":"11","COMUNA":"Olimpica","CODBAR":"011109","NOMBRE":"El Campin III","NOM_POPULA":"El Campin III","ACT_GEOGRA":1168041600000,"NORMA":"Sin","CREACION":null,"ORIGEN_NOR":"Sin","OBSERVACIO":"Ajustado SPM, Visita de campo","COD_SISBEN":" ","Shape_Area":3906.41808978354,"Shape__Area":3958.107421875,"Shape__Length":254.762247598748,"GlobalID":"5a86a1c7-fe78-4105-8733-6e5846a614f3","CreationDate":1545839815055,"Creator":"sigper_arcgis","EditDate":1545839815055,"Editor":"sigper_arcgis"}},{"type":"Feature","id":360,"geometry":{"type":"Polygon","coordinates":[[[-75.7012347024367,4.80449849159939],[-75.7011260005103,4.80445429661654],[-75.7010373701907,4.80440561558023],[-75.7009888105406,4.80439713612621],[-75.7007242848799,4.80444562665843],[-75.7006651964479,4.80445198302252],[-75.7004689212975,4.80434616034045],[-75.7003401474848,4.80428689855777],[-75.7003971623163,4.80417048844792],[-75.7003888560341,4.80407165034692],[-75.7003680484004,4.80397768602592],[-75.7003403043951,4.80387734501725],[-75.7002021340081,4.80368240123904],[-75.6997406832213,4.80314115765116],[-75.6997174800612,4.80309129601634],[-75.6997242422514,4.80305604283171],[-75.6997916417413,4.80303022291643],[-75.700077434177,4.80301723497265],[-75.7004373968434,4.8027219526346],[-75.7004672212711,4.80276503190711],[-75.7005751820931,4.80285774559443],[-75.7006747272303,4.80292949371426],[-75.7007912102194,4.80301574347618],[-75.7008910021716,4.8030848775722],[-75.7009311444647,4.80310955319091],[-75.7010626642995,4.80317771708206],[-75.7011489002509,4.80321728315976],[-75.7011944301,4.80325132019737],[-75.70125946673,4.80330994418397],[-75.7013091503731,4.803372222984],[-75.7013428478951,4.80341952381975],[-75.7013611217242,4.8034693320941],[-75.7013669650787,4.8035228318208],[-75.7013653437635,4.80357498843887],[-75.7013461149432,4.8036283986945],[-75.7013194570995,4.80367437263504],[-75.7012854391962,4.80370997857468],[-75.7012186021062,4.80376540007094],[-75.7011150367587,4.8038395597323],[-75.7009981604384,4.80391965378478],[-75.700912342456,4.80397897856422],[-75.7008812822748,4.80402940324956],[-75.7009413197802,4.80407059349313],[-75.7011247075114,4.80417924138689],[-75.7012597136896,4.80425445215257],[-75.7013480626242,4.80429290691693],[-75.7012347024367,4.80449849159939]]]},"properties":{"FID":360,"ID_BAR":233,"CODSUELO":"6600101","CODCOM":"07","COMUNA":"Boston","CODBAR":"010736","NOMBRE":"Venecia","NOM_POPULA":"Venecia","ACT_GEOGRA":1180656000000,"NORMA":"Sin","CREACION":null,"ORIGEN_NOR":"Sin","OBSERVACIO":"Ajustado SPM","COD_SISBEN":" ","Shape_Area":18712.898710711859,"Shape__Area":18959.3232421875,"Shape__Length":671.18564284599256,"GlobalID":"29088dd8-08a3-4abc-86f7-56be11ca59f8","CreationDate":1545839815055,"Creator":"sigper_arcgis","EditDate":1545839815055,"Editor":"sigper_arcgis"}},{"type":"Feature","id":361,"geometry":{"type":"Polygon","coordinates":[[[-75.7351204392067,4.80912790171919],[-75.7349647606345,4.80917327791318],[-75.7343732076439,4.80938842951713],[-75.7342116803994,4.80919405742638],[-75.733997647528,4.80888225028786],[-75.7339215139607,4.80869750395937],[-75.7338600655481,4.80864117922796],[-75.7338092520566,4.808607127071],[-75.7338495008788,4.80856973502858],[-75.7338785516989,4.80858170963186],[-75.7339333094454,4.80858469434742],[-75.734022857665,4.80856574197391],[-75.7340895523478,4.80853778167908],[-75.7341144477651,4.80850784404207],[-75.7341429346443,4.80842864588851],[-75.7341769477308,4.80814619000755],[-75.734192441154,4.8080980785114],[-75.7342517050675,4.80801223833331],[-75.7343321674344,4.8079268756939],[-75.7343940721007,4.80788187162378],[-75.7344946776414,4.80783375883222],[-75.7345917610863,4.80780917173926],[-75.7346875417187,4.80779544704603],[-75.7347281431606,4.80778963531084],[-75.7348583992508,4.80782552369377],[-75.7350640469575,4.80786785737952],[-75.7351368691447,4.80789733487332],[-75.7352429336911,4.8079917567698],[-75.7353255464588,4.80807249020064],[-75.7354110809053,4.80816800623367],[-75.7354532682942,4.8082276867464],[-75.7354760166793,4.80829824729183],[-75.7354815108122,4.80837037945788],[-75.7355074653035,4.80846372500221],[-75.7355085574255,4.80851582810042],[-75.735489084964,4.80856358736376],[-75.7354327085776,4.80865405401465],[-75.7351684690103,4.80895390980557],[-75.7351204392067,4.80912790171919]]]},"properties":{"FID":361,"ID_BAR":145,"CODSUELO":"6600101","CODCOM":"09","COMUNA":"Cuba","CODBAR":"010902","NOMBRE":"Brisas Del Consota","NOM_POPULA":"Brisas Del Consota","ACT_GEOGRA":1180656000000,"NORMA":"69","CREACION":691804800000,"ORIGEN_NOR":"Concejo Municipal","OBSERVACIO":"Ajustado a delimitacion de la Norma de creacion","COD_SISBEN":"09076","Shape_Area":20912.0320014785,"Shape__Area":21188.3193359375,"Shape__Length":568.01576326358463,"GlobalID":"2c3d3f40-47fd-4e7f-a395-7a5bac081282","CreationDate":1545839815055,"Creator":"sigper_arcgis","EditDate":1545839815055,"Editor":"sigper_arcgis"}},{"type":"Feature","id":362,"geometry":{"type":"Polygon","coordinates":[[[-75.7033859724555,4.80426775759434],[-75.7031232090677,4.80427327696462],[-75.702939007272,4.80429003191183],[-75.7026582130938,4.80435244080309],[-75.702545212387,4.80437025771722],[-75.7024603472885,4.80437322271049],[-75.7024001683236,4.80436431852236],[-75.7023399540655,4.8043366037471],[-75.7022697054638,4.8042649989332],[-75.7021132575614,4.80411521724366],[-75.7020273042398,4.80403751729481],[-75.7021499945423,4.80386506735955],[-75.7022761645667,4.80385572808358],[-75.7023387738536,4.80384718182643],[-75.7024009955831,4.803857993146],[-75.7024570901745,4.80388717409852],[-75.7025017739951,4.8039319666323],[-75.7025630429776,4.80399099609568],[-75.7026145594416,4.80403278740563],[-75.7026537859371,4.80405491983192],[-75.7027150925161,4.80405246690898],[-75.7028603150527,4.8040115830491],[-75.7029083824676,4.80398193046219],[-75.703287632152,4.80395278267647],[-75.7033080193464,4.80397789933263],[-75.703315730384,4.80400652978832],[-75.7033366463177,4.80402368104225],[-75.7033452726131,4.80404934445018],[-75.7033793944423,4.80407251886551],[-75.7033992542671,4.8040734204458],[-75.7034565477471,4.80405074395842],[-75.703601347363,4.80397623121226],[-75.7037224140002,4.80390339643879],[-75.7038486888953,4.8039155345429],[-75.7039057348094,4.80391207485599],[-75.7039386234856,4.80392595857499],[-75.7039732030936,4.80393115237463],[-75.7039904934497,4.80392942159779],[-75.7040121494853,4.80392306456077],[-75.7039762324845,4.8039039168024],[-75.7039377095829,4.80387422530756],[-75.7039214431668,4.80381779351534],[-75.7038962701161,4.80367674208052],[-75.7038903620519,4.80346142124012],[-75.7038739572898,4.80330797037264],[-75.7038462485341,4.80317128128986],[-75.7037952660782,4.80299234256952],[-75.7037444226602,4.80285335671705],[-75.703663577376,4.80271435111611],[-75.7036160764059,4.80265152536676],[-75.7035429765664,4.80256045532111],[-75.7034715315193,4.8024774047976],[-75.703360648686,4.80236390333882],[-75.7032474055338,4.80226891201241],[-75.7031314861843,4.80218725541005],[-75.7030444757804,4.80213656100852],[-75.7029271114728,4.80206454765994],[-75.7027458716087,4.80196837056388],[-75.7026348466602,4.80189803521286],[-75.7024954444545,4.80170455750705],[-75.7022440041529,4.80118089748198],[-75.7021190106982,4.80081143262028],[-75.7021721538985,4.80063306363442],[-75.7023223447202,4.80045005176412],[-75.7023454831889,4.80035275148113],[-75.7023501006621,4.80023317792324],[-75.7022669017785,4.79993899146508],[-75.7022692328988,4.79973976130787],[-75.7022528664899,4.79952811344873],[-75.702234383212,4.79944471128767],[-75.7022089957823,4.79939375503414],[-75.7021327263126,4.79931962315291],[-75.7019848699568,4.7992200029406],[-75.7018970508942,4.79915977100039],[-75.7017953563885,4.79911785510795],[-75.7016827811684,4.79906903204885],[-75.7015610510303,4.79901330258604],[-75.7014778785336,4.79898549910368],[-75.7011982859973,4.79898548867702],[-75.7011382133706,4.79896694126156],[-75.7010987750609,4.79893733827515],[-75.7010388800947,4.79888590288927],[-75.7009879989154,4.79883490967593],[-75.7008401509977,4.79850594438178],[-75.700802758917,4.79838481529597],[-75.7007284370991,4.79804811590828],[-75.7006968540294,4.79795312639859],[-75.7009525402246,4.7978631116346],[-75.7010665867394,4.79811125384029],[-75.7010979240318,4.79816611401839],[-75.7011566214579,4.79825524030274],[-75.7012314451399,4.79835008916933],[-75.701374476462,4.79847611508607],[-75.7015894486341,4.7985971275047],[-75.7016613858744,4.79867758171875],[-75.7017267396563,4.79874240524631],[-75.7017665290258,4.79877852528061],[-75.7017875852285,4.7988164472946],[-75.7018235699812,4.79890285270872],[-75.7019829758932,4.79901421898632],[-75.7021037901253,4.79908902374388],[-75.7021351994029,4.79910709294546],[-75.7021478754129,4.79911440601338],[-75.7022036518324,4.79916054164324],[-75.7022346384531,4.79919256486493],[-75.7022628782615,4.79922727209226],[-75.7023602721331,4.7993795598315],[-75.7023767857447,4.7994204840705],[-75.7023971019509,4.79947649186541],[-75.7024124528986,4.79953098080139],[-75.7024261833712,4.79960083527844],[-75.7024318859969,4.79966842883138],[-75.7024285343798,4.799830497887],[-75.7024288152489,4.79985990621049],[-75.7024374061682,4.79989196296011],[-75.7024524762295,4.79991840416572],[-75.7026913644286,4.79987452204499],[-75.7026971738914,4.79990721506518],[-75.7026681923547,4.79992517615413],[-75.7026996638318,4.80020840983013],[-75.7027638574806,4.80019246338356],[-75.7027636437735,4.80028255851949],[-75.7028368783659,4.80052405781587],[-75.7028955785567,4.80054131590842],[-75.7029260315724,4.80073279395776],[-75.7028874357236,4.80078420713476],[-75.7028521163307,4.800800208135],[-75.7028119318706,4.80098430063695],[-75.7026902699139,4.80097126141809],[-75.7026826257698,4.80104155740203],[-75.702640187464,4.8012327855005],[-75.7026369110836,4.80127084743139],[-75.7026370503826,4.80131334336576],[-75.7026408168751,4.80135320679124],[-75.7026458164721,4.80138213824809],[-75.7027485946477,4.80164815340008],[-75.7027772566544,4.80170294309743],[-75.7028083829658,4.80175077297892],[-75.7028406373982,4.80179194501557],[-75.7028968355687,4.80184495136773],[-75.7031033926221,4.80198581587605],[-75.7031316005051,4.80192940318388],[-75.7032181541529,4.80195840764191],[-75.7034577056276,4.80209996143288],[-75.7035172485775,4.80216900597043],[-75.7034431920319,4.80225425856641],[-75.7036145008786,4.80239095302461],[-75.7036596782651,4.80243680601621],[-75.7037287647375,4.80247850876439],[-75.7038390536154,4.80248086172995],[-75.7039741315746,4.80249326517526],[-75.7040707564968,4.80250865227289],[-75.7041206758657,4.80289238463556],[-75.7041952476444,4.80322027026885],[-75.7042796785136,4.80354100214423],[-75.7043627729759,4.80382028164002],[-75.7042280041284,4.8040477489609],[-75.7041570117768,4.80409232651589],[-75.70409352145,4.80410518256999],[-75.7038260041627,4.80413097858402],[-75.7037477237741,4.80415663866831],[-75.7036719788238,4.80419337391527],[-75.7036087691496,4.80423484269087],[-75.7033859724555,4.80426775759434]]]},"properties":{"FID":362,"ID_BAR":234,"CODSUELO":"6600101","CODCOM":"19","COMUNA":"El Poblado","CODBAR":"011907","NOMBRE":"Rocio Bajo","NOM_POPULA":"Rocio Bajo","ACT_GEOGRA":1168041600000,"NORMA":"Sin","CREACION":null,"ORIGEN_NOR":"Sin","OBSERVACIO":"Ajustado SPM, Visita de campo","COD_SISBEN":" ","Shape_Area":37907.810243944739,"Shape__Area":38406.83837890625,"Shape__Length":2351.6612934029986,"GlobalID":"dcd6b058-bd3f-4ced-99d0-82a2cfe112c0","CreationDate":1545839815055,"Creator":"sigper_arcgis","EditDate":1545839815055,"Editor":"sigper_arcgis"}},{"type":"Feature","id":363,"geometry":{"type":"Polygon","coordinates":[[[-75.6922259042355,4.8092549546252],[-75.6924191712334,4.80757575797891],[-75.6949394337154,4.80784696125211],[-75.6950465904589,4.80705188087108],[-75.6951149744632,4.8063076474713],[-75.6951211036064,4.80626871999557],[-75.6952164272436,4.80625141555387],[-75.6953849950704,4.80623377868268],[-75.6955322931283,4.8062467855301],[-75.6956494472813,4.80627522655573],[-75.6957188877878,4.80629667206329],[-75.6961117561672,4.80651086283342],[-75.6964145853692,4.80667409348469],[-75.696792312926,4.80688256052636],[-75.6967610983168,4.80722116251121],[-75.6965904948805,4.80867794023627],[-75.6961678616243,4.80864639465224],[-75.6947758354338,4.80850858223958],[-75.6940384306059,4.80840499320343],[-75.6936980566333,4.80837608125316],[-75.6934836733829,4.80841800110172],[-75.6933085522277,4.80850446785197],[-75.6932299868287,4.80856698827154],[-75.6931953930762,4.80885664770323],[-75.69284354667,4.80938316083103],[-75.6927046711629,4.80923127581957],[-75.6924887035526,4.80927308897735],[-75.6922259042355,4.8092549546252]]]},"properties":{"FID":363,"ID_BAR":146,"CODSUELO":"6600101","CODCOM":"07","COMUNA":"Boston","CODBAR":"010724","NOMBRE":"Olaya Herrera","NOM_POPULA":"Olaya Herrera","ACT_GEOGRA":1168041600000,"NORMA":"Sin","CREACION":null,"ORIGEN_NOR":"Sin","OBSERVACIO":"Ajustado SPM","COD_SISBEN":"07069","Shape_Area":77227.175352369988,"Shape__Area":78244.76171875,"Shape__Length":1615.3369334453553,"GlobalID":"6a7174ee-1e22-4ca1-a12d-8d9ffa3b037f","CreationDate":1545839815055,"Creator":"sigper_arcgis","EditDate":1545839815055,"Editor":"sigper_arcgis"}},{"type":"Feature","id":364,"geometry":{"type":"Polygon","coordinates":[[[-75.7351751294807,4.80935129406986],[-75.7351396333655,4.80928854025798],[-75.7351239970501,4.80921082633805],[-75.7351204392067,4.80912790171919],[-75.7351684690103,4.80895390980557],[-75.7354327085776,4.80865405401465],[-75.735489084964,4.80856358736376],[-75.7355085574255,4.80851582810042],[-75.7355074653035,4.80846372500221],[-75.7354815108122,4.80837037945788],[-75.7354760166793,4.80829824729183],[-75.7354532682942,4.8082276867464],[-75.7354110809053,4.80816800623367],[-75.7353255464588,4.80807249020064],[-75.7352429336911,4.8079917567698],[-75.7351368691447,4.80789733487332],[-75.7350640469575,4.80786785737952],[-75.7348583992508,4.80782552369377],[-75.7347281431606,4.80778963531084],[-75.7346875417187,4.80779544704603],[-75.73478648977,4.80758586505496],[-75.7349280842691,4.80761705476117],[-75.7351361272288,4.8076810959776],[-75.7353519176882,4.80777247759875],[-75.7354375931466,4.80783277626168],[-75.735489111356,4.80788023418217],[-75.7355938729266,4.80799853420209],[-75.7356254256797,4.80805189156063],[-75.7356748307435,4.80810892291961],[-75.7358699525904,4.80831924248797],[-75.7356072987613,4.80871661171311],[-75.7354643337365,4.80893419574124],[-75.7353260519159,4.80911973913191],[-75.7351751294807,4.80935129406986]]]},"properties":{"FID":364,"ID_BAR":147,"CODSUELO":"6600101","CODCOM":"09","COMUNA":"Cuba","CODBAR":"010906","NOMBRE":"La Playita","NOM_POPULA":"La Playita","ACT_GEOGRA":1180656000000,"NORMA":"36","CREACION":612662400000,"ORIGEN_NOR":"Concejo Municipal","OBSERVACIO":"Ajustado a delimitacion de la Norma de creacion","COD_SISBEN":"09081","Shape_Area":6258.74541419432,"Shape__Area":6341.435546875,"Shape__Length":560.1495044785969,"GlobalID":"0f920943-be29-4adc-9a93-8ceb4623c097","CreationDate":1545839815055,"Creator":"sigper_arcgis","EditDate":1545839815055,"Editor":"sigper_arcgis"}},{"type":"Feature","id":365,"geometry":{"type":"Polygon","coordinates":[[[-75.6820930310599,4.80901472396792],[-75.6822016206893,4.80806801474697],[-75.6828540195998,4.80813867053532],[-75.6834147181589,4.80828012873893],[-75.684712511682,4.80838904506157],[-75.684589735742,4.80930650444844],[-75.6820930310599,4.80901472396792]]]},"properties":{"FID":365,"ID_BAR":148,"CODSUELO":"6600101","CODCOM":"04","COMUNA":"Villavicencio","CODBAR":"010403","NOMBRE":"Los Andes","NOM_POPULA":"Los Andes","ACT_GEOGRA":1180656000000,"NORMA":"83","CREACION":526262400000,"ORIGEN_NOR":"Concejo Municipal","OBSERVACIO":"Norma de creacion no delimitable. Ajuste SPM","COD_SISBEN":"04038","Shape_Area":28524.618047762709,"Shape__Area":28900.2392578125,"Shape__Length":772.10355026685306,"GlobalID":"e7011f65-2fea-40f0-92fe-d1d5dfc1f4e2","CreationDate":1545839815055,"Creator":"sigper_arcgis","EditDate":1545839815055,"Editor":"sigper_arcgis"}},{"type":"Feature","id":366,"geometry":{"type":"Polygon","coordinates":[[[-75.7205582130319,4.80732737914351],[-75.7207902708614,4.80736902902617],[-75.7209077780255,4.80737925639753],[-75.7219049571831,4.8074151366883],[-75.7218764288054,4.80819067005407],[-75.7218049455277,4.80818597137633],[-75.7217473362845,4.80817544383668],[-75.7217296589241,4.80816678940369],[-75.7217142354911,4.80815221789957],[-75.7217059948756,4.80813849422774],[-75.7216615563874,4.80805030569306],[-75.7216444428787,4.80803953146962],[-75.7216264834638,4.80803177781613],[-75.7216074686841,4.80802677942767],[-75.7215778532752,4.80802478309921],[-75.7215452808793,4.80802693772608],[-75.7215272515969,4.80802990511149],[-75.7214972849778,4.80803780024272],[-75.7214627044203,4.80805192958789],[-75.721433688239,4.80806865560171],[-75.7210938394591,4.80829840348928],[-75.7210753174438,4.80831673699139],[-75.7209828460317,4.80833831977967],[-75.7209643585684,4.80833554639534],[-75.7208514622008,4.80850275420265],[-75.7207790272375,4.80858822115126],[-75.7207469119277,4.8086371813264],[-75.7206583825135,4.80882625513828],[-75.7206013359735,4.80890523989842],[-75.7205814045777,4.80896538035372],[-75.720552633947,4.80903330880026],[-75.7205359074188,4.80906651392531],[-75.7204912203726,4.80914127785135],[-75.7204522385858,4.80917933950999],[-75.7204047351218,4.80920590360635],[-75.7202165523569,4.80926809097427],[-75.7199703376681,4.80926240108189],[-75.7198488157767,4.80923329243572],[-75.7197238077816,4.80915743182511],[-75.71966144468,4.8091195804476],[-75.7194823142655,4.80899318742246],[-75.719200430958,4.80874986895187],[-75.7191266229972,4.80871267095458],[-75.7190673238615,4.80870223203106],[-75.7190021780585,4.80871159196443],[-75.7189172071569,4.80871284548442],[-75.7188473089635,4.80870461389528],[-75.7187720217877,4.80867486954741],[-75.7187570212855,4.80867020635438],[-75.7187222651712,4.80865830206735],[-75.718791463558,4.80834847095541],[-75.7188701337307,4.80812271215907],[-75.7193525365798,4.80712561157531],[-75.7193920468925,4.80704724378772],[-75.7196064624098,4.80709565915715],[-75.7200057247126,4.80719286658288],[-75.7205582130319,4.80732737914351]]]},"properties":{"FID":366,"ID_BAR":149,"CODSUELO":"6600101","CODCOM":"08","COMUNA":"El Jardin","CODBAR":"010805","NOMBRE":"Brasilia","NOM_POPULA":"Brasilia","ACT_GEOGRA":1180656000000,"NORMA":"Sin","CREACION":null,"ORIGEN_NOR":"Sin","OBSERVACIO":"Ajustado SPM","COD_SISBEN":" ","Shape_Area":51633.84249661932,"Shape__Area":52315.33642578125,"Shape__Length":1012.583380227544,"GlobalID":"225cd4f8-be8a-4198-8dac-7f41190aff7c","CreationDate":1545839815055,"Creator":"sigper_arcgis","EditDate":1545839815055,"Editor":"sigper_arcgis"}},{"type":"Feature","id":367,"geometry":{"type":"Polygon","coordinates":[[[-75.6880683040743,4.80839097516752],[-75.6881319407826,4.80766565933776],[-75.6880235013709,4.80734209772495],[-75.6879393544246,4.80710545322074],[-75.6883200922721,4.80696052056871],[-75.6886424791445,4.80684087683739],[-75.6888198894784,4.80676402053849],[-75.6888800026323,4.80670824610977],[-75.6889311011132,4.80664042592854],[-75.6889551560838,4.8065620420542],[-75.6889656885699,4.80649119926691],[-75.6890418238986,4.80642486389078],[-75.6892289226798,4.80626308698544],[-75.6892497012519,4.80622500856061],[-75.6899621624247,4.80648952222524],[-75.6900149470023,4.8065076472594],[-75.6903234891636,4.80649010680903],[-75.6904261390846,4.80644851823035],[-75.6905322393823,4.806416890165],[-75.6909051491864,4.80645944107128],[-75.6909366032755,4.80628543341622],[-75.6911034502534,4.80484600123347],[-75.6912348626961,4.80491808835469],[-75.6916787967174,4.80496671808304],[-75.6918311288716,4.80500086697387],[-75.6921631556463,4.80503696761971],[-75.6922491030915,4.80520838436797],[-75.6923540293019,4.80539525723917],[-75.6924965942884,4.80569815468722],[-75.692556696826,4.80582958280156],[-75.6926420762213,4.80611414396876],[-75.692666758241,4.80616686731291],[-75.6926083837099,4.80668101385806],[-75.6920864149595,4.80662928943335],[-75.692072454638,4.80694411944887],[-75.6920216060797,4.80695079277652],[-75.6919932999722,4.80753205764817],[-75.6924191712334,4.80757575797891],[-75.6922259042355,4.8092549546252],[-75.6915877359463,4.80907300057843],[-75.6906215207148,4.80880402403863],[-75.689865705759,4.80858251590079],[-75.6893483215175,4.80839560336488],[-75.6888734644213,4.8084058565612],[-75.6880683040743,4.80839097516752]]]},"properties":{"FID":367,"ID_BAR":150,"CODSUELO":"6600101","CODCOM":"06","COMUNA":"Universidad","CODBAR":"010623","NOMBRE":"San Jose Sur","NOM_POPULA":"San Jose Sur","ACT_GEOGRA":1168041600000,"NORMA":"Sin","CREACION":null,"ORIGEN_NOR":"Sin","OBSERVACIO":"Ajustado SPM","COD_SISBEN":"06205","Shape_Area":138927.71523259915,"Shape__Area":140757.53515625,"Shape__Length":1900.6051886642,"GlobalID":"4d47f388-c8e8-47a9-b2c3-c5e3edda1e94","CreationDate":1545839815055,"Creator":"sigper_arcgis","EditDate":1545839815055,"Editor":"sigper_arcgis"}},{"type":"Feature","id":368,"geometry":{"type":"Polygon","coordinates":[[[-75.7130503157794,4.8091654725538],[-75.7129600640963,4.80909012352303],[-75.711795557767,4.80860219603271],[-75.7116967851499,4.8085269518575],[-75.710994640483,4.80782116916101],[-75.7114080890135,4.80759427155237],[-75.7117097677861,4.80743001908158],[-75.7117812118797,4.80760212176814],[-75.7118193469208,4.80769202378046],[-75.7119156897889,4.80774147951211],[-75.7122442320077,4.80781704667238],[-75.7127157754123,4.80792324192492],[-75.7131144276942,4.80801558821778],[-75.7134789932643,4.80810265330221],[-75.7133290760406,4.80874916022182],[-75.7130503157794,4.8091654725538]]]},"properties":{"FID":368,"ID_BAR":151,"CODSUELO":"6600101","CODCOM":"08","COMUNA":"El Jardin","CODBAR":"010816","NOMBRE":"Los Cedros","NOM_POPULA":"Los Cedros","ACT_GEOGRA":1180656000000,"NORMA":"Sin","CREACION":null,"ORIGEN_NOR":"Sin","OBSERVACIO":"Ajustado SPM","COD_SISBEN":" ","Shape_Area":25327.99440978458,"Shape__Area":25662.1298828125,"Shape__Length":721.86034143044856,"GlobalID":"3be98f12-db21-4a00-b487-62bbd5a69ee1","CreationDate":1545839815055,"Creator":"sigper_arcgis","EditDate":1545839815055,"Editor":"sigper_arcgis"}},{"type":"Feature","id":369,"geometry":{"type":"Polygon","coordinates":[[[-75.7281872842575,4.82567748969285],[-75.7282161248602,4.82563598302804],[-75.7282605306522,4.82560048220641],[-75.7283072600608,4.82550053129864],[-75.7283208527057,4.82537133158825],[-75.7283468758225,4.82523819319545],[-75.7284783665587,4.82504758195622],[-75.7285209054316,4.8250017829018],[-75.7285554506075,4.8249179406325],[-75.7285979545326,4.82486564223773],[-75.7286028840881,4.82484704383639],[-75.7286097157473,4.82483413301719],[-75.7286267239667,4.82481586960782],[-75.7286539095873,4.82474389562491],[-75.7286902511315,4.82469965187327],[-75.7287454672571,4.82466914930169],[-75.7288026905291,4.8246281012748],[-75.7288386094089,4.82459616811395],[-75.7288668866704,4.82458569382904],[-75.7288949524553,4.82456866742425],[-75.7289179475236,4.82454770282056],[-75.7289782343918,4.82452020181837],[-75.7290305281359,4.82446942265294],[-75.7290948646512,4.82441615321479],[-75.7291519826727,4.82437590050729],[-75.7292213192765,4.82433312261472],[-75.72929608023,4.82429684389816],[-75.7293766854728,4.82426754162791],[-75.7294591230153,4.82420667693494],[-75.7296250527505,4.82415061667729],[-75.7297345702456,4.82414116697527],[-75.7298403541162,4.82414212006105],[-75.7299239540046,4.82414990898022],[-75.7299768460787,4.82415808626873],[-75.7300992869189,4.82419685381905],[-75.7301531650102,4.82420317702271],[-75.7305170723642,4.82429367639457],[-75.7307830125378,4.82438816799135],[-75.7308085076235,4.82440148559796],[-75.7308440039051,4.82442891458095],[-75.7308709077597,4.82446045896813],[-75.7309490137495,4.82447054403367],[-75.73093658433,4.82461982536464],[-75.7309139767698,4.82466505843374],[-75.7309020037476,4.82469799842752],[-75.7308943624276,4.82471522003007],[-75.7308917922737,4.82472609978323],[-75.7308862983531,4.82474116585151],[-75.7308701704504,4.82481670763425],[-75.730804989382,4.82492171027331],[-75.7307713253356,4.82506205444725],[-75.7306921279892,4.82512597511511],[-75.7306702250951,4.82513969864819],[-75.730572434338,4.82518618654083],[-75.7305300358901,4.82519966237578],[-75.7304954557154,4.82522776328432],[-75.7304636919962,4.82528096278994],[-75.7304456628542,4.82529685831219],[-75.7303158967892,4.82532649708105],[-75.7302782527591,4.82530413646643],[-75.7302452563739,4.82528454877625],[-75.7302284243004,4.82528068126651],[-75.730205745524,4.82528064620402],[-75.730180602338,4.82528767597632],[-75.7301656015046,4.82529618864076],[-75.7301520435742,4.82530652132315],[-75.7301436271343,4.82531918582788],[-75.7301396483703,4.8253323265373],[-75.7301421838614,4.82541168246629],[-75.7301328881747,4.82544700722376],[-75.7301009839295,4.82547547955811],[-75.7300808056855,4.82547839306241],[-75.7300570354525,4.82548660625127],[-75.7300467181488,4.82549248836106],[-75.7300290757315,4.82550467528956],[-75.7300132291813,4.8255439739317],[-75.7300209765147,4.82562516730145],[-75.7300166809451,4.82571164177275],[-75.7300334085,4.82574793760806],[-75.7300563326493,4.8257638511212],[-75.7300714750589,4.82577266499653],[-75.7301006680668,4.82578638776511],[-75.7301355307072,4.82579786887612],[-75.7301675760877,4.82583172703866],[-75.730185535483,4.82584663351981],[-75.7301941984648,4.82585382259901],[-75.7302366319659,4.82588291168388],[-75.7302550845318,4.82589269675528],[-75.7302890667541,4.82592378239967],[-75.7303159002192,4.82597274152935],[-75.7303112169274,4.82600997396321],[-75.7302926946837,4.82604602264112],[-75.730262621687,4.82607223394825],[-75.7302273720175,4.82607785050273],[-75.7301883890736,4.82607449501513],[-75.7301482797637,4.82605962321898],[-75.7300892246751,4.82607163391913],[-75.7300068232675,4.826148324228],[-75.7299947801439,4.82616421985934],[-75.729988581935,4.82617902143224],[-75.7299824902975,4.82620238825247],[-75.7299891112672,4.82630357531844],[-75.7300665486794,4.82647309780352],[-75.7301026094648,4.82657393106794],[-75.7301152866321,4.82659388978843],[-75.7301278936781,4.82661375977211],[-75.730132366169,4.82667744952419],[-75.730093420039,4.82695598359162],[-75.7301188809715,4.8270519609195],[-75.7299802412942,4.82714899743576],[-75.7298691390133,4.82721867578451],[-75.7298398406189,4.82723640944165],[-75.7296562317855,4.82733192724831],[-75.7295867886435,4.82737965098783],[-75.7295064995545,4.82743486407615],[-75.7294436769527,4.82750175158092],[-75.7293365901567,4.82766609885404],[-75.729319511003,4.82768190670634],[-75.7292791197119,4.82769114456607],[-75.7292668294558,4.82766968496227],[-75.7291885128082,4.82769767986493],[-75.7290953350509,4.82776790535169],[-75.7289905708605,4.82782536149973],[-75.7289761687247,4.82783963233972],[-75.72896419568,4.82785150140836],[-75.7289446870357,4.82791142961162],[-75.7289288051691,4.82796031925865],[-75.728867989809,4.82803573682655],[-75.7288104494473,4.82807653733893],[-75.7287738611424,4.8281342573246],[-75.7286729009576,4.82820771552837],[-75.7285832795192,4.82829475529261],[-75.7284687973173,4.82842278886135],[-75.728443161156,4.82847125497459],[-75.7284415761687,4.82851032333073],[-75.7284157295241,4.82861740984464],[-75.7284220325769,4.82873519922363],[-75.7275127179419,4.82827234347793],[-75.7274839122677,4.82818989682433],[-75.7274535219969,4.8281080138614],[-75.7274234835046,4.82806016749911],[-75.7273888675855,4.82801551690674],[-75.7273500256816,4.82797454012469],[-75.727336221139,4.82796141740461],[-75.7272512486695,4.82791198088141],[-75.727163915802,4.8278821667072],[-75.7270762664456,4.82786063666199],[-75.7267998316608,4.82779177146282],[-75.7267906750088,4.82774849959115],[-75.7267870480463,4.82769173303788],[-75.7267902177394,4.82765072052889],[-75.7267762730152,4.82755038145489],[-75.7267865900915,4.82750226915789],[-75.7267900061891,4.82746198128761],[-75.7267894427405,4.82743063112789],[-75.7267727863276,4.82738488620147],[-75.7267616232888,4.82733352446248],[-75.7267579958076,4.82729205272417],[-75.7267909220289,4.82709693804225],[-75.726791238983,4.82705015016985],[-75.7268388487966,4.827020601841],[-75.7269012140688,4.8269954503668],[-75.7269547049753,4.82698388184149],[-75.7271838110379,4.82696553065971],[-75.7273373473415,4.82691874295352],[-75.7275106025006,4.82673899331999],[-75.7275556770685,4.82667570955059],[-75.7275898708462,4.8266083630036],[-75.7276117385148,4.82654456747949],[-75.7276355083925,4.8263883622164],[-75.7276529042088,4.82635049426004],[-75.7276864637788,4.82631674116518],[-75.7277305877836,4.82629480520116],[-75.7277950659471,4.82624068733807],[-75.7278652836313,4.82618863670216],[-75.727922049347,4.82615119236389],[-75.7279453262731,4.82612035427544],[-75.7279530379445,4.82609539686247],[-75.7279621936038,4.82606577738996],[-75.7279836044693,4.82601921947481],[-75.7280087470548,4.82597829672739],[-75.7280774152454,4.82590309009491],[-75.7281872842575,4.82567748969285]]]},"properties":{"FID":369,"ID_BAR":1,"CODSUELO":"6600101","CODCOM":"18","COMUNA":"Del Cafe","CODBAR":"011810","NOMBRE":"Malaga *1","NOM_POPULA":"Malaga *1","ACT_GEOGRA":1168041600000,"NORMA":"Sin","CREACION":null,"ORIGEN_NOR":"Sin","OBSERVACIO":"Ajustado SPM","COD_SISBEN":"18131","Shape_Area":113053.44795002359,"Shape__Area":114552.47802734375,"Shape__Length":1626.0219704796398,"GlobalID":"8483146f-bcdf-41b8-817b-c68cbeb2c25d","CreationDate":1545839815055,"Creator":"sigper_arcgis","EditDate":1545839815055,"Editor":"sigper_arcgis"}},{"type":"Feature","id":370,"geometry":{"type":"Polygon","coordinates":[[[-75.7325149915744,4.82487336338907],[-75.7329339957308,4.82512727000231],[-75.7335899211375,4.82507937912733],[-75.734246351144,4.82419836488725],[-75.7343312417126,4.82406582694317],[-75.734446900287,4.82402641253623],[-75.7352434539942,4.82419834475386],[-75.735593436027,4.82430164956255],[-75.7358439242931,4.82500746445973],[-75.7355219567327,4.82555779260937],[-75.7347945209416,4.82637133606739],[-75.7345103714571,4.82643886274444],[-75.7345555317017,4.82663482856495],[-75.7345100704851,4.82669380347232],[-75.734494118655,4.82671111265536],[-75.7344600307052,4.8267322724968],[-75.7344214006004,4.82674053870402],[-75.7343935457911,4.82673826050023],[-75.7343361462887,4.82672089927559],[-75.7341756718124,4.82663230758587],[-75.7341516203,4.82662222221951],[-75.7341135533796,4.82661450396229],[-75.7340720708704,4.82661634207294],[-75.7340255524916,4.82663177900464],[-75.7339702301946,4.82666215886378],[-75.7339201559797,4.8267075863102],[-75.7338863848843,4.82675550506599],[-75.733871278582,4.82680112649242],[-75.7338581797627,4.82686806687712],[-75.7338561024848,4.8269541345479],[-75.7334882487763,4.82674378125471],[-75.7321454659221,4.82500483620993],[-75.7322277978802,4.82499482147021],[-75.7323085795834,4.82499264815839],[-75.7323708036035,4.82499607396649],[-75.7324064762763,4.82497653924249],[-75.7325149915744,4.82487336338907]]]},"properties":{"FID":370,"ID_BAR":2,"CODSUELO":"6600101","CODCOM":"18","COMUNA":"Del Cafe","CODBAR":"011803","NOMBRE":"Altos de Llano Grande II *2","NOM_POPULA":"Altos de Llano Grande II *2","ACT_GEOGRA":1168041600000,"NORMA":"Sin","CREACION":null,"ORIGEN_NOR":"Sin","OBSERVACIO":"Ajustado SPM","COD_SISBEN":"18270","Shape_Area":68397.73176786874,"Shape__Area":69304.75830078125,"Shape__Length":1194.1949748511654,"GlobalID":"51735d30-d2c2-43ef-9b43-b64986356877","CreationDate":1545839815055,"Creator":"sigper_arcgis","EditDate":1545839815055,"Editor":"sigper_arcgis"}},{"type":"Feature","id":371,"geometry":{"type":"Polygon","coordinates":[[[-75.7354547146669,4.82638753593737],[-75.7359675078943,4.82599271797393],[-75.7365160814328,4.82564575028156],[-75.7378757626285,4.82751192669418],[-75.7360631001581,4.82898351814856],[-75.7353117310359,4.82850503540295],[-75.734834690727,4.82851702753534],[-75.7343218312998,4.82783515444891],[-75.7348584718344,4.82733266688501],[-75.734858443175,4.82685413789843],[-75.7354547146669,4.82638753593737]]]},"properties":{"FID":371,"ID_BAR":3,"CODSUELO":"6600101","CODCOM":"18","COMUNA":"Del Cafe","CODBAR":"011802","NOMBRE":"Mirador de Llano Grande","NOM_POPULA":"Mirador de Llano Grande","ACT_GEOGRA":1168041600000,"NORMA":"Sin","CREACION":null,"ORIGEN_NOR":"Sin","OBSERVACIO":"Ajustado SPM","COD_SISBEN":"18270","Shape_Area":79097.759750247686,"Shape__Area":80147.26123046875,"Shape__Length":1129.7909475544998,"GlobalID":"b9b45c4d-b15e-46e2-9e57-b60a97f8faef","CreationDate":1545839815055,"Creator":"sigper_arcgis","EditDate":1545839815055,"Editor":"sigper_arcgis"}},{"type":"Feature","id":372,"geometry":{"type":"Polygon","coordinates":[[[-75.7281872842575,4.82567748969285],[-75.7280774152454,4.82590309009491],[-75.7280087470548,4.82597829672739],[-75.7279836044693,4.82601921947481],[-75.7279621936038,4.82606577738996],[-75.7279530379445,4.82609539686247],[-75.7265414616279,4.82585630396875],[-75.7263015797942,4.82567148595266],[-75.7258406215479,4.82531884096618],[-75.7256277853741,4.82515636524228],[-75.7252754638825,4.82490494193695],[-75.7248601097456,4.82459948956614],[-75.7264434241081,4.82486043433186],[-75.7263566557939,4.82536105426453],[-75.7281872842575,4.82567748969285]]]},"properties":{"FID":372,"ID_BAR":4,"CODSUELO":"6600101","CODCOM":"18","COMUNA":"Del Cafe","CODBAR":"011804","NOMBRE":"Altos de Los Angeles","NOM_POPULA":"Altos de Los Angeles","ACT_GEOGRA":1180656000000,"NORMA":"63","CREACION":805766400000,"ORIGEN_NOR":"Concejo Municipal","OBSERVACIO":"Norma de creacion no delimitable. Ajuste SPM","COD_SISBEN":"18244","Shape_Area":17707.518650890139,"Shape__Area":17942.2392578125,"Shape__Length":889.53783600474458,"GlobalID":"ef3ccc61-f9b7-4941-b14d-a8fbf9a07e1c","CreationDate":1545839815055,"Creator":"sigper_arcgis","EditDate":1545839815055,"Editor":"sigper_arcgis"}},{"type":"Feature","id":373,"geometry":{"type":"Polygon","coordinates":[[[-75.7284783665587,4.82504758195622],[-75.7283468758225,4.82523819319545],[-75.7283208527057,4.82537133158825],[-75.7283072600608,4.82550053129864],[-75.7282605306522,4.82560048220641],[-75.7282161248602,4.82563598302804],[-75.7281872842575,4.82567748969285],[-75.7263566557939,4.82536105426453],[-75.7264434241081,4.82486043433186],[-75.7269247702571,4.82208309434321],[-75.7269649493917,4.82185124227634],[-75.728720104977,4.8221441674012],[-75.7284560015066,4.82367082495393],[-75.7285811190226,4.82389163796655],[-75.7286543651456,4.82390228859524],[-75.7284783665587,4.82504758195622]]]},"properties":{"FID":373,"ID_BAR":5,"CODSUELO":"6600101","CODCOM":"18","COMUNA":"Del Cafe","CODBAR":"011811","NOMBRE":"Nuevo Horizonte","NOM_POPULA":"Nuevo Horizonte","ACT_GEOGRA":1168041600000,"NORMA":"78","CREACION":845683200000,"ORIGEN_NOR":"Concejo Municipal","OBSERVACIO":"Ajustado a delimitacion de la Norma de creacion","COD_SISBEN":" ","Shape_Area":82980.056900786614,"Shape__Area":84079.6279296875,"Shape__Length":1221.7102144617936,"GlobalID":"7aa6fbfb-b425-4a00-acd1-1f199a7962c3","CreationDate":1545839815055,"Creator":"sigper_arcgis","EditDate":1545839815055,"Editor":"sigper_arcgis"}},{"type":"Feature","id":374,"geometry":{"type":"Polygon","coordinates":[[[-75.7309490137495,4.82447054403367],[-75.7308709077597,4.82446045896813],[-75.7308440039051,4.82442891458095],[-75.7308085076235,4.82440148559796],[-75.7307830125378,4.82438816799135],[-75.7305170723642,4.82429367639457],[-75.7301531650102,4.82420317702271],[-75.7300992869189,4.82419685381905],[-75.7299768460787,4.82415808626873],[-75.7299239540046,4.82414990898022],[-75.7298403541162,4.82414212006105],[-75.7297345702456,4.82414116697527],[-75.7296250527505,4.82415061667729],[-75.7294591230153,4.82420667693494],[-75.7293766854728,4.82426754162791],[-75.72929608023,4.82429684389816],[-75.7292213192765,4.82433312261472],[-75.7291519826727,4.82437590050729],[-75.7290948646512,4.82441615321479],[-75.7290305281359,4.82446942265294],[-75.7289782343918,4.82452020181837],[-75.7289179475236,4.82454770282056],[-75.7288949524553,4.82456866742425],[-75.7288668866704,4.82458569382904],[-75.7288386094089,4.82459616811395],[-75.7288026905291,4.8246281012748],[-75.7287454672571,4.82466914930169],[-75.7286902511315,4.82469965187327],[-75.7286539095873,4.82474389562491],[-75.7286267239667,4.82481586960782],[-75.7286097157473,4.82483413301719],[-75.7286028840881,4.82484704383639],[-75.7285979545326,4.82486564223773],[-75.7285554506075,4.8249179406325],[-75.7285209054316,4.8250017829018],[-75.7284783665587,4.82504758195622],[-75.7286543651456,4.82390228859524],[-75.7285811190226,4.82389163796655],[-75.7284560015066,4.82367082495393],[-75.728720104977,4.8221441674012],[-75.7269649493917,4.82185124227634],[-75.727063478975,4.82127628221607],[-75.7282036143814,4.82147605836742],[-75.7288178227763,4.82157939831826],[-75.7302773181419,4.82183206872844],[-75.7309768525259,4.82195315731074],[-75.7316958960501,4.82207765331288],[-75.7317626975156,4.82209372599378],[-75.7318392539045,4.82211212966803],[-75.7319919786399,4.82218079883944],[-75.7324839610202,4.82235531609128],[-75.732951644329,4.82252123075994],[-75.732421745599,4.82334505772359],[-75.7329882120014,4.82409806556295],[-75.7329799367157,4.82410864564347],[-75.7329666610349,4.8241189247162],[-75.7329543710234,4.82412431207357],[-75.7329400036311,4.82412696144552],[-75.732876018342,4.8240957532298],[-75.7328576713771,4.82409275068523],[-75.7328404164927,4.82409260983849],[-75.7328224920768,4.82409517079919],[-75.7328028074471,4.82410144124022],[-75.7327871019965,4.82410944179109],[-75.7327753752107,4.82411760210224],[-75.7327413237578,4.82421827747425],[-75.7328030556223,4.82427666807595],[-75.7328072109825,4.82428687679217],[-75.7328100986983,4.82429962882559],[-75.7328097112465,4.82432248445455],[-75.7328047113799,4.82433931625095],[-75.7326089537329,4.8243539250679],[-75.7325764505444,4.82432824420672],[-75.7325460250721,4.82431337276098],[-75.7325100361029,4.82430406471564],[-75.732475138803,4.82430240535323],[-75.7324383043818,4.82430825125711],[-75.7324253807661,4.8243122785486],[-75.732371467387,4.82434398283528],[-75.732365093842,4.82436685553124],[-75.7323626642842,4.82439239577852],[-75.7323658336274,4.82442231552518],[-75.7323737927526,4.82444736013568],[-75.7323641442611,4.82447701491434],[-75.7322445905168,4.82442507137565],[-75.7321836692208,4.82441184274028],[-75.7321215151407,4.82439215035625],[-75.7320711581136,4.82437118582803],[-75.7320087227202,4.82436163098207],[-75.7319718537721,4.82434702429139],[-75.7319050162036,4.82432720779481],[-75.7318434259184,4.8243159576938],[-75.7317535931748,4.8242746459404],[-75.7317218296677,4.82425963349067],[-75.7316485833782,4.82422793037849],[-75.7316187917227,4.82420334424672],[-75.731573893613,4.82419744578096],[-75.7315362846414,4.82419571500137],[-75.7314881111251,4.82419774675948],[-75.7314466286032,4.82420334562797],[-75.7314240912427,4.82420793786311],[-75.7313877855334,4.82426198458547],[-75.7313301743421,4.8243119868034],[-75.7312821068456,4.82433339361115],[-75.7312003037263,4.82432708925745],[-75.7311825201907,4.82433270616495],[-75.7311613212185,4.8243441339097],[-75.7311475527727,4.82435520753142],[-75.7311367418806,4.82436689996799],[-75.7311240297982,4.8243683131175],[-75.7311055416534,4.82436652981926],[-75.7310887441321,4.82436068342248],[-75.7310791307453,4.82435511977586],[-75.7310547622277,4.82436877334945],[-75.7310112731023,4.82443633139933],[-75.7309490137495,4.82447054403367]]]},"properties":{"FID":374,"ID_BAR":6,"CODSUELO":"6600101","CODCOM":"18","COMUNA":"Del Cafe","CODBAR":"011807","NOMBRE":"Ciudad Boquia *1","NOM_POPULA":"Ciudad Boquia *1","ACT_GEOGRA":1168041600000,"NORMA":"Sin","CREACION":null,"ORIGEN_NOR":"Sin","OBSERVACIO":"Ajustado SPM","COD_SISBEN":"18201","Shape_Area":133860.77006460796,"Shape__Area":135634.53076171875,"Shape__Length":2109.3055705069391,"GlobalID":"5e398696-ee59-4357-9548-f7da4577f9ad","CreationDate":1545839815055,"Creator":"sigper_arcgis","EditDate":1545839815055,"Editor":"sigper_arcgis"}},{"type":"Feature","id":375,"geometry":{"type":"Polygon","coordinates":[[[-75.7264434241081,4.82486043433186],[-75.7248601097456,4.82459948956614],[-75.724796829779,4.82453959731971],[-75.7245595544528,4.82435567914878],[-75.724337457035,4.8241899536397],[-75.7242700925587,4.82410376150198],[-75.7241839584329,4.82396366384465],[-75.7240328187432,4.82371402429426],[-75.7238862569464,4.82354243458655],[-75.7238002989248,4.82336309134927],[-75.7237199750423,4.82324856922007],[-75.7236478212845,4.82318434870636],[-75.7235803156198,4.82313766707499],[-75.7235327058013,4.82311320427563],[-75.7234897091534,4.82309342282505],[-75.7234351260615,4.82307826782644],[-75.7233793466562,4.82307012590289],[-75.723325750385,4.82307363978364],[-75.7232645826954,4.82308040491267],[-75.7231928510238,4.8230983845614],[-75.7231201328466,4.82311800670946],[-75.7230606205005,4.82312943371225],[-75.7229954034446,4.82312943383636],[-75.7229236720266,4.82311636279932],[-75.7228460243552,4.82308674299182],[-75.7227767222331,4.82303115910788],[-75.7227359798539,4.8229657915545],[-75.7226932656829,4.82284763052449],[-75.7226139291782,4.82254383838543],[-75.7227805995012,4.82246907553017],[-75.7230129798453,4.82237334663533],[-75.723112601325,4.82232839678647],[-75.7232390212954,4.82224646213257],[-75.7233447355911,4.82215030969135],[-75.7234673876938,4.82204322389791],[-75.7251591557032,4.82234212854524],[-75.7252471578253,4.82178947569981],[-75.7269247702571,4.82208309434321],[-75.7264434241081,4.82486043433186]]]},"properties":{"FID":375,"ID_BAR":7,"CODSUELO":"6600101","CODCOM":"18","COMUNA":"Del Cafe","CODBAR":"011814","NOMBRE":"Sector B","NOM_POPULA":"Sector B","ACT_GEOGRA":1168041600000,"NORMA":"Sin","CREACION":null,"ORIGEN_NOR":"Sin","OBSERVACIO":"Ajustado SPM","COD_SISBEN":"18178","Shape_Area":98394.240791585878,"Shape__Area":99697.6650390625,"Shape__Length":1420.6291750923342,"GlobalID":"aff1a685-dea4-46ac-bfbe-ce69d286be20","CreationDate":1545839815055,"Creator":"sigper_arcgis","EditDate":1545839815055,"Editor":"sigper_arcgis"}},{"type":"Feature","id":376,"geometry":{"type":"Polygon","coordinates":[[[-75.7331980120521,4.82328114810029],[-75.733279399616,4.82323956918647],[-75.7333154512337,4.82322551064435],[-75.7333629903826,4.82321378235911],[-75.7334411661255,4.82317372365123],[-75.7334943045879,4.82313179280566],[-75.7335766706891,4.82309514253292],[-75.7337351346323,4.82301456634297],[-75.7338418342105,4.82295223466739],[-75.7341467520497,4.82268010863871],[-75.7342037990017,4.82264098621771],[-75.7342514083789,4.82259992129032],[-75.7342921164807,4.82255680677108],[-75.7343139487631,4.82253079045145],[-75.7343293367124,4.82249905044923],[-75.734400998357,4.82237126491887],[-75.7344714253896,4.82232512831734],[-75.734487095049,4.82228485816675],[-75.7344832208562,4.82222464742759],[-75.7351699334964,4.82216515247604],[-75.7354468276386,4.82229313034202],[-75.735331293736,4.82251791962521],[-75.7352832570999,4.82257896397085],[-75.7350566897546,4.82299769063465],[-75.734520071206,4.82381122226678],[-75.7344900972667,4.82402178524692],[-75.734446900287,4.82402641253626],[-75.7343312417126,4.82406582694317],[-75.7337568212499,4.82399071581581],[-75.7335499415891,4.82399072790881],[-75.733546746873,4.82396811892413],[-75.7334983963649,4.82381269154401],[-75.7331980120521,4.82328114810029]]]},"properties":{"FID":376,"ID_BAR":8,"CODSUELO":"6600101","CODCOM":"18","COMUNA":"Del Cafe","CODBAR":"011808","NOMBRE":"Ciudadela Comfamiliar Boquia","NOM_POPULA":"Ciudadela Comfamiliar Boquia","ACT_GEOGRA":1168041600000,"NORMA":"10","CREACION":965088000000,"ORIGEN_NOR":"Concejo Municipal","OBSERVACIO":"Ajustado a delimitacion de la Norma de creacion","COD_SISBEN":"18221","Shape_Area":26838.57755813187,"Shape__Area":27194.31103515625,"Shape__Length":720.91033050976944,"GlobalID":"dd446b74-aa77-417d-bfd8-1c0f928f0953","CreationDate":1545839815055,"Creator":"sigper_arcgis","EditDate":1545839815055,"Editor":"sigper_arcgis"}},{"type":"Feature","id":377,"geometry":{"type":"Polygon","coordinates":[[[-75.7079065450179,4.82190872196269],[-75.7074955541119,4.82204087703128],[-75.7072035166045,4.822217402899],[-75.706825797105,4.82254863096876],[-75.7066690892289,4.82268404313709],[-75.7065206932432,4.82275839632956],[-75.7062778551774,4.8227516419866],[-75.7059810701304,4.8226704929932],[-75.7054414883129,4.82240006658794],[-75.7050962840061,4.82231812064903],[-75.7046308602417,4.82218290107489],[-75.7042733654431,4.82210851308794],[-75.7035988733614,4.82199358016351],[-75.7031391536822,4.82187971308771],[-75.702670381031,4.82183728962143],[-75.7023985262037,4.82185015546732],[-75.7019801043228,4.82196766529144],[-75.7018508145068,4.82149238666017],[-75.7019107148281,4.82147386107564],[-75.7019747705453,4.82145496510225],[-75.7021081635093,4.82142416668293],[-75.7022047923051,4.82140882172394],[-75.7022786366655,4.8214009116196],[-75.7024837253268,4.82140976779491],[-75.7025980306951,4.82142045713177],[-75.7035803647065,4.82157616670496],[-75.7043435614419,4.82169202104848],[-75.7045288582698,4.82173017840487],[-75.7054685800195,4.82200455602166],[-75.7057881135298,4.82208613077617],[-75.7059740091958,4.82210401029557],[-75.7062087835589,4.82210859224878],[-75.7063916535842,4.82205965547585],[-75.7077908402548,4.82156260863691],[-75.7079065450179,4.82190872196269]]]},"properties":{"FID":377,"ID_BAR":9,"CODSUELO":"6600101","CODCOM":"02","COMUNA":"Rio Otun","CODBAR":"010225","NOMBRE":"Risaralda","NOM_POPULA":"Risaralda","ACT_GEOGRA":1168041600000,"NORMA":"Sin","CREACION":null,"ORIGEN_NOR":"Sin","OBSERVACIO":"Ajustado SPM","COD_SISBEN":"02026","Shape_Area":34080.7990689362,"Shape__Area":34531.580078125,"Shape__Length":1483.3911821498777,"GlobalID":"e7da18e1-7743-4848-a3a6-39fd4abd7b22","CreationDate":1545839815055,"Creator":"sigper_arcgis","EditDate":1545839815055,"Editor":"sigper_arcgis"}},{"type":"Feature","id":378,"geometry":{"type":"Polygon","coordinates":[[[-75.7324839610202,4.82235531609128],[-75.7319919786399,4.82218079883944],[-75.7318392539045,4.82211212966803],[-75.7317626975156,4.82209372599378],[-75.73185168014,4.82158607582555],[-75.7325438191423,4.82164227204407],[-75.7324839610202,4.82235531609128]]]},"properties":{"FID":378,"ID_BAR":10,"CODSUELO":"6600101","CODCOM":"18","COMUNA":"Del Cafe","CODBAR":"011809","NOMBRE":"Horizontes","NOM_POPULA":"Horizontes","ACT_GEOGRA":1180656000000,"NORMA":"Sin","CREACION":null,"ORIGEN_NOR":"Sin","OBSERVACIO":"Ajustado SPM","COD_SISBEN":" ","Shape_Area":5441.39044265616,"Shape__Area":5513.484375,"Shape__Length":300.3628569448461,"GlobalID":"1e96a778-1587-4977-94cb-22854a2c5d92","CreationDate":1545839815055,"Creator":"sigper_arcgis","EditDate":1545839815055,"Editor":"sigper_arcgis"}},{"type":"Feature","id":379,"geometry":{"type":"Polygon","coordinates":[[[-75.7234673876938,4.82204322389791],[-75.7235434156263,4.82192458625673],[-75.7236990648838,4.8216471301389],[-75.7238211540131,4.82141510183578],[-75.7239845143095,4.82121850334415],[-75.7244311020786,4.8212079610547],[-75.7248589215804,4.8212079621668],[-75.725352344385,4.82120038558996],[-75.7252471578253,4.82178947569981],[-75.7251591557032,4.82234212854524],[-75.7234673876938,4.82204322389791]]]},"properties":{"FID":379,"ID_BAR":11,"CODSUELO":"6600101","CODCOM":"18","COMUNA":"Del Cafe","CODBAR":"011806","NOMBRE":"Carlos Enrique Soto","NOM_POPULA":"Carlos Enrique Soto","ACT_GEOGRA":1168041600000,"NORMA":"Sin","CREACION":null,"ORIGEN_NOR":"Sin","OBSERVACIO":"Ajustado SPM","COD_SISBEN":"18222","Shape_Area":19207.12498666672,"Shape__Area":19461.46240234375,"Shape__Length":581.92422272097838,"GlobalID":"43f99542-46c2-444f-8c01-064d90ee5c1f","CreationDate":1545839815055,"Creator":"sigper_arcgis","EditDate":1545839815055,"Editor":"sigper_arcgis"}},{"type":"Feature","id":380,"geometry":{"type":"Polygon","coordinates":[[[-75.7077908402548,4.82156260863691],[-75.7079929012786,4.82150492902045],[-75.7081598531813,4.82150256694404],[-75.7083536010957,4.82154217054107],[-75.7088431804691,4.82175941188277],[-75.7089360048319,4.82178529015165],[-75.7090053775132,4.82178410817646],[-75.7090793984586,4.82177496093773],[-75.7091487706552,4.82175871386795],[-75.7092875522036,4.82168873969845],[-75.7100297092297,4.82112186962946],[-75.7101605336071,4.82099242617952],[-75.7105217792927,4.82026261109282],[-75.7105570310999,4.82017184577598],[-75.7109488206171,4.82033796819658],[-75.7107096332022,4.82086489908089],[-75.7105418680043,4.82106354298999],[-75.7102172889737,4.821417151775],[-75.7094873149832,4.82202024738474],[-75.7092845827817,4.82214931886767],[-75.7089457477131,4.82222345635874],[-75.7087433731804,4.8221558397937],[-75.7086089280144,4.82199864132292],[-75.7083854260338,4.82187120276579],[-75.7080414521971,4.8218653292657],[-75.7079065450179,4.82190872196269],[-75.7077908402548,4.82156260863691]]]},"properties":{"FID":380,"ID_BAR":12,"CODSUELO":"6600101","CODCOM":"02","COMUNA":"Rio Otun","CODBAR":"010227","NOMBRE":"Jaime Salazar Robledo","NOM_POPULA":"Jaime Salazar Robledo","ACT_GEOGRA":1180656000000,"NORMA":"Sin","CREACION":null,"ORIGEN_NOR":"Sin","OBSERVACIO":"Ajustado SPM, Visita de campo","COD_SISBEN":"02027","Shape_Area":17401.072698251821,"Shape__Area":17631.2666015625,"Shape__Length":937.90012373607215,"GlobalID":"64d36632-9010-4129-a0a6-9dd600622149","CreationDate":1545839815055,"Creator":"sigper_arcgis","EditDate":1545839815055,"Editor":"sigper_arcgis"}},{"type":"Feature","id":381,"geometry":{"type":"Polygon","coordinates":[[[-75.7010335197325,4.82162485835879],[-75.701283048518,4.82163514745597],[-75.7014537333566,4.82161240474199],[-75.7018508145068,4.82149238666017],[-75.7019801043228,4.82196766529144],[-75.7018054046526,4.8220167077433],[-75.7016260912631,4.82206053891486],[-75.7014641748088,4.82208080875484],[-75.7001533181415,4.82211442346735],[-75.6997891032001,4.82192510456621],[-75.6994907086509,4.82161951772254],[-75.699288372243,4.8214843050442],[-75.6989848654125,4.82134234087365],[-75.6985801562576,4.82111923203813],[-75.6983171066049,4.82108541571783],[-75.6980945173339,4.82105836504996],[-75.697939363725,4.82104484737597],[-75.6971621189114,4.82090980290366],[-75.6968622031949,4.82081217059047],[-75.6968706718398,4.82041588259146],[-75.6969245535919,4.82032554237561],[-75.6975397413169,4.82046156871642],[-75.6977915206033,4.82053256383364],[-75.6989103679376,4.82095413811805],[-75.6991654911298,4.82107033103466],[-75.6994217046186,4.82120053066343],[-75.6995506222481,4.82126307726295],[-75.6996829547487,4.8213407789614],[-75.6997569379712,4.82139094351645],[-75.7000113215618,4.8215111974838],[-75.7002316909305,4.8215694037446],[-75.7010335197325,4.82162485835879]]]},"properties":{"FID":381,"ID_BAR":13,"CODSUELO":"6600101","CODCOM":"02","COMUNA":"Rio Otun","CODBAR":"010233","NOMBRE":"San Juan de Dios","NOM_POPULA":"San Juan de Dios","ACT_GEOGRA":1180656000000,"NORMA":"Sin","CREACION":null,"ORIGEN_NOR":"Sin","OBSERVACIO":"Ajustado SPM, Visita de campo","COD_SISBEN":"02031","Shape_Area":28168.80754641342,"Shape__Area":28541.19580078125,"Shape__Length":1298.0511683360596,"GlobalID":"f5a4cb61-1076-4bad-9c41-6c60c2dd8e8a","CreationDate":1545839815055,"Creator":"sigper_arcgis","EditDate":1545839815055,"Editor":"sigper_arcgis"}},{"type":"Feature","id":382,"geometry":{"type":"Polygon","coordinates":[[[-75.7035803647065,4.82157616670496],[-75.7036497944302,4.82090426093279],[-75.7037387399116,4.82004345678767],[-75.7037727214116,4.82004753854302],[-75.7051908657699,4.82021786674194],[-75.7054229622554,4.82024201782194],[-75.7071170810988,4.82041819710683],[-75.7089349787664,4.82063651716203],[-75.7091496091183,4.82065800018073],[-75.7092490201217,4.82062638775992],[-75.7099694805033,4.82018211079673],[-75.7103449019221,4.82008755668855],[-75.7105570310999,4.82017184577598],[-75.7105217792927,4.82026261109282],[-75.7101605336071,4.82099242617952],[-75.7100297092297,4.82112186962946],[-75.7092875522036,4.82168873969845],[-75.7091487706552,4.82175871386795],[-75.7090793984586,4.82177496093773],[-75.7090053775132,4.82178410817646],[-75.7089360048319,4.82178529015165],[-75.7088431804691,4.82175941188277],[-75.7083536010957,4.82154217054107],[-75.7081598531813,4.82150256694404],[-75.7079929012786,4.82150492902045],[-75.7077908402548,4.82156260863691],[-75.7063916535842,4.82205965547585],[-75.7062087835589,4.82210859224878],[-75.7059740091958,4.82210401029557],[-75.7057881135298,4.82208613077617],[-75.7054685800195,4.82200455602166],[-75.7045288582698,4.82173017840487],[-75.7043435614419,4.82169202104848],[-75.7035803647065,4.82157616670496]]]},"properties":{"FID":382,"ID_BAR":14,"CODSUELO":"6600101","CODCOM":"02","COMUNA":"Rio Otun","CODBAR":"010214","NOMBRE":"Jose Antonio Galan","NOM_POPULA":"Jose Antonio Galan","ACT_GEOGRA":1168041600000,"NORMA":"31","CREACION":201139200000,"ORIGEN_NOR":"Concejo Municipal","OBSERVACIO":"Acuerdo sin delimitacion","COD_SISBEN":"02019","Shape_Area":112573.18318283513,"Shape__Area":114061.99267578125,"Shape__Length":1841.0081568043397,"GlobalID":"68ee7707-994e-46ba-a57b-abfc3d55d216","CreationDate":1545839815055,"Creator":"sigper_arcgis","EditDate":1545839815055,"Editor":"sigper_arcgis"}},{"type":"Feature","id":383,"geometry":{"type":"Polygon","coordinates":[[[-75.7269649493917,4.82185124227634],[-75.7269247702571,4.82208309434321],[-75.7252471578253,4.82178947569981],[-75.725352344385,4.82120038558996],[-75.7260913877389,4.82120296519579],[-75.7266533381588,4.82121582363441],[-75.727063478975,4.82127628221607],[-75.7269649493917,4.82185124227634]]]},"properties":{"FID":383,"ID_BAR":15,"CODSUELO":"6600101","CODCOM":"18","COMUNA":"Del Cafe","CODBAR":"011805","NOMBRE":"Antonio Ricaurte","NOM_POPULA":"Sector B","ACT_GEOGRA":1180656000000,"NORMA":"74","CREACION":807408000000,"ORIGEN_NOR":"Concejo Municipal","OBSERVACIO":"Ajustado a delimitacion de la Norma de creacion","COD_SISBEN":"18223","Shape_Area":15285.88677800083,"Shape__Area":15488.31494140625,"Shape__Length":538.89591249784314,"GlobalID":"5a000c33-847b-4ec1-b8a3-aae4cec62d24","CreationDate":1545839815055,"Creator":"sigper_arcgis","EditDate":1545839815055,"Editor":"sigper_arcgis"}},{"type":"Feature","id":384,"geometry":{"type":"Polygon","coordinates":[[[-75.7309768525259,4.82195315731074],[-75.7302773181419,4.82183206872844],[-75.7300732476303,4.8211775940445],[-75.7310801325164,4.82132579241272],[-75.7309768525259,4.82195315731074]]]},"properties":{"FID":384,"ID_BAR":16,"CODSUELO":"6600101","CODCOM":"18","COMUNA":"Del Cafe","CODBAR":"011813","NOMBRE":"Rincon Del Cafe","NOM_POPULA":"Rincon Del Cafe","ACT_GEOGRA":1180656000000,"NORMA":"Sin","CREACION":null,"ORIGEN_NOR":"Sin","OBSERVACIO":"Ajustado SPM","COD_SISBEN":" ","Shape_Area":6628.32112691004,"Shape__Area":6716.1259765625,"Shape__Length":339.92512893573826,"GlobalID":"3551c4d9-3cfc-441e-9499-62cf74294186","CreationDate":1545839815055,"Creator":"sigper_arcgis","EditDate":1545839815055,"Editor":"sigper_arcgis"}},{"type":"Feature","id":385,"geometry":{"type":"Polygon","coordinates":[[[-75.7010335197325,4.82162485835879],[-75.7011275007262,4.82083950931071],[-75.7011571950933,4.8206044956989],[-75.7019999406757,4.8206984374582],[-75.7019107148281,4.82147386107564],[-75.7018508145068,4.82149238666017],[-75.7014537333566,4.82161240474199],[-75.701283048518,4.82163514745597],[-75.7010335197325,4.82162485835879]]]},"properties":{"FID":385,"ID_BAR":17,"CODSUELO":"6600101","CODCOM":"02","COMUNA":"Rio Otun","CODBAR":"010222","NOMBRE":"Nuevo Penol","NOM_POPULA":"Nuevo Penol","ACT_GEOGRA":1180656000000,"NORMA":"73","CREACION":558748800000,"ORIGEN_NOR":"Concejo Municipal","OBSERVACIO":"Ajustado a delimitacion de la Norma de creacion","COD_SISBEN":"02024","Shape_Area":9816.59907694734,"Shape__Area":9946.38525390625,"Shape__Length":396.55569871713891,"GlobalID":"c5208c7e-71ba-4938-b7a7-06f559b79931","CreationDate":1545839815055,"Creator":"sigper_arcgis","EditDate":1545839815055,"Editor":"sigper_arcgis"}},{"type":"Feature","id":386,"geometry":{"type":"Polygon","coordinates":[[[-75.6994217046186,4.82120053066343],[-75.6994816012803,4.82039765881247],[-75.7003116337321,4.82050204017895],[-75.7011571950933,4.8206044956989],[-75.7011275007262,4.82083950931071],[-75.7010335197325,4.82162485835879],[-75.7002316909305,4.8215694037446],[-75.7000113215618,4.8215111974838],[-75.6997569379712,4.82139094351645],[-75.6996829547487,4.8213407789614],[-75.6995506222481,4.82126307726295],[-75.6994217046186,4.82120053066343]]]},"properties":{"FID":386,"ID_BAR":18,"CODSUELO":"6600101","CODCOM":"02","COMUNA":"Rio Otun","CODBAR":"010210","NOMBRE":"Enrique Millan Rubio","NOM_POPULA":"Enrique Millan Rubio","ACT_GEOGRA":1168041600000,"NORMA":"Sin","CREACION":null,"ORIGEN_NOR":"Sin","OBSERVACIO":"Ajustado SPM","COD_SISBEN":"02016","Shape_Area":20491.001465121,"Shape__Area":20761.88720703125,"Shape__Length":581.9281513939535,"GlobalID":"5043c133-96b1-48b4-b681-1e5688e8b7a4","CreationDate":1545839815055,"Creator":"sigper_arcgis","EditDate":1545839815055,"Editor":"sigper_arcgis"}},{"type":"Feature","id":387,"geometry":{"type":"Polygon","coordinates":[[[-75.7019107148281,4.82147386107564],[-75.7019999406757,4.8206984374582],[-75.7025503377668,4.8207643724287],[-75.7036497944302,4.82090426093279],[-75.7035803647065,4.82157616670496],[-75.7025980306951,4.82142045713177],[-75.7024837253268,4.82140976779491],[-75.7022786366655,4.8214009116196],[-75.7022047923051,4.82140882172394],[-75.7021081635093,4.82142416668293],[-75.7019747705453,4.82145496510225],[-75.7019107148281,4.82147386107564]]]},"properties":{"FID":387,"ID_BAR":19,"CODSUELO":"6600101","CODCOM":"02","COMUNA":"Rio Otun","CODBAR":"010218","NOMBRE":"La Sirena","NOM_POPULA":"La Sirena","ACT_GEOGRA":1168041600000,"NORMA":"Sin","CREACION":null,"ORIGEN_NOR":"Sin","OBSERVACIO":"Ajustado SPM","COD_SISBEN":"02023","Shape_Area":13717.15273370489,"Shape__Area":13898.5234375,"Shape__Length":535.94742380959792,"GlobalID":"6ee95c17-f511-4cae-bac2-1bcebbfc8b00","CreationDate":1545839815055,"Creator":"sigper_arcgis","EditDate":1545839815055,"Editor":"sigper_arcgis"}},{"type":"Feature","id":388,"geometry":{"type":"Polygon","coordinates":[[[-75.733332299641,4.82122416318813],[-75.7334947341969,4.82031216933344],[-75.7337820474753,4.82036215061892],[-75.7339114881282,4.81963202665652],[-75.7341080552792,4.81973640816826],[-75.7343487450255,4.81980187935979],[-75.7348716422806,4.81989135028412],[-75.735645128076,4.82024382732754],[-75.7355692469602,4.82063356386801],[-75.7344485575491,4.82113548645088],[-75.733332299641,4.82122416318813]]]},"properties":{"FID":388,"ID_BAR":20,"CODSUELO":"6600101","CODCOM":"18","COMUNA":"Del Cafe","CODBAR":"011801","NOMBRE":"Alamos Del Cafe","NOM_POPULA":"Alamos Del Cafe","ACT_GEOGRA":1180656000000,"NORMA":"22","CREACION":891820800000,"ORIGEN_NOR":"Concejo Municipal","OBSERVACIO":"Ajustado a delimitacion de la Norma de creacion","COD_SISBEN":"18175","Shape_Area":27809.73659190016,"Shape__Area":28178.1240234375,"Shape__Length":730.86414023053737,"GlobalID":"aac49770-b30c-4c39-b60e-69daafbfcb46","CreationDate":1545839815055,"Creator":"sigper_arcgis","EditDate":1545839815055,"Editor":"sigper_arcgis"}},{"type":"Feature","id":389,"geometry":{"type":"Polygon","coordinates":[[[-75.733332299641,4.82122416318813],[-75.7319584803862,4.82097700932251],[-75.732117359789,4.8200029510932],[-75.7322305332074,4.81932443641756],[-75.7323135322136,4.81926221163677],[-75.7323601561723,4.8192597201066],[-75.7336026218663,4.81947803255017],[-75.7339114881282,4.81963202665652],[-75.7337820474753,4.82036215061892],[-75.7334947341969,4.82031216933344],[-75.733332299641,4.82122416318813]]]},"properties":{"FID":389,"ID_BAR":21,"CODSUELO":"6600101","CODCOM":"18","COMUNA":"Del Cafe","CODBAR":"011815","NOMBRE":"Villa Del Cafe","NOM_POPULA":"Villa Del Cafe","ACT_GEOGRA":1168041600000,"NORMA":"71","CREACION":871084800000,"ORIGEN_NOR":"Concejo Municipal","OBSERVACIO":"Ajustado a delimitacion de la Norma de creacion","COD_SISBEN":" ","Shape_Area":33238.798319626367,"Shape__Area":33679.03466796875,"Shape__Length":756.91158804008865,"GlobalID":"54499685-4eaa-46c6-870a-7a73c244e8a8","CreationDate":1545839815055,"Creator":"sigper_arcgis","EditDate":1545839815055,"Editor":"sigper_arcgis"}},{"type":"Feature","id":390,"geometry":{"type":"Polygon","coordinates":[[[-75.6994816012803,4.82039765881247],[-75.6994217046186,4.82120053066343],[-75.6991654911298,4.82107033103466],[-75.6989103679376,4.82095413811805],[-75.6977915206033,4.82053256383364],[-75.6975397413169,4.82046156871642],[-75.6969245535919,4.82032554237561],[-75.6952868240681,4.81995418955923],[-75.6954875173009,4.81825109618516],[-75.6946402684994,4.81815696923669],[-75.6947265814175,4.81733712621952],[-75.6964117113278,4.81752313355624],[-75.6997555613198,4.81789222165052],[-75.6997278077572,4.81801507949501],[-75.6996568251613,4.81867541620462],[-75.6995830513673,4.81955932225163],[-75.6994816012803,4.82039765881247]]]},"properties":{"FID":390,"ID_BAR":22,"CODSUELO":"6600101","CODCOM":"02","COMUNA":"Rio Otun","CODBAR":"010231","NOMBRE":"San Jorge","NOM_POPULA":"San Jorge","ACT_GEOGRA":1168041600000,"NORMA":"Sin","CREACION":null,"ORIGEN_NOR":"Sin","OBSERVACIO":"Ajustado SPM","COD_SISBEN":"02030","Shape_Area":155044.9962651339,"Shape__Area":157093.41259765625,"Shape__Length":1796.0705513165149,"GlobalID":"47316318-1dac-4878-a186-8e2c4a8da657","CreationDate":1545839815055,"Creator":"sigper_arcgis","EditDate":1545839815055,"Editor":"sigper_arcgis"}},{"type":"Feature","id":391,"geometry":{"type":"Polygon","coordinates":[[[-75.732117359789,4.8200029510932],[-75.7319584803862,4.82097700932251],[-75.7279224252553,4.8202801637903],[-75.7286441400938,4.81957690257373],[-75.7286876295011,4.81954426293113],[-75.7287549592737,4.81950383422909],[-75.7288230283408,4.81947331363867],[-75.7289136695919,4.81946570051674],[-75.7291130175892,4.81948691192187],[-75.732117359789,4.8200029510932]]]},"properties":{"FID":391,"ID_BAR":23,"CODSUELO":"6600101","CODCOM":"18","COMUNA":"Del Cafe","CODBAR":"011812","NOMBRE":"Paz Verde","NOM_POPULA":"Paz Verde","ACT_GEOGRA":1180656000000,"NORMA":"56","CREACION":839289600000,"ORIGEN_NOR":"Concejo Municipal","OBSERVACIO":"Ajustado a delimitacion de la Norma de creacion","COD_SISBEN":"18176","Shape_Area":45058.45251811645,"Shape__Area":45655.07763671875,"Shape__Length":1073.5388065088493,"GlobalID":"b35f60c5-9166-49a0-9e3b-0637f92e8977","CreationDate":1545839815055,"Creator":"sigper_arcgis","EditDate":1545839815055,"Editor":"sigper_arcgis"}},{"type":"Feature","id":392,"geometry":{"type":"Polygon","coordinates":[[[-75.6935521876418,4.82030726485171],[-75.6935323398425,4.8207575456855],[-75.6932442099196,4.82087874789792],[-75.6929030861466,4.82094304003009],[-75.6925561186973,4.82095178288332],[-75.6923082828231,4.82090500063197],[-75.6921391829784,4.82092546243734],[-75.6919080375213,4.8208961666273],[-75.6917360188245,4.82082893564701],[-75.691584427153,4.82070617478611],[-75.6914765410908,4.82050741519948],[-75.6914004915125,4.82024378406459],[-75.6912952866689,4.81994187777681],[-75.6910871154833,4.81965209893902],[-75.6910296486141,4.81958748731416],[-75.6911086897396,4.81921151437738],[-75.6919578755796,4.82000812744266],[-75.6921751048489,4.8201567311747],[-75.6924035339568,4.82026649649446],[-75.6925691799677,4.8203088766159],[-75.6930955977497,4.82032665323015],[-75.6935521876418,4.82030726485171]]]},"properties":{"FID":392,"ID_BAR":24,"CODSUELO":"6600101","CODCOM":"02","COMUNA":"Rio Otun","CODBAR":"010236","NOMBRE":"Zea","NOM_POPULA":"Zea","ACT_GEOGRA":1168041600000,"NORMA":"Sin","CREACION":null,"ORIGEN_NOR":"Sin","OBSERVACIO":"Ajustado SPM","COD_SISBEN":"02033","Shape_Area":21337.50016615379,"Shape__Area":21619.39111328125,"Shape__Length":777.64466996439978,"GlobalID":"eb1d905b-d8a3-4675-9e93-5ddbbcd1c4eb","CreationDate":1545839815055,"Creator":"sigper_arcgis","EditDate":1545839815055,"Editor":"sigper_arcgis"}},{"type":"Feature","id":393,"geometry":{"type":"Polygon","coordinates":[[[-75.7019999406757,4.8206984374582],[-75.7020420034549,4.82024147996829],[-75.7020887809812,4.81986085975963],[-75.702100296825,4.8198622029729],[-75.7029031433579,4.81995101896358],[-75.7037387399116,4.82004345678767],[-75.7036497944302,4.82090426093279],[-75.7025503377668,4.8207643724287],[-75.7019999406757,4.8206984374582]]]},"properties":{"FID":393,"ID_BAR":25,"CODSUELO":"6600101","CODCOM":"02","COMUNA":"Rio Otun","CODBAR":"010208","NOMBRE":"El Progreso","NOM_POPULA":"El Progreso","ACT_GEOGRA":1180656000000,"NORMA":"122","CREACION":660787200000,"ORIGEN_NOR":"Concejo Municipal","OBSERVACIO":"Ajustado a delimitacion de la Norma de creacion","COD_SISBEN":"02014","Shape_Area":17413.073803989959,"Shape__Area":17643.27392578125,"Shape__Length":560.67205681146629,"GlobalID":"1256f3f0-a2ce-4dc4-9e4b-f19499ed451d","CreationDate":1545839815055,"Creator":"sigper_arcgis","EditDate":1545839815055,"Editor":"sigper_arcgis"}},{"type":"Feature","id":394,"geometry":{"type":"Polygon","coordinates":[[[-75.7276339494916,4.81976041664279],[-75.7276348649245,4.82001759715891],[-75.7272935340181,4.8204180895146],[-75.7269550888808,4.82066002764719],[-75.7265834021075,4.82074975137296],[-75.7249244562256,4.82075805121239],[-75.7247953607636,4.8207803929041],[-75.7247892332241,4.8207462517179],[-75.7247729993841,4.8207102208271],[-75.724741341596,4.82067385456496],[-75.7246838367422,4.82061592214143],[-75.7246311565518,4.8205751221254],[-75.7245812225486,4.82054838111154],[-75.7245000897,4.82051888479795],[-75.7243973688893,4.82050251124574],[-75.7243164816133,4.82050468354682],[-75.72498749074,4.8202885172463],[-75.725801117218,4.82029021379708],[-75.7272777928856,4.81996902621077],[-75.727298286846,4.81994442235525],[-75.7272984281872,4.81987465662258],[-75.7276339494916,4.81976041664279]]]},"properties":{"FID":394,"ID_BAR":26,"CODSUELO":"6600101","CODCOM":"18","COMUNA":"Del Cafe","CODBAR":"011816","NOMBRE":"Villa Los Comunales","NOM_POPULA":"Villa Los Comunales","ACT_GEOGRA":1168041600000,"NORMA":"Sin","CREACION":null,"ORIGEN_NOR":"Sin","OBSERVACIO":"Ajustado SPM","COD_SISBEN":"18268","Shape_Area":18526.160987516269,"Shape__Area":18771.44140625,"Shape__Length":830.50388039300549,"GlobalID":"26debef1-866e-4553-b738-49444e5f4326","CreationDate":1545839815055,"Creator":"sigper_arcgis","EditDate":1545839815055,"Editor":"sigper_arcgis"}},{"type":"Feature","id":395,"geometry":{"type":"Polygon","coordinates":[[[-75.7019999406757,4.8206984374582],[-75.7011571950933,4.8206044956989],[-75.7003116337321,4.82050204017895],[-75.7004153720387,4.81965875819468],[-75.7012545943568,4.81976379236048],[-75.7020887809812,4.81986085975963],[-75.7020420034549,4.82024147996829],[-75.7019999406757,4.8206984374582]]]},"properties":{"FID":395,"ID_BAR":27,"CODSUELO":"6600101","CODCOM":"02","COMUNA":"Rio Otun","CODBAR":"010232","NOMBRE":"San Juan","NOM_POPULA":"San Juan","ACT_GEOGRA":1168041600000,"NORMA":"Sin","CREACION":null,"ORIGEN_NOR":"Sin","OBSERVACIO":"Ajustado SPM","COD_SISBEN":"02193","Shape_Area":17545.6425751552,"Shape__Area":17777.560546875,"Shape__Length":565.88168847806469,"GlobalID":"27b81850-3554-4b53-a396-bb234b9b3ed8","CreationDate":1545839815055,"Creator":"sigper_arcgis","EditDate":1545839815055,"Editor":"sigper_arcgis"}},{"type":"Feature","id":396,"geometry":{"type":"Polygon","coordinates":[[[-75.7099694805033,4.82018211079673],[-75.7092490201217,4.82062638775992],[-75.7091496091183,4.82065800018073],[-75.7089349787664,4.82063651716203],[-75.7090939450663,4.82029171825808],[-75.7093340455873,4.81988626990916],[-75.7094039509962,4.81971374621565],[-75.709994735348,4.81990776353985],[-75.7099694805033,4.82018211079673]]]},"properties":{"FID":396,"ID_BAR":28,"CODSUELO":"6600101","CODCOM":"02","COMUNA":"Rio Otun","CODBAR":"010207","NOMBRE":"El Prado","NOM_POPULA":"El Prado","ACT_GEOGRA":1180656000000,"NORMA":"67","CREACION":628214400000,"ORIGEN_NOR":"Concejo Municipal","OBSERVACIO":"Ajustado a delimitacion de la Norma de creacion","COD_SISBEN":"02276","Shape_Area":6453.26132525594,"Shape__Area":6538.6044921875,"Shape__Length":345.73530071342219,"GlobalID":"5972da19-5f96-467d-81b1-9f2a829d1b2d","CreationDate":1545839815055,"Creator":"sigper_arcgis","EditDate":1545839815055,"Editor":"sigper_arcgis"}},{"type":"Feature","id":397,"geometry":{"type":"Polygon","coordinates":[[[-75.7123916954285,4.80328501273739],[-75.7123785263443,4.8032903284138],[-75.7122730257366,4.80331298699711],[-75.7119441676648,4.80334191092264],[-75.7116559444558,4.80340234448895],[-75.7115937559081,4.80344577528737],[-75.7115429066786,4.80351755360424],[-75.7114986361452,4.80382298614559],[-75.7114636653197,4.80399430963203],[-75.7113950315073,4.8041548580901],[-75.7113075584019,4.80428167210415],[-75.7112463200661,4.80434931702767],[-75.7112603760837,4.80409365527706],[-75.7112685878582,4.80376822797927],[-75.7112656557176,4.80266074924789],[-75.7104734949547,4.80265396641064],[-75.7104727343924,4.80207563212876],[-75.7095579199775,4.80210406117482],[-75.7095509044681,4.80264608392428],[-75.7088834248953,4.80169013071447],[-75.7087057382163,4.80168975522752],[-75.7087440991041,4.80118198317051],[-75.7088716616544,4.80043185153859],[-75.7075415956144,4.800071363409],[-75.7063446621536,4.80006883835117],[-75.7064297207251,4.80062820507053],[-75.7065168737268,4.80064053602997],[-75.7065214121505,4.80077911414892],[-75.705756968424,4.80073421141032],[-75.7055541965777,4.80002827881194],[-75.7054588402568,4.79999646619436],[-75.7050863613931,4.7997622873948],[-75.70482997958,4.79958182366413],[-75.7040497887562,4.79872462953472],[-75.7043105155972,4.79847275650663],[-75.7044875727341,4.79829695162593],[-75.704547612626,4.79825482891758],[-75.7046166314506,4.7982202133945],[-75.7047247011557,4.79820216623052],[-75.7048552367927,4.79819764900487],[-75.7049572840688,4.79821420118435],[-75.7050833461042,4.79824129943899],[-75.7051778924097,4.79829095090027],[-75.7052727182218,4.79838069656083],[-75.7053222965286,4.79843039955234],[-75.7057613960538,4.79758534289035],[-75.7067447440878,4.7980539888533],[-75.7067684413559,4.79807687994519],[-75.7068168231539,4.79810798416109],[-75.7068694664967,4.79812564829625],[-75.7069403512835,4.79811469973305],[-75.7073166744899,4.79809556423958],[-75.7073746000407,4.79810812382983],[-75.707447137683,4.79815002111498],[-75.7075400291813,4.79818137463032],[-75.7076300999085,4.79834019615025],[-75.7076580229413,4.79837619266552],[-75.7076931296804,4.79841070558554],[-75.7077193624914,4.79843112464915],[-75.7077605617001,4.79842974818157],[-75.707867682304,4.79838153227848],[-75.7078924370964,4.79835949059152],[-75.707976175204,4.79834020615645],[-75.7080089233843,4.79834359785209],[-75.7080370225584,4.79835046894712],[-75.7080558268468,4.79835730512229],[-75.7080807567612,4.79836947482086],[-75.7080997714236,4.79838153863163],[-75.7081489983798,4.79842136854979],[-75.7081809351889,4.79848956359724],[-75.7081947037097,4.79848232265703],[-75.7082108664256,4.79847658272104],[-75.7082302691245,4.79847301538633],[-75.7082441430842,4.79847255683652],[-75.7082618911908,4.79847441138372],[-75.7082696023838,4.79846464503397],[-75.7082788638647,4.79845657327038],[-75.708291047621,4.79844956148985],[-75.7083033021694,4.79844546450702],[-75.7083160141747,4.79844380485522],[-75.7084040822226,4.79845814885075],[-75.7084236955511,4.79847189086761],[-75.7084400694665,4.79847955659778],[-75.7084557741925,4.79848430813751],[-75.7084747189592,4.79848713422063],[-75.7084917268753,4.79849683171692],[-75.7085080654493,4.79850866594815],[-75.7085232060297,4.79852246046857],[-75.7085389110095,4.79854065251448],[-75.7085508828154,4.79855859840454],[-75.7085615172533,4.79857970488259],[-75.7086033134596,4.79861838619916],[-75.7086039467417,4.79865786189686],[-75.7086353896151,4.79875687681199],[-75.7086507774342,4.79877549402895],[-75.7086599316846,4.79879002961738],[-75.7086676782534,4.798805926594],[-75.7086746853997,4.7988261145161],[-75.7088203929187,4.79900618513539],[-75.7089040220032,4.7990746818145],[-75.7090130416676,4.79912002424366],[-75.7092661175812,4.79917421861338],[-75.7093462261658,4.79920405192504],[-75.7093645019152,4.79922017793677],[-75.7093861576773,4.79923649876578],[-75.7094129540818,4.79925317253348],[-75.709437603261,4.79926560742623],[-75.7096318723033,4.79934609924805],[-75.7096553241162,4.79936063636391],[-75.7096814163009,4.79938022427453],[-75.7097116644282,4.79940860788062],[-75.7097306433069,4.79943052754481],[-75.7097620885592,4.79944879089939],[-75.7098796290131,4.79948201704069],[-75.7099203001546,4.79948519671828],[-75.7099661125948,4.79949247481045],[-75.7100154816826,4.79950492848137],[-75.7100550605179,4.7995185468393],[-75.7101014008346,4.79952186804898],[-75.7101345013212,4.79951854869795],[-75.7102487345186,4.79947702760495],[-75.7102891945504,4.79947625161777],[-75.7103267319054,4.79947234899163],[-75.7103636353494,4.79946546172728],[-75.7103894112526,4.79945878541633],[-75.7104082503199,4.79945769128133],[-75.7104297655472,4.79945997009397],[-75.710446386433,4.79946447391518],[-75.7104606126836,4.79947040947575],[-75.7105599117485,4.79953682192244],[-75.7105916375826,4.79960521088598],[-75.7106270605998,4.79966974967116],[-75.7106677305443,4.79973331716599],[-75.710715513345,4.79979750281152],[-75.7107831214936,4.79983551431125],[-75.7108514004071,4.79984259867637],[-75.7108796404862,4.79986748497713],[-75.7109092891307,4.79989917165421],[-75.710938656049,4.7999383830836],[-75.7109584454853,4.79997146485616],[-75.7110065457607,4.80000520089665],[-75.7108247344585,4.80022540977218],[-75.7105633574388,4.80128277440134],[-75.7107572065069,4.80126675967587],[-75.7113863634124,4.80125267984235],[-75.7119582308937,4.80110904455309],[-75.7124140667238,4.801094059005],[-75.7123916954285,4.80328501273739]]]},"properties":{"FID":397,"ID_BAR":235,"CODSUELO":"6600101","CODCOM":"19","COMUNA":"El Poblado","CODBAR":"011911","NOMBRE":"Villa Del Prado","NOM_POPULA":"Villa Del Prado","ACT_GEOGRA":1180656000000,"NORMA":"27","CREACION":883612800000,"ORIGEN_NOR":"Concejo Municipal","OBSERVACIO":"Ajustado a delimitacion de la Norma de creacion","COD_SISBEN":"19264","Shape_Area":216403.905560015,"Shape__Area":219453.21728515625,"Shape__Length":3353.2541983847741,"GlobalID":"64a770a8-7162-4301-a085-87f130bb27c6","CreationDate":1545839815055,"Creator":"sigper_arcgis","EditDate":1560894692597,"Editor":""}},{"type":"Feature","id":398,"geometry":{"type":"Polygon","coordinates":[[[-75.7071170810988,4.82041819710683],[-75.7072015139532,4.81957369570034],[-75.7063643334813,4.81947149434473],[-75.7066477055601,4.81694434898841],[-75.7100042359278,4.81733945593303],[-75.7116848614971,4.8175311130247],[-75.7115170639961,4.81921662099413],[-75.7113343329663,4.81938587437228],[-75.711160975665,4.8192992551167],[-75.7111325236879,4.81924028006967],[-75.7109987822111,4.8191403080454],[-75.7102704820723,4.81910705081104],[-75.7100230341795,4.81900834793519],[-75.7099754597513,4.81900544967334],[-75.7099124267438,4.81900608407175],[-75.7098624923706,4.81901021636901],[-75.7098078048164,4.81901846337353],[-75.7097625892216,4.81905461665179],[-75.7095039307491,4.81942654196994],[-75.7094039509962,4.81971374621565],[-75.7093340455873,4.81988626990916],[-75.7090939450663,4.82029171825808],[-75.7089349787664,4.82063651716203],[-75.7071170810988,4.82041819710683]]]},"properties":{"FID":398,"ID_BAR":29,"CODSUELO":"6600101","CODCOM":"02","COMUNA":"Rio Otun","CODBAR":"010224","NOMBRE":"Remigio Antonio Canarte","NOM_POPULA":"Remigio Antonio Canarte","ACT_GEOGRA":1180656000000,"NORMA":"80","CREACION":846115200000,"ORIGEN_NOR":"Concejo Municipal","OBSERVACIO":"Norma de creacion no delimitable. Ajuste SPM","COD_SISBEN":"02012","Shape_Area":160057.46723780397,"Shape__Area":162173.439453125,"Shape__Length":1847.2827141609512,"GlobalID":"d5248848-94af-4863-9a86-7e028e89b008","CreationDate":1545839815055,"Creator":"sigper_arcgis","EditDate":1545839815055,"Editor":"sigper_arcgis"}},{"type":"Feature","id":399,"geometry":{"type":"Polygon","coordinates":[[[-75.7348672975119,4.80396387727735],[-75.7348531766218,4.80395960310591],[-75.7343293391656,4.80377258386973],[-75.7342565173685,4.80373162577183],[-75.7341846461687,4.80365808001884],[-75.734145065425,4.80358365222781],[-75.734392438994,4.80353249963544],[-75.7346273477624,4.80347770796843],[-75.7348989479461,4.8034066493831],[-75.73511100159,4.80331883063287],[-75.7354414085383,4.80323954036978],[-75.7359334202731,4.80403801025876],[-75.7359575786975,4.80417238479399],[-75.7359334229803,4.80424727296904],[-75.7359061691297,4.80429990704011],[-75.7358308114856,4.80425645881957],[-75.7348672975119,4.80396387727735]]]},"properties":{"FID":399,"ID_BAR":236,"CODSUELO":"6600101","CODCOM":"15","COMUNA":"El Oso","CODBAR":"011518","NOMBRE":"Los Cristales","NOM_POPULA":"Los Cristales","ACT_GEOGRA":1180656000000,"NORMA":"9","CREACION":413510400000,"ORIGEN_NOR":"Concejo Municipal","OBSERVACIO":"Ajustado a delimitacion de la Norma de creacion","COD_SISBEN":"15235","Shape_Area":11531.433162282059,"Shape__Area":11683.626953125,"Shape__Length":500.5525378346116,"GlobalID":"32fde6b2-875b-4de7-9e60-da2b6aeb3ea1","CreationDate":1545839815055,"Creator":"sigper_arcgis","EditDate":1545839815055,"Editor":"sigper_arcgis"}},{"type":"Feature","id":400,"geometry":{"type":"Polygon","coordinates":[[[-75.6997923761233,4.80405687837094],[-75.6998222839779,4.80374913182508],[-75.6992647529597,4.80367227866234],[-75.6992737354017,4.80360758248454],[-75.6988513189278,4.80350659014462],[-75.6989360401613,4.80268950022355],[-75.6989531352908,4.8022877722063],[-75.6989083443289,4.80227991050139],[-75.6988659118795,4.80227650056295],[-75.6988085844927,4.80227798123817],[-75.6987438623586,4.80228818818144],[-75.6986818859905,4.80230701351392],[-75.6987441951692,4.8018837919247],[-75.6990089281073,4.80192091097535],[-75.6990791941692,4.80152033363468],[-75.6991756082297,4.80152561821483],[-75.6994138255922,4.8015485885185],[-75.6995757286435,4.80175964240907],[-75.6998393310808,4.80185538264367],[-75.7001927225243,4.80211388329514],[-75.7003298410177,4.80217362290046],[-75.7003162464371,4.80223874285492],[-75.7003077215091,4.80231039845201],[-75.7003066267038,4.80240868960457],[-75.7003145811867,4.80248749874483],[-75.7003536637921,4.80261134795619],[-75.7003783119595,4.8026511604026],[-75.7004088402543,4.80269107783807],[-75.7004373968434,4.8027219526346],[-75.700077434177,4.80301723497265],[-75.6997916417413,4.80303022291643],[-75.6997242422514,4.80305604283171],[-75.6997174800612,4.80309129601634],[-75.6997406832213,4.80314115765116],[-75.7002021340081,4.80368240123904],[-75.7003403043951,4.80387734501725],[-75.7003281882342,4.80393995740834],[-75.7003088182609,4.80400168635888],[-75.7002798357758,4.80406579975184],[-75.7002079633475,4.80410606726256],[-75.7000074233396,4.8040826740612],[-75.6999624917696,4.80407744468795],[-75.6997923761233,4.80405687837094]]]},"properties":{"FID":400,"ID_BAR":237,"CODSUELO":"6600101","CODCOM":"07","COMUNA":"Boston","CODBAR":"010707","NOMBRE":"Ciudad Palermo","NOM_POPULA":"Ciudad Palermo","ACT_GEOGRA":1168041600000,"NORMA":"Sin","CREACION":null,"ORIGEN_NOR":"Sin","OBSERVACIO":"Ajustado SPM","COD_SISBEN":"07070","Shape_Area":32199.296746473308,"Shape__Area":32623.2138671875,"Shape__Length":958.21037823177107,"GlobalID":"715f1677-f774-41a8-84dd-c1437aec2347","CreationDate":1545839815055,"Creator":"sigper_arcgis","EditDate":1545839815055,"Editor":"sigper_arcgis"}},{"type":"Feature","id":401,"geometry":{"type":"Polygon","coordinates":[[[-75.7105570310999,4.82017184577598],[-75.710602212454,4.82009333764597],[-75.7109726398328,4.81974725461902],[-75.7110864548934,4.81961961188414],[-75.7111934028932,4.81951210388018],[-75.7113343329663,4.81938587437228],[-75.7115170639961,4.81921662099413],[-75.7116804258195,4.81908661232347],[-75.7118334680342,4.81900515749322],[-75.7129788868667,4.8187123411695],[-75.7129800736982,4.81922786770901],[-75.7129709176632,4.81927327698009],[-75.7129561511946,4.81984553502453],[-75.7130421089984,4.81985027034472],[-75.7130599542594,4.82029924517492],[-75.7129836071545,4.82040784919797],[-75.7129161695337,4.82050924682628],[-75.7127677760761,4.82055656156191],[-75.7125654347502,4.82052275139935],[-75.7123563356499,4.8203807950188],[-75.7121221294788,4.82018549889734],[-75.7117897465928,4.81994812802878],[-75.7114996872854,4.81992108082892],[-75.7112568832051,4.81999543366159],[-75.7110747516788,4.82016443948071],[-75.7109600904954,4.82031315298727],[-75.7109488206171,4.82033796819658],[-75.7105570310999,4.82017184577598]]]},"properties":{"FID":401,"ID_BAR":30,"CODSUELO":"6600101","CODCOM":"02","COMUNA":"Rio Otun","CODBAR":"010234","NOMBRE":"Santa Elena","NOM_POPULA":"Santa Elena","ACT_GEOGRA":1168041600000,"NORMA":"Sin","CREACION":null,"ORIGEN_NOR":"Sin","OBSERVACIO":"Ajustado SPM","COD_SISBEN":"02032","Shape_Area":30049.661728977571,"Shape__Area":30447.0947265625,"Shape__Length":848.282199912314,"GlobalID":"84956fc7-318d-4b0e-bc6a-283ab6a1f4ca","CreationDate":1545839815055,"Creator":"sigper_arcgis","EditDate":1545839815055,"Editor":"sigper_arcgis"}},{"type":"Feature","id":402,"geometry":{"type":"Polygon","coordinates":[[[-75.7271154804679,4.80402969960545],[-75.7269933957464,4.80401604703976],[-75.7268145814681,4.80396991324755],[-75.7265355501895,4.80389424785784],[-75.7264766378774,4.80387323025961],[-75.7263816317906,4.80380381662335],[-75.7260310825282,4.80343562856819],[-75.7258561429996,4.80314414778262],[-75.7255630973148,4.80288878588074],[-75.7255190451484,4.80285040546005],[-75.7249304193493,4.8024010048385],[-75.7248042154366,4.80233943427883],[-75.7244267291736,4.80208583750574],[-75.7242318234162,4.80203300931928],[-75.7254949284434,4.8004989198935],[-75.7255217263736,4.80052428294102],[-75.7255672211366,4.80058240895526],[-75.7256046182949,4.8006434146164],[-75.7256355704741,4.80070968357911],[-75.7256931792337,4.8007710429908],[-75.7257108913161,4.80081740643378],[-75.7257369486025,4.80086650761894],[-75.7257675143246,4.80090981550413],[-75.7258015656473,4.80093037429885],[-75.7258359688468,4.80095851068362],[-75.7258596315729,4.80098383858525],[-75.7258795979181,4.80101080816227],[-75.7258870978636,4.80103548295816],[-75.7259006202703,4.80106626844722],[-75.7259172404286,4.80109369788828],[-75.7259353751647,4.80111672938444],[-75.7259796033221,4.80124788976893],[-75.7260055550742,4.80130025800307],[-75.7260225990151,4.80137977367049],[-75.7260353105979,4.8013971531134],[-75.7260454521246,4.80141718267806],[-75.7260516140953,4.80143620447335],[-75.726054994892,4.80145662204636],[-75.7260668612652,4.80160304298306],[-75.7261020399909,4.80171839520134],[-75.7261227095878,4.80174979875991],[-75.7261395768575,4.80178492944223],[-75.7261473593593,4.80180707796244],[-75.7261547888892,4.80183685601766],[-75.7261950023103,4.80187640225079],[-75.7262325396743,4.80189095597222],[-75.7262431038874,4.80190365538277],[-75.7262549356732,4.80191291013774],[-75.7262692672193,4.80191997479565],[-75.7262849730584,4.80192386080167],[-75.726316946714,4.80196708016305],[-75.7263453990636,4.80196328343225],[-75.7263721604707,4.80196512014175],[-75.7263977260478,4.80197195572101],[-75.7264186426155,4.80198182876117],[-75.726433044931,4.80199140140883],[-75.7264358614305,4.80203204250904],[-75.7264449470081,4.80207529699598],[-75.7264662862019,4.80212960885582],[-75.7264656521446,4.80220633395338],[-75.7264711803759,4.80226071575227],[-75.7264815684767,4.80232260451593],[-75.7265029075075,4.80240630634312],[-75.7268188419451,4.80261979030808],[-75.7272167183848,4.80288866342099],[-75.7273265490694,4.80295046338463],[-75.7271154804679,4.80402969960545]]]},"properties":{"FID":402,"ID_BAR":238,"CODSUELO":"6600101","CODCOM":"10","COMUNA":"Consota","CODBAR":"011026","NOMBRE":"Villa Consota","NOM_POPULA":"Panorama II","ACT_GEOGRA":1168041600000,"NORMA":"2","CREACION":761443200000,"ORIGEN_NOR":"Concejo Municipal","OBSERVACIO":"Ajustado a delimitacion de la Norma de creacion","COD_SISBEN":"10095","Shape_Area":53873.925627062788,"Shape__Area":54584.33740234375,"Shape__Length":1112.7671112036678,"GlobalID":"2c62d073-2a90-4f74-8322-5769849ed044","CreationDate":1545839815055,"Creator":"sigper_arcgis","EditDate":1545839815055,"Editor":"sigper_arcgis"}},{"type":"Feature","id":403,"geometry":{"type":"Polygon","coordinates":[[[-75.6994816012803,4.82039765881247],[-75.6995830513673,4.81955932225163],[-75.7004153720387,4.81965875819468],[-75.7003116337321,4.82050204017895],[-75.6994816012803,4.82039765881247]]]},"properties":{"FID":403,"ID_BAR":31,"CODSUELO":"6600101","CODCOM":"02","COMUNA":"Rio Otun","CODBAR":"010212","NOMBRE":"Gualanday","NOM_POPULA":"Gualanday","ACT_GEOGRA":1180656000000,"NORMA":"Sin","CREACION":null,"ORIGEN_NOR":"Sin","OBSERVACIO":"Ajustado SPM","COD_SISBEN":" ","Shape_Area":8705.99937840278,"Shape__Area":8821.06298828125,"Shape__Length":375.69363650940852,"GlobalID":"ad21a284-e907-4f18-a814-a63be6d52180","CreationDate":1545839815055,"Creator":"sigper_arcgis","EditDate":1545839815055,"Editor":"sigper_arcgis"}},{"type":"Feature","id":404,"geometry":{"type":"Polygon","coordinates":[[[-75.7318575339168,4.80400071437903],[-75.7317612956821,4.80397971483721],[-75.7313407756226,4.80378449691851],[-75.7315546586207,4.80336420391572],[-75.7317567463061,4.80300867772991],[-75.7317697739608,4.80288656064939],[-75.7318129805072,4.80280029839381],[-75.7319617195984,4.80253859484628],[-75.7323707950209,4.80277369388956],[-75.7324218545438,4.80278406198031],[-75.7318575339168,4.80400071437903]]]},"properties":{"FID":404,"ID_BAR":239,"CODSUELO":"6600101","CODCOM":"15","COMUNA":"El Oso","CODBAR":"011531","NOMBRE":"Quintas de Los Sauces","NOM_POPULA":"Quintas de Los Sauces","ACT_GEOGRA":1168041600000,"NORMA":"Sin","CREACION":null,"ORIGEN_NOR":"Sin","OBSERVACIO":"Ajustado SPM","COD_SISBEN":"15289","Shape_Area":9030.03063049716,"Shape__Area":9149.17236328125,"Shape__Length":427.08543218686691,"GlobalID":"e66b1b58-6387-4e4e-bcdb-c3f76c458d4c","CreationDate":1545839815055,"Creator":"sigper_arcgis","EditDate":1545839815055,"Editor":"sigper_arcgis"}},{"type":"Feature","id":405,"geometry":{"type":"Polygon","coordinates":[[[-75.7255630973148,4.80288878588074],[-75.7254884447291,4.80302187132811],[-75.7254507661217,4.80308128712647],[-75.7252755081597,4.80340441806235],[-75.7251016945258,4.80371663439123],[-75.7250210560523,4.80365758878956],[-75.7247302276242,4.80375285807754],[-75.7246213826101,4.80397151670419],[-75.7245085232553,4.80399514899044],[-75.7243948892508,4.8039294626533],[-75.7243153780688,4.80376631542171],[-75.7241425509569,4.80376816928922],[-75.7240107116752,4.80376873392227],[-75.7240029293499,4.80375338569659],[-75.7239647933223,4.80370834680785],[-75.7238382017907,4.80367694267963],[-75.7237755566225,4.80365237447349],[-75.7237401672619,4.8035773092191],[-75.7237197443315,4.80339167879045],[-75.7236721006398,4.80335345748723],[-75.7236217110743,4.80333162667612],[-75.7235713552093,4.80334935919242],[-75.7234596924155,4.80356775249173],[-75.7234093376028,4.80361143137406],[-75.7233228176759,4.80364025532437],[-75.7231212909868,4.80367028016129],[-75.7230261091577,4.80367234672614],[-75.7236717905644,4.80187998061945],[-75.7242318234162,4.80203300931928],[-75.7244267291736,4.80208583750574],[-75.7248042154366,4.80233943427883],[-75.7249304193493,4.8024010048385],[-75.7255190451484,4.80285040546005],[-75.7255630973148,4.80288878588074]]]},"properties":{"FID":405,"ID_BAR":240,"CODSUELO":"6600101","CODCOM":"10","COMUNA":"Consota","CODBAR":"011015","NOMBRE":"Normandia","NOM_POPULA":"Normandia","ACT_GEOGRA":1168041600000,"NORMA":"Sin","CREACION":null,"ORIGEN_NOR":"Sin","OBSERVACIO":"Ajustado SPM","COD_SISBEN":"10326","Shape_Area":38141.4046190857,"Shape__Area":38644.37646484375,"Shape__Length":872.94392863808048,"GlobalID":"40fda364-5950-418f-a9cc-9a68c208fa64","CreationDate":1545839815055,"Creator":"sigper_arcgis","EditDate":1545839815055,"Editor":"sigper_arcgis"}},{"type":"Feature","id":406,"geometry":{"type":"Polygon","coordinates":[[[-75.7071170810988,4.82041819710683],[-75.7054229622554,4.82024201782194],[-75.7055355337221,4.81938607270722],[-75.7063643334813,4.81947149434473],[-75.7072015139532,4.81957369570034],[-75.7071170810988,4.82041819710683]]]},"properties":{"FID":406,"ID_BAR":32,"CODSUELO":"6600101","CODCOM":"02","COMUNA":"Rio Otun","CODBAR":"010216","NOMBRE":"La Esperanza","NOM_POPULA":"La Esperanza","ACT_GEOGRA":1168041600000,"NORMA":"Sin","CREACION":null,"ORIGEN_NOR":"Sin","OBSERVACIO":"Ajustado SPM","COD_SISBEN":"02021","Shape_Area":17832.879131956612,"Shape__Area":18068.65087890625,"Shape__Length":567.50703086975523,"GlobalID":"a7d9bd0e-b3ae-4d1a-a297-c9941de8b205","CreationDate":1545839815055,"Creator":"sigper_arcgis","EditDate":1545839815055,"Editor":"sigper_arcgis"}},{"type":"Feature","id":407,"geometry":{"type":"Polygon","coordinates":[[[-75.6867893426549,4.80115757599697],[-75.6866780937169,4.80133472214119],[-75.6865947023535,4.8014349504454],[-75.6864416227844,4.80156440622665],[-75.6861435640689,4.80178030993249],[-75.6857338026434,4.80209997287338],[-75.6855625483091,4.80230279669419],[-75.6852538810197,4.80265512235396],[-75.6848112530557,4.80317060489371],[-75.6846705989783,4.8033575336001],[-75.6842641009738,4.80384143705353],[-75.6842088479347,4.80389148935816],[-75.6837796000574,4.80382715392681],[-75.6834105676216,4.80375701085521],[-75.6830725896266,4.80374141127023],[-75.6826491476068,4.80374138417568],[-75.6829050003103,4.80112238307227],[-75.6832726256464,4.79948133246566],[-75.683315865678,4.79950396123044],[-75.6833735424776,4.79954804975631],[-75.6834358328129,4.79957377037392],[-75.6836187284561,4.79960354242636],[-75.6837074998575,4.79962592605249],[-75.6837896495656,4.79966639593786],[-75.6839435281776,4.79972175899429],[-75.6841282539698,4.79975921448858],[-75.6841488224686,4.79969760996316],[-75.6841631940198,4.79963040581404],[-75.6841628098335,4.79958390118718],[-75.6841958811827,4.79948110878453],[-75.6842471924249,4.79938951489609],[-75.684312694127,4.79930753098769],[-75.6843906956159,4.79923739833658],[-75.6844392557533,4.79921853881582],[-75.6846240903095,4.7992143289406],[-75.6846374004576,4.79921987527152],[-75.6849678753868,4.79923973063736],[-75.6850829169314,4.79924325243486],[-75.6851126023618,4.79923025502915],[-75.6850727855238,4.79906910174713],[-75.6850419911791,4.79878936394792],[-75.6850428914712,4.79846259389329],[-75.6850595853447,4.79841801533757],[-75.6850929340636,4.79838412396962],[-75.6852845341685,4.7982916200256],[-75.6853119669641,4.79827042739281],[-75.6854416952459,4.79821603543053],[-75.6855534285443,4.7981892306252],[-75.6858065765432,4.79817529292707],[-75.6864141141406,4.79809217507165],[-75.6865407772989,4.7986676376457],[-75.6866403312115,4.79916506691131],[-75.6867337940654,4.79963843899386],[-75.6868262363142,4.80011027485637],[-75.6868736552344,4.80035460010921],[-75.6868921669612,4.80052354081255],[-75.6868962446835,4.80064511106314],[-75.6868921528635,4.80077079522917],[-75.686877742244,4.80090677618852],[-75.6868316396606,4.80106350900757],[-75.6867893426549,4.80115757599697]]]},"properties":{"FID":407,"ID_BAR":241,"CODSUELO":"6600101","CODCOM":"06","COMUNA":"Universidad","CODBAR":"010611","NOMBRE":"La Julita","NOM_POPULA":"La Julita","ACT_GEOGRA":1180656000000,"NORMA":"Sin","CREACION":null,"ORIGEN_NOR":"Sin","OBSERVACIO":"Ajustado SPM","COD_SISBEN":" ","Shape_Area":189132.03196303008,"Shape__Area":191618.7021484375,"Shape__Length":1927.4519039299794,"GlobalID":"3793bf48-622f-4766-9b0e-c5629143d782","CreationDate":1545839815055,"Creator":"sigper_arcgis","EditDate":1545839815055,"Editor":"sigper_arcgis"}},{"type":"Feature","id":408,"geometry":{"type":"Polygon","coordinates":[[[-75.7287931538361,4.80376520400506],[-75.7287562500127,4.80372717779205],[-75.7287204023316,4.80368277464034],[-75.7286924784193,4.80364096824394],[-75.7286193046,4.80360834615906],[-75.7285331375414,4.80358100518018],[-75.7285177843939,4.80356683987733],[-75.7284995438308,4.80355309828948],[-75.7284778167848,4.80354011734864],[-75.7284556676533,4.80353004934802],[-75.7284229191192,4.80352010593114],[-75.7283852406375,4.80347181712814],[-75.7283491823426,4.80345021657895],[-75.728327138533,4.8034461716112],[-75.7283043199801,4.80344564189151],[-75.7282785792666,4.80344945671153],[-75.7282562542375,4.80345689270811],[-75.7281859326949,4.80343532742257],[-75.7280166618915,4.80342098592519],[-75.7277697099118,4.80332112418153],[-75.7277181927972,4.80328917229891],[-75.7276637179194,4.80324667777845],[-75.7276214963338,4.80320580678556],[-75.7275880087962,4.80316014982646],[-75.7275369135359,4.80310571488155],[-75.7274987070996,4.80307342861859],[-75.7273979618557,4.80299952958793],[-75.7273265490694,4.80295046338463],[-75.7272167183848,4.80288866342099],[-75.7268188419451,4.80261979030808],[-75.7280360600819,4.80100990735204],[-75.7285532734447,4.8014009141396],[-75.7288503693232,4.80162550608816],[-75.7291978198454,4.80180869854529],[-75.7299950517277,4.80222907576199],[-75.7300812186193,4.80229733959782],[-75.7299143088757,4.80251951470456],[-75.7298244098025,4.80269143980111],[-75.7298035998588,4.8029081030745],[-75.7298188134125,4.80324486924412],[-75.7297975096102,4.80338118703971],[-75.7296921879227,4.80382839692038],[-75.7296356008122,4.80382928043642],[-75.7295705260061,4.80384992794542],[-75.7294879156379,4.80386907349628],[-75.7294271016127,4.80387832924935],[-75.7293703027531,4.80388011276456],[-75.7292847688278,4.80387633375175],[-75.7292269129722,4.80386933948115],[-75.729162649065,4.80388182672128],[-75.729085320421,4.80388919285288],[-75.7290322536667,4.80388951101045],[-75.7289660873962,4.80387901966354],[-75.7289115421793,4.8038520667162],[-75.7288519603963,4.80381395225959],[-75.7287931538361,4.80376520400506]]]},"properties":{"FID":408,"ID_BAR":242,"CODSUELO":"6600101","CODCOM":"10","COMUNA":"Consota","CODBAR":"011016","NOMBRE":"Panorama I","NOM_POPULA":"Panorama I","ACT_GEOGRA":1168041600000,"NORMA":"Sin","CREACION":null,"ORIGEN_NOR":"Sin","OBSERVACIO":"Ajustado SPM","COD_SISBEN":"10094","Shape_Area":64582.6663604455,"Shape__Area":65434.474609375,"Shape__Length":1044.0497126697808,"GlobalID":"885061a6-7df2-4175-af5e-690376437b95","CreationDate":1545839815055,"Creator":"sigper_arcgis","EditDate":1545839815055,"Editor":"sigper_arcgis"}},{"type":"Feature","id":409,"geometry":{"type":"Polygon","coordinates":[[[-75.6911086897396,4.81921151437738],[-75.6909881213724,4.81910731892241],[-75.6907633195958,4.81899126585102],[-75.6906384161239,4.81896013798035],[-75.6904711150702,4.81892667703571],[-75.6902739170329,4.81889898973278],[-75.6905142577976,4.81683878592702],[-75.6930222973859,4.81713549929925],[-75.6947265814175,4.81733712621952],[-75.6946402684994,4.81815696923669],[-75.6937988305106,4.81806188850938],[-75.6935521876418,4.82030726485171],[-75.6930955977497,4.82032665323015],[-75.6925691799677,4.8203088766159],[-75.6924035339568,4.82026649649446],[-75.6921751048489,4.8201567311747],[-75.6919578755796,4.82000812744266],[-75.6911086897396,4.81921151437738]]]},"properties":{"FID":409,"ID_BAR":33,"CODSUELO":"6600101","CODCOM":"02","COMUNA":"Rio Otun","CODBAR":"010235","NOMBRE":"Santa Teresita","NOM_POPULA":"Santa Teresita","ACT_GEOGRA":1168041600000,"NORMA":"Sin","CREACION":null,"ORIGEN_NOR":"Sin","OBSERVACIO":"Ajustado SPM","COD_SISBEN":"02196","Shape_Area":123385.67663432815,"Shape__Area":125015.03759765625,"Shape__Length":1559.9942759358498,"GlobalID":"c7c5230f-11e9-427e-8510-1e808600d8b4","CreationDate":1545839815055,"Creator":"sigper_arcgis","EditDate":1545839815055,"Editor":"sigper_arcgis"}},{"type":"Feature","id":410,"geometry":{"type":"Polygon","coordinates":[[[-75.6681780055735,4.80379555873265],[-75.6681357114274,4.80382383267947],[-75.667993550676,4.80387244437188],[-75.6679028056597,4.80387404406098],[-75.6677155081311,4.80384446106426],[-75.6675605334005,4.80384261100918],[-75.6674826769071,4.80383822365905],[-75.6671850909331,4.80380294395628],[-75.6669517334569,4.80378882934439],[-75.6669114832053,4.80380087098211],[-75.6668678141301,4.80384433427769],[-75.6668441155019,4.80385005479396],[-75.666827247943,4.8038570650332],[-75.6668091116666,4.80386794371951],[-75.6667914680632,4.80388290242461],[-75.6667345634618,4.80388065388587],[-75.6668253009306,4.8035635709729],[-75.6670073820316,4.80284081096739],[-75.667116670071,4.80260836668573],[-75.6669470189946,4.80252447408507],[-75.6669105789689,4.8024554290808],[-75.6669078738029,4.80239043159232],[-75.6669317582752,4.80227714769207],[-75.6669229603191,4.80221734212591],[-75.6666499298463,4.80205925861666],[-75.6667252663675,4.80188036331733],[-75.6670778870797,4.8011325913041],[-75.6671108101741,4.80114923211452],[-75.6672874692349,4.80122712001142],[-75.6673914163716,4.80125266860983],[-75.667474940567,4.80127659111773],[-75.6675477903983,4.80134869465361],[-75.6675989506605,4.80140140341597],[-75.667595589322,4.80158390739119],[-75.6676061850788,4.80162622723658],[-75.667635937319,4.80165804021132],[-75.6676864665374,4.80168980120066],[-75.6677251652071,4.80169775260079],[-75.6677592492879,4.8017178021921],[-75.6677879790951,4.80177223921728],[-75.6679632948687,4.80190186030147],[-75.6680697431773,4.80192949328022],[-75.6681699558588,4.8019748414744],[-75.6683229929831,4.80197653267541],[-75.6683631025025,4.8019640666323],[-75.6683977892406,4.801940348621],[-75.6684389545198,4.8019307261334],[-75.6684648016512,4.80192844982694],[-75.6684887454015,4.8019385024255],[-75.6684957847178,4.80198234003428],[-75.6685304866168,4.80219798233955],[-75.6685409783667,4.80221855994633],[-75.6685657312367,4.80223922667707],[-75.668581683347,4.80224221310777],[-75.668489047618,4.8025270800793],[-75.668444404951,4.80284425600993],[-75.6683217001898,4.8030973987919],[-75.6682747179042,4.80319160514557],[-75.6683067951177,4.80320902346427],[-75.6682901980339,4.80334676942161],[-75.6682247795518,4.80366415548241],[-75.6682172415111,4.803691160584],[-75.6681780055735,4.80379555873265]]]},"properties":{"FID":410,"ID_BAR":243,"CODSUELO":"6600101","CODCOM":"01","COMUNA":"Villa Santana","CODBAR":"010110","NOMBRE":"Monserrate","NOM_POPULA":"Monserrate","ACT_GEOGRA":1168041600000,"NORMA":"Sin","CREACION":null,"ORIGEN_NOR":"Sin","OBSERVACIO":"Ajustado SPM","COD_SISBEN":"01007","Shape_Area":41879.284571364216,"Shape__Area":42429.47509765625,"Shape__Length":947.16313476355845,"GlobalID":"307c24e9-51f7-4079-ae10-70d968e9998d","CreationDate":1545839815055,"Creator":"sigper_arcgis","EditDate":1545839815055,"Editor":"sigper_arcgis"}},{"type":"Feature","id":411,"geometry":{"type":"Polygon","coordinates":[[[-75.6952868240681,4.81995418955923],[-75.6951066693649,4.81992411986402],[-75.6949970475492,4.81991784520824],[-75.694886403895,4.81992621216204],[-75.6947245934418,4.81995550576956],[-75.6945853182216,4.82000297579154],[-75.6943600490127,4.82008491825034],[-75.6940897402926,4.82016687561303],[-75.6938285168214,4.82024078004596],[-75.6936750159257,4.82028593455542],[-75.6935521876418,4.82030726485171],[-75.6937988305106,4.81806188850938],[-75.6946402684994,4.81815696923669],[-75.6954875173009,4.81825109618516],[-75.6952868240681,4.81995418955923]]]},"properties":{"FID":411,"ID_BAR":34,"CODSUELO":"6600101","CODCOM":"02","COMUNA":"Rio Otun","CODBAR":"010226","NOMBRE":"Salazar Londono","NOM_POPULA":"Salazar Londono","ACT_GEOGRA":1168041600000,"NORMA":"Sin","CREACION":null,"ORIGEN_NOR":"Sin","OBSERVACIO":"Ajustado SPM","COD_SISBEN":"02028","Shape_Area":40095.944070029123,"Shape__Area":40625.58349609375,"Shape__Length":832.75047965573287,"GlobalID":"7ed92352-1e73-4e3e-bcd8-5ccfc6840b32","CreationDate":1545839815055,"Creator":"sigper_arcgis","EditDate":1545839815055,"Editor":"sigper_arcgis"}},{"type":"Feature","id":412,"geometry":{"type":"Polygon","coordinates":[[[-75.7313407756226,4.80378449691851],[-75.7311659404739,4.80366169166827],[-75.7303462360788,4.80259809158426],[-75.7300945646529,4.80230790184882],[-75.7300812186193,4.80229733959782],[-75.7306003318641,4.80188022454639],[-75.7308915129308,4.80224924098267],[-75.7311747357914,4.8024500416752],[-75.7312608670276,4.80237575345797],[-75.7318129805072,4.80280029839381],[-75.7317697739608,4.80288656064939],[-75.7317567463061,4.80300867772991],[-75.7315546586207,4.80336420391572],[-75.7313407756226,4.80378449691851]]]},"properties":{"FID":412,"ID_BAR":244,"CODSUELO":"6600101","CODCOM":"15","COMUNA":"El Oso","CODBAR":"011527","NOMBRE":"Portal de Las Mercedes","NOM_POPULA":"Portal de Las Mercedes","ACT_GEOGRA":1168041600000,"NORMA":"Sin","CREACION":null,"ORIGEN_NOR":"Sin","OBSERVACIO":"Ajustado SPM","COD_SISBEN":"15305","Shape_Area":17754.940120006791,"Shape__Area":17989.16064453125,"Shape__Length":596.82649034751989,"GlobalID":"c5d2fd83-bcab-4de6-8e7b-cb8a31a64eea","CreationDate":1545839815055,"Creator":"sigper_arcgis","EditDate":1545839815055,"Editor":"sigper_arcgis"}},{"type":"Feature","id":413,"geometry":{"type":"Polygon","coordinates":[[[-75.7160456096079,4.81950439044165],[-75.715973596284,4.81950244622394],[-75.715842106263,4.81953496012241],[-75.7155271112211,4.8197360401328],[-75.7152207096158,4.81987947042456],[-75.7149843487687,4.82001700280399],[-75.7149162438068,4.82006855812215],[-75.7147488690889,4.82012295470583],[-75.71441834849,4.82008916108984],[-75.7139596859656,4.81991337760911],[-75.713730338024,4.81980520968509],[-75.7136696284899,4.81979169615465],[-75.7134875339179,4.81986605144895],[-75.7133006494473,4.82000222330554],[-75.7131927152042,4.82011040324988],[-75.7130599542594,4.82029924517492],[-75.7130421089984,4.81985027034472],[-75.7129561511946,4.81984553502453],[-75.7129709176632,4.81927327698009],[-75.7129800736982,4.81922786770901],[-75.7129788868667,4.8187123411695],[-75.7133656111173,4.81861755549876],[-75.7135687981996,4.81856596759516],[-75.7136608061258,4.81891137314795],[-75.7136800935801,4.81943147448431],[-75.7139802229404,4.8195622518686],[-75.7141909785959,4.81963693160187],[-75.7147550778831,4.81950410412178],[-75.7150539075842,4.81940709002885],[-75.7152803726161,4.81930081972501],[-75.7154669382289,4.81924216624539],[-75.7155665245592,4.81921968403258],[-75.7157547798574,4.81920091247915],[-75.7159060251955,4.81918039062375],[-75.7160573416581,4.81915492461412],[-75.7160456096079,4.81950439044165]]]},"properties":{"FID":413,"ID_BAR":35,"CODSUELO":"6600101","CODCOM":"02","COMUNA":"Rio Otun","CODBAR":"010213","NOMBRE":"Jorge Eliecer Gaitan","NOM_POPULA":"Jorge Eliecer Gaitan","ACT_GEOGRA":1180656000000,"NORMA":"23","CREACION":960768000000,"ORIGEN_NOR":"Concejo Municipal","OBSERVACIO":"Ajustado a delimitacion de la Norma de creacion","COD_SISBEN":"02017","Shape_Area":25014.446686036059,"Shape__Area":25345.3134765625,"Shape__Length":1047.6784122148545,"GlobalID":"ba49c0e5-74bb-4e0a-bf71-afedc9992ad8","CreationDate":1545839815055,"Creator":"sigper_arcgis","EditDate":1545839815055,"Editor":"sigper_arcgis"}},{"type":"Feature","id":414,"geometry":{"type":"Polygon","coordinates":[[[-75.7054229622554,4.82024201782194],[-75.7051908657699,4.82021786674194],[-75.7037727214116,4.82004753854302],[-75.7038652923327,4.81921391727853],[-75.7055355337221,4.81938607270722],[-75.7054229622554,4.82024201782194]]]},"properties":{"FID":414,"ID_BAR":36,"CODSUELO":"6600101","CODCOM":"02","COMUNA":"Rio Otun","CODBAR":"010228","NOMBRE":"Salvador Allende","NOM_POPULA":"Salvador Allende","ACT_GEOGRA":1168041600000,"NORMA":"Sin","CREACION":null,"ORIGEN_NOR":"Sin","OBSERVACIO":"Ajustado SPM","COD_SISBEN":"02029","Shape_Area":17477.672176653821,"Shape__Area":17708.72314453125,"Shape__Length":562.04465899384729,"GlobalID":"2a948d4b-d892-4f23-8530-723e7609828b","CreationDate":1545839815055,"Creator":"sigper_arcgis","EditDate":1545839815055,"Editor":"sigper_arcgis"}},{"type":"Feature","id":415,"geometry":{"type":"Polygon","coordinates":[[[-75.7099694805033,4.82018211079673],[-75.709994735348,4.81990776353985],[-75.7094039509962,4.81971374621565],[-75.7095039307491,4.81942654196994],[-75.7097625892216,4.81905461665179],[-75.7098078048164,4.81901846337353],[-75.7098624923706,4.81901021636901],[-75.7099124267438,4.81900608407175],[-75.7099754597513,4.81900544967334],[-75.7100230341795,4.81900834793519],[-75.7102704820723,4.81910705081104],[-75.7109987822111,4.8191403080454],[-75.7111325236879,4.81924028006967],[-75.711160975665,4.8192992551167],[-75.7113343329663,4.81938587437228],[-75.7111934028932,4.81951210388018],[-75.7110864548934,4.81961961188414],[-75.7109726398328,4.81974725461902],[-75.710602212454,4.82009333764597],[-75.7105570310999,4.82017184577598],[-75.7103449019221,4.82008755668855],[-75.7099694805033,4.82018211079673]]]},"properties":{"FID":415,"ID_BAR":37,"CODSUELO":"6600101","CODCOM":"02","COMUNA":"Rio Otun","CODBAR":"010203","NOMBRE":"Byron Gaviria","NOM_POPULA":"Byron Gaviria","ACT_GEOGRA":1168041600000,"NORMA":"Sin","CREACION":null,"ORIGEN_NOR":"Sin","OBSERVACIO":"Ajustado SPM","COD_SISBEN":"02011","Shape_Area":17088.633632865509,"Shape__Area":17314.611328125,"Shape__Length":565.63056655662808,"GlobalID":"12281f36-e63e-43cc-98e5-27feacd25e26","CreationDate":1545839815055,"Creator":"sigper_arcgis","EditDate":1545839815055,"Editor":"sigper_arcgis"}},{"type":"Feature","id":416,"geometry":{"type":"Polygon","coordinates":[[[-75.7398305980966,4.80221184293375],[-75.7398329608825,4.80235114531723],[-75.7398724721207,4.80248702093241],[-75.7399251881434,4.80257193972007],[-75.7399745233053,4.80261452282561],[-75.7400468872319,4.80265201873124],[-75.7404378286344,4.80276330039992],[-75.7405264251527,4.80277311950883],[-75.7405903725308,4.80275980056108],[-75.7406398122341,4.80273440112692],[-75.7407702047343,4.80260571130094],[-75.7408705963204,4.80251882792934],[-75.7410406779394,4.80258007778563],[-75.7407640167551,4.80307226001446],[-75.7406355966391,4.80323532157591],[-75.7400771924565,4.80376928090864],[-75.7395625029086,4.80324005819361],[-75.739368269602,4.80342381986924],[-75.738986266647,4.80301162485502],[-75.739408502843,4.80256530843945],[-75.7397769338612,4.80221857329995],[-75.7398305980966,4.80221184293375]]]},"properties":{"FID":416,"ID_BAR":245,"CODSUELO":"6600101","CODCOM":"09","COMUNA":"Cuba","CODBAR":"010908","NOMBRE":"Rafael Uribe I","NOM_POPULA":"Rafael Uribe I","ACT_GEOGRA":1168041600000,"NORMA":"Sin","CREACION":null,"ORIGEN_NOR":"Sin","OBSERVACIO":"Ajustado SPM","COD_SISBEN":"09084","Shape_Area":17636.245150098421,"Shape__Area":17869.04150390625,"Shape__Length":660.98394846145879,"GlobalID":"c65a0f82-9a79-4234-80bc-e47363626fc9","CreationDate":1545839815055,"Creator":"sigper_arcgis","EditDate":1545839815055,"Editor":"sigper_arcgis"}},{"type":"Feature","id":417,"geometry":{"type":"Polygon","coordinates":[[[-75.7037727214116,4.82004753854302],[-75.7037387399116,4.82004345678767],[-75.7029031433579,4.81995101896358],[-75.7030003284049,4.81911167578432],[-75.7038652923327,4.81921391727853],[-75.7037727214116,4.82004753854302]]]},"properties":{"FID":417,"ID_BAR":38,"CODSUELO":"6600101","CODCOM":"02","COMUNA":"Rio Otun","CODBAR":"010215","NOMBRE":"Jose Marti","NOM_POPULA":"Jose Marti","ACT_GEOGRA":1168041600000,"NORMA":"Sin","CREACION":null,"ORIGEN_NOR":"Sin","OBSERVACIO":"Ajustado SPM","COD_SISBEN":"02020","Shape_Area":9018.16090694952,"Shape__Area":9137.36376953125,"Shape__Length":382.44708287310448,"GlobalID":"ca3c7a94-4b4b-4ad3-8d48-1b71c8837606","CreationDate":1545839815055,"Creator":"sigper_arcgis","EditDate":1545839815055,"Editor":"sigper_arcgis"}},{"type":"Feature","id":418,"geometry":{"type":"Polygon","coordinates":[[[-75.702100296825,4.8198622029729],[-75.7022020252836,4.81901731310367],[-75.7030003284049,4.81911167578432],[-75.7029031433579,4.81995101896358],[-75.702100296825,4.8198622029729]]]},"properties":{"FID":418,"ID_BAR":39,"CODSUELO":"6600101","CODCOM":"02","COMUNA":"Rio Otun","CODBAR":"010204","NOMBRE":"Campina del Otun","NOM_POPULA":"Campina del Otun","ACT_GEOGRA":1180656000000,"NORMA":"30","CREACION":734832000000,"ORIGEN_NOR":"Concejo Municipal","OBSERVACIO":"Ajustado a delimitacion de la Norma de creacion","COD_SISBEN":" ","Shape_Area":8386.50414358019,"Shape__Area":8497.349609375,"Shape__Length":368.86347726436918,"GlobalID":"4e486245-05b6-4778-8145-4c1c665d56d6","CreationDate":1545839815055,"Creator":"sigper_arcgis","EditDate":1545839815055,"Editor":"sigper_arcgis"}},{"type":"Feature","id":419,"geometry":{"type":"Polygon","coordinates":[[[-75.702100296825,4.8198622029729],[-75.7020887809812,4.81986085975963],[-75.7012545943568,4.81976379236048],[-75.7012917959512,4.81935846251461],[-75.7004642658648,4.81923631421756],[-75.7004153720387,4.81965875819468],[-75.6995830513673,4.81955932225163],[-75.6996568251613,4.81867541620462],[-75.6997278077572,4.81801507949501],[-75.6997555613198,4.81789222165052],[-75.6998689841202,4.81704996469131],[-75.7023886499076,4.81733219733889],[-75.7040543080925,4.81750976008018],[-75.7038652923327,4.81921391727853],[-75.7030003284049,4.81911167578432],[-75.7022020252836,4.81901731310367],[-75.702100296825,4.8198622029729]]]},"properties":{"FID":419,"ID_BAR":40,"CODSUELO":"6600101","CODCOM":"02","COMUNA":"Rio Otun","CODBAR":"010223","NOMBRE":"Primero de Mayo","NOM_POPULA":"Primero de Mayo","ACT_GEOGRA":1168041600000,"NORMA":"Sin","CREACION":null,"ORIGEN_NOR":"Sin","OBSERVACIO":"Ajustado SPM","COD_SISBEN":"02025","Shape_Area":110295.29752405104,"Shape__Area":111752.6572265625,"Shape__Length":1598.2684307984166,"GlobalID":"00929034-06a0-488e-b61c-386cf0c0b681","CreationDate":1545839815055,"Creator":"sigper_arcgis","EditDate":1545839815055,"Editor":"sigper_arcgis"}},{"type":"Feature","id":420,"geometry":{"type":"Polygon","coordinates":[[[-75.7160573416581,4.81915492461412],[-75.716110233813,4.81912007718575],[-75.7166450011246,4.81882925847112],[-75.7168419196608,4.81878069008329],[-75.7174752845214,4.81865439570584],[-75.7171844913866,4.81824203065183],[-75.7172273114844,4.81823519580573],[-75.7175567759812,4.81816900203454],[-75.7174097604258,4.81793603465705],[-75.7184222762877,4.81770129872797],[-75.7184985148977,4.81767443529604],[-75.7187814619917,4.81760113962579],[-75.718821779631,4.81779113371376],[-75.7191104973221,4.81812274592807],[-75.7191028530842,4.81832973080366],[-75.7192110637431,4.81853844698836],[-75.7192152527044,4.8186972839434],[-75.7194329079438,4.81902440929328],[-75.7194119545321,4.81913780080095],[-75.7192212689425,4.81918310250599],[-75.7190566066885,4.81924774413194],[-75.7185769148675,4.81955654637393],[-75.718369325261,4.81967145499287],[-75.7182332917915,4.81971454855792],[-75.7179898554711,4.8197719834147],[-75.7177321215708,4.81980788758021],[-75.7174314621483,4.81980071262034],[-75.7165866737663,4.81969297804697],[-75.716350422354,4.81961397175373],[-75.7161141714054,4.81950624546987],[-75.7160456096079,4.81950439044165],[-75.7160573416581,4.81915492461412]]]},"properties":{"FID":420,"ID_BAR":41,"CODSUELO":"6600101","CODCOM":"02","COMUNA":"Rio Otun","CODBAR":"010209","NOMBRE":"El Triunfo","NOM_POPULA":"El Triunfo","ACT_GEOGRA":1168041600000,"NORMA":"Sin","CREACION":null,"ORIGEN_NOR":"Sin","OBSERVACIO":"Ajustado SPM","COD_SISBEN":"02015","Shape_Area":53991.662799953,"Shape__Area":54705.87841796875,"Shape__Length":1086.4078732672501,"GlobalID":"0755f658-56e8-4ad3-a61a-22ce996b9a25","CreationDate":1545839815055,"Creator":"sigper_arcgis","EditDate":1545839815055,"Editor":"sigper_arcgis"}},{"type":"Feature","id":421,"geometry":{"type":"Polygon","coordinates":[[[-75.7012545943568,4.81976379236048],[-75.7004153720387,4.81965875819468],[-75.7004642658648,4.81923631421756],[-75.7012917959512,4.81935846251461],[-75.7012545943568,4.81976379236048]]]},"properties":{"FID":421,"ID_BAR":42,"CODSUELO":"6600101","CODCOM":"02","COMUNA":"Rio Otun","CODBAR":"010221","NOMBRE":"Mirasol","NOM_POPULA":"Mirasol","ACT_GEOGRA":1180656000000,"NORMA":"Sin","CREACION":null,"ORIGEN_NOR":"Sin","OBSERVACIO":"Ajustado SPM","COD_SISBEN":" ","Shape_Area":4293.53618368729,"Shape__Area":4350.2783203125,"Shape__Length":280.25734450389433,"GlobalID":"937f913a-655a-4202-8f79-df9c00b3fea6","CreationDate":1545839815055,"Creator":"sigper_arcgis","EditDate":1545839815055,"Editor":"sigper_arcgis"}},{"type":"Feature","id":422,"geometry":{"type":"Polygon","coordinates":[[[-75.716110233813,4.81912007718575],[-75.7160573416581,4.81915492461412],[-75.7159060251955,4.81918039062375],[-75.7157547798574,4.81920091247915],[-75.7155665245592,4.81921968403258],[-75.7154669382289,4.81924216624539],[-75.7152803726161,4.81930081972501],[-75.7150539075842,4.81940709002885],[-75.7147550778831,4.81950410412178],[-75.7141909785959,4.81963693160187],[-75.7139802229404,4.8195622518686],[-75.7136800935801,4.81943147448431],[-75.7136608061258,4.81891137314795],[-75.7135687981996,4.81856596759516],[-75.7140433123727,4.81843199070375],[-75.7142657975569,4.81830975439237],[-75.7144894798472,4.81819820265714],[-75.7147158737601,4.81809620756703],[-75.7153465983978,4.81790548346672],[-75.7154254387293,4.81813537724803],[-75.7155658370486,4.81820383848187],[-75.71554900355,4.81825790231855],[-75.7154680434676,4.81839423567902],[-75.7156062209738,4.81857056032205],[-75.7156391465808,4.81854874822638],[-75.7157524635589,4.81869531138999],[-75.7158594071044,4.81882557257358],[-75.7160221647128,4.81901058734823],[-75.716110233813,4.81912007718575]]]},"properties":{"FID":422,"ID_BAR":43,"CODSUELO":"6600101","CODCOM":"02","COMUNA":"Rio Otun","CODBAR":"010219","NOMBRE":"Las Palmas","NOM_POPULA":"Las Palmas","ACT_GEOGRA":1168041600000,"NORMA":"Sin","CREACION":null,"ORIGEN_NOR":"Sin","OBSERVACIO":"Ajustado SPM","COD_SISBEN":"02182","Shape_Area":32203.62941536112,"Shape__Area":32629.53857421875,"Shape__Length":774.79370027086827,"GlobalID":"8dbea072-d3e7-4b76-8497-30c5b8614998","CreationDate":1545839815055,"Creator":"sigper_arcgis","EditDate":1545839815055,"Editor":"sigper_arcgis"}},{"type":"Feature","id":423,"geometry":{"type":"Polygon","coordinates":[[[-75.6910296486141,4.81958748731416],[-75.6909094700552,4.81945236442612],[-75.6906984008557,4.81935681859387],[-75.6903239000881,4.8193022042123],[-75.6900787733298,4.81931584403197],[-75.6894830108861,4.81945799340037],[-75.6891766108678,4.81947844716812],[-75.6889655377909,4.8194511469733],[-75.6883731429977,4.81919177840198],[-75.6880119018825,4.81880604947749],[-75.687596920715,4.81848197561328],[-75.6872769020959,4.81834546285427],[-75.6871246384444,4.81831108358567],[-75.6872266286231,4.81812683611642],[-75.6873790820035,4.81793565112017],[-75.6877370007612,4.81790287271915],[-75.687824509763,4.81787624314146],[-75.6878924969485,4.81745851605696],[-75.6879055673191,4.81734222879296],[-75.6879959017001,4.8165396950447],[-75.6896204935661,4.81674097672789],[-75.6896590525878,4.81675404921526],[-75.6905142577976,4.81683878592702],[-75.6902739170329,4.81889898973278],[-75.6904711150702,4.81892667703571],[-75.6906384161239,4.81896013798035],[-75.6907633195958,4.81899126585102],[-75.6909881213724,4.81910731892241],[-75.6911086897396,4.81921151437738],[-75.6910296486141,4.81958748731416]]]},"properties":{"FID":423,"ID_BAR":44,"CODSUELO":"6600101","CODCOM":"02","COMUNA":"Rio Otun","CODBAR":"010201","NOMBRE":"America","NOM_POPULA":"America","ACT_GEOGRA":1180656000000,"NORMA":"Sin","CREACION":null,"ORIGEN_NOR":"Sin","OBSERVACIO":"Ajustado SPM, Visita de campo","COD_SISBEN":"02195","Shape_Area":87689.31509799989,"Shape__Area":88846.94140625,"Shape__Length":1397.363873731387,"GlobalID":"14bf7aba-ecad-4d00-833a-80c8dd93b0c0","CreationDate":1545839815055,"Creator":"sigper_arcgis","EditDate":1545839815055,"Editor":"sigper_arcgis"}},{"type":"Feature","id":424,"geometry":{"type":"Polygon","coordinates":[[[-75.7063643334813,4.81947149434473],[-75.7055355337221,4.81938607270722],[-75.7038652923327,4.81921391727853],[-75.7040543080925,4.81750976008018],[-75.7041486395303,4.8166773932808],[-75.7066477055601,4.81694434898841],[-75.7063643334813,4.81947149434473]]]},"properties":{"FID":424,"ID_BAR":45,"CODSUELO":"6600101","CODCOM":"02","COMUNA":"Rio Otun","CODBAR":"010230","NOMBRE":"San Camilo","NOM_POPULA":"San Camilo","ACT_GEOGRA":1168041600000,"NORMA":"Sin","CREACION":null,"ORIGEN_NOR":"Sin","OBSERVACIO":"Ajustado SPM","COD_SISBEN":"02203","Shape_Area":78591.685448145319,"Shape__Area":79630.302734375,"Shape__Length":1128.6560553045581,"GlobalID":"d2ce2df2-0a41-44d7-bb93-4cfb736d400c","CreationDate":1545839815055,"Creator":"sigper_arcgis","EditDate":1545839815055,"Editor":"sigper_arcgis"}},{"type":"Feature","id":425,"geometry":{"type":"Polygon","coordinates":[[[-75.7129788868667,4.8187123411695],[-75.7118334680342,4.81900515749322],[-75.7116804258195,4.81908661232347],[-75.7115170639961,4.81921662099413],[-75.7116848614971,4.8175311130247],[-75.7123638227912,4.81763941573462],[-75.7125205968024,4.81763419044902],[-75.7128028394321,4.81755574022856],[-75.712998278071,4.8175530948388],[-75.7130837777355,4.81756553076338],[-75.7130609447412,4.81826440942582],[-75.7132320516923,4.81822184654513],[-75.7133656111173,4.81861755549876],[-75.7129788868667,4.8187123411695]]]},"properties":{"FID":425,"ID_BAR":46,"CODSUELO":"6600101","CODCOM":"02","COMUNA":"Rio Otun","CODBAR":"010211","NOMBRE":"Getsemani","NOM_POPULA":"Getsemani","ACT_GEOGRA":1180656000000,"NORMA":"45","CREACION":899683200000,"ORIGEN_NOR":"Concejo Municipal","OBSERVACIO":"Ajustado a delimitacion de la Norma de creacion","COD_SISBEN":"02018","Shape_Area":24599.586361002541,"Shape__Area":24924.83740234375,"Shape__Length":710.16578616733682,"GlobalID":"a57ed6f4-b507-4a63-afbc-7614069da99b","CreationDate":1545839815055,"Creator":"sigper_arcgis","EditDate":1545839815055,"Editor":"sigper_arcgis"}},{"type":"Feature","id":426,"geometry":{"type":"Polygon","coordinates":[[[-75.7171844913866,4.81824203065183],[-75.7174752845214,4.81865439570584],[-75.7168419196608,4.81878069008329],[-75.7166450011246,4.81882925847112],[-75.716110233813,4.81912007718575],[-75.7160221647128,4.81901058734823],[-75.7158594071044,4.81882557257358],[-75.7157524635589,4.81869531138999],[-75.7156391465808,4.81854874822638],[-75.7156062209738,4.81857056032205],[-75.7154680434676,4.81839423567902],[-75.71554900355,4.81825790231855],[-75.7155658370486,4.81820383848187],[-75.7154254387293,4.81813537724803],[-75.7153465983978,4.81790548346672],[-75.715434000144,4.81787701277815],[-75.7165732189083,4.81752099459386],[-75.7167215414678,4.8174985301146],[-75.716873912795,4.81746631716877],[-75.7170158264881,4.81742765635287],[-75.7171204804589,4.81759585495031],[-75.7169277872191,4.81772238479635],[-75.7168792972242,4.81774659954092],[-75.7171844913866,4.81824203065183]]]},"properties":{"FID":426,"ID_BAR":47,"CODSUELO":"6600101","CODCOM":"02","COMUNA":"Rio Otun","CODBAR":"010205","NOMBRE":"Colinas Del Triunfo","NOM_POPULA":"Colinas Del Triunfo","ACT_GEOGRA":1168041600000,"NORMA":"Sin","CREACION":null,"ORIGEN_NOR":"Sin","OBSERVACIO":"Ajustado SPM","COD_SISBEN":"02213","Shape_Area":24987.675915662148,"Shape__Area":25318.142578125,"Shape__Length":711.53374098326071,"GlobalID":"f18a418b-c5ab-463e-acaa-9265b506a6b6","CreationDate":1545839815055,"Creator":"sigper_arcgis","EditDate":1545839815055,"Editor":"sigper_arcgis"}},{"type":"Feature","id":427,"geometry":{"type":"Polygon","coordinates":[[[-75.7135687981996,4.81856596759516],[-75.7133656111173,4.81861755549876],[-75.7132320516923,4.81822184654513],[-75.7130609447412,4.81826440942582],[-75.7130837777355,4.81756553076338],[-75.7137622479092,4.81762213480294],[-75.7140098404878,4.81749696640191],[-75.7147196834373,4.81773142859869],[-75.715434000144,4.81787701277815],[-75.7153465983978,4.81790548346672],[-75.7147158737601,4.81809620756703],[-75.7144894798472,4.81819820265714],[-75.7142657975569,4.81830975439237],[-75.7140433123727,4.81843199070375],[-75.7135687981996,4.81856596759516]]]},"properties":{"FID":427,"ID_BAR":48,"CODSUELO":"6600101","CODCOM":"02","COMUNA":"Rio Otun","CODBAR":"010206","NOMBRE":"Constructores","NOM_POPULA":"Constructores","ACT_GEOGRA":1168041600000,"NORMA":"Sin","CREACION":null,"ORIGEN_NOR":"Sin","OBSERVACIO":"Ajustado SPM","COD_SISBEN":"02013","Shape_Area":17411.68109632099,"Shape__Area":17641.90478515625,"Shape__Length":661.13397184702933,"GlobalID":"0dfcb419-466b-498e-9481-7e4f0d1887c8","CreationDate":1545839815055,"Creator":"sigper_arcgis","EditDate":1545839815055,"Editor":"sigper_arcgis"}},{"type":"Feature","id":428,"geometry":{"type":"Polygon","coordinates":[[[-75.7187814619917,4.81760113962579],[-75.7184985148977,4.81767443529604],[-75.7184222762877,4.81770129872797],[-75.7174097604258,4.81793603465705],[-75.7175567759812,4.81816900203454],[-75.7172273114844,4.81823519580573],[-75.7171844913866,4.81824203065183],[-75.7168792972242,4.81774659954092],[-75.7169277872191,4.81772238479635],[-75.7171204804589,4.81759585495031],[-75.7170158264881,4.81742765635287],[-75.7171857360465,4.81736986751576],[-75.7173164162305,4.81730702696644],[-75.7174303005856,4.81717237101847],[-75.7174585079719,4.81710122786929],[-75.7174636852975,4.81704057539151],[-75.7174588623866,4.81696824877173],[-75.7174410801035,4.81689397873888],[-75.7174128741792,4.81682790388975],[-75.7173858656563,4.81677378572259],[-75.7173473069539,4.81671154324046],[-75.7172927967138,4.81664197134244],[-75.7172227213752,4.81657287548467],[-75.7172032839796,4.81650429225096],[-75.7172417385462,4.81644842729782],[-75.7173226606851,4.81649366158378],[-75.7177378324399,4.81663621921049],[-75.7179515452099,4.8167602114994],[-75.7181330030625,4.81679806349407],[-75.718225826788,4.81689100395062],[-75.7182929424362,4.81706865159369],[-75.7183460795012,4.81712317545573],[-75.7185486658458,4.81717010741919],[-75.718608106128,4.8173103996208],[-75.7187706163207,4.81755000731391],[-75.7187814619917,4.81760113962579]]]},"properties":{"FID":428,"ID_BAR":49,"CODSUELO":"6600101","CODCOM":"02","COMUNA":"Rio Otun","CODBAR":"010229","NOMBRE":"San Antonio","NOM_POPULA":"San Antonio","ACT_GEOGRA":1168041600000,"NORMA":"Sin","CREACION":null,"ORIGEN_NOR":"Sin","OBSERVACIO":"Ajustado SPM","COD_SISBEN":"02186","Shape_Area":19284.4790575479,"Shape__Area":19539.49169921875,"Shape__Length":726.16032264941009,"GlobalID":"62ff9a86-294e-4b4e-a13e-5a6f637a8d60","CreationDate":1545839815055,"Creator":"sigper_arcgis","EditDate":1545839815055,"Editor":"sigper_arcgis"}},{"type":"Feature","id":429,"geometry":{"type":"Polygon","coordinates":[[[-75.7370027538951,4.81797339536216],[-75.7376841652537,4.81804033325589],[-75.7381527382087,4.81806030468498],[-75.7389203883252,4.81791024142188],[-75.7392094990145,4.81779021189624],[-75.739588332705,4.81762017192223],[-75.7400070372064,4.81734011955486],[-75.7402163717518,4.81694007085664],[-75.7403532724706,4.81632796998147],[-75.7407347434493,4.81624997589782],[-75.7413827656731,4.81623993016182],[-75.7416619425794,4.8166499459923],[-75.7415523070062,4.81707999074601],[-75.7410937538404,4.81778008302718],[-75.7406052738458,4.81823015550148],[-75.7396482124363,4.81855024807376],[-75.7388506456933,4.81859030465495],[-75.7388108105005,4.81925036417217],[-75.737664284175,4.81895041299583],[-75.7372255998814,4.81862041260642],[-75.7370837739872,4.81800138605614],[-75.7370027538951,4.81797339536216]]]},"properties":{"FID":429,"ID_BAR":50,"CODSUELO":"6600101","CODCOM":"12","COMUNA":"Ferrocarril","CODBAR":" ","NOMBRE":"Gilberto PelÃ¡ez","NOM_POPULA":"Gilberto PelÃ¡ez","ACT_GEOGRA":null,"NORMA":"26","CREACION":null,"ORIGEN_NOR":" ","OBSERVACIO":"Asignado por la Comunidad. Visita de campo SPM","COD_SISBEN":" ","Shape_Area":62321.4529801528,"Shape__Area":63146.7861328125,"Shape__Length":1409.8708681298187,"GlobalID":"a0379137-90cf-4091-8149-1bef5bf9d20e","CreationDate":1545839815055,"Creator":"sigper_arcgis","EditDate":1545839815055,"Editor":"sigper_arcgis"}},{"type":"Feature","id":430,"geometry":{"type":"Polygon","coordinates":[[[-75.6879055673191,4.81734222879296],[-75.6878924969485,4.81745851605696],[-75.687824509763,4.81787624314146],[-75.6877370007612,4.81790287271915],[-75.6873790820035,4.81793565112017],[-75.6874277534574,4.81784896718956],[-75.6872596786763,4.8178027533969],[-75.687121711906,4.81776710247941],[-75.6869945185107,4.81775307111248],[-75.6868292258615,4.81771084883497],[-75.6863661312827,4.81759852457872],[-75.6862305226947,4.81758170226793],[-75.6860246284059,4.81752541756131],[-75.6858425050551,4.81745650680282],[-75.6857223232826,4.81739904409117],[-75.6856300652397,4.81733736150579],[-75.6855406257308,4.81726306879597],[-75.6854469620583,4.81716494867653],[-75.6851125276646,4.81668089345182],[-75.6849797816772,4.81650148967224],[-75.684763727549,4.81618749444856],[-75.6855623774401,4.81627988148852],[-75.6859753713397,4.81681115260286],[-75.6861441447926,4.81693861329227],[-75.6863176768555,4.81699242334641],[-75.6878170407842,4.81732321940693],[-75.6879055673191,4.81734222879296]]]},"properties":{"FID":430,"ID_BAR":51,"CODSUELO":"6600101","CODCOM":"02","COMUNA":"Rio Otun","CODBAR":"010202","NOMBRE":"Bavaria","NOM_POPULA":"Bavaria","ACT_GEOGRA":1168041600000,"NORMA":"Sin","CREACION":null,"ORIGEN_NOR":"Sin","OBSERVACIO":"Ajustado SPM","COD_SISBEN":"02231","Shape_Area":23771.4754512619,"Shape__Area":24085.17822265625,"Shape__Length":881.6736350715878,"GlobalID":"5cb1242d-71fd-4cc7-a37f-b027248ad47e","CreationDate":1545839815055,"Creator":"sigper_arcgis","EditDate":1545839815055,"Editor":"sigper_arcgis"}},{"type":"Feature","id":431,"geometry":{"type":"Polygon","coordinates":[[[-75.6964117113278,4.81752313355624],[-75.6965001331859,4.81673289237705],[-75.6965069698974,4.81662343909864],[-75.6965889445812,4.81589452055696],[-75.6966846933303,4.81505376429338],[-75.696784879273,4.81420846958763],[-75.696876050968,4.81334070814902],[-75.6968965148879,4.81322668088531],[-75.6969739814652,4.81251395876118],[-75.6969716973753,4.81241132332162],[-75.6970628987634,4.8116597613649],[-75.6971676261561,4.8108083550697],[-75.6972027752113,4.81067188024767],[-75.6972894365262,4.80984094456353],[-75.6974789201718,4.80988618546799],[-75.697657556211,4.80996399608694],[-75.6980426123966,4.81009964075558],[-75.6982994588623,4.81017627077141],[-75.6984791200196,4.81017112083766],[-75.6986221925214,4.81018679288421],[-75.6988929511599,4.81019307452402],[-75.699290725278,4.81021605139519],[-75.6996419467612,4.81023489366948],[-75.7000228179308,4.81025384275387],[-75.7002151189603,4.81029161221608],[-75.700512813791,4.81035008587009],[-75.7010245024352,4.81043177578595],[-75.7013733976501,4.81049447233619],[-75.7018721287144,4.81055927591679],[-75.702289515145,4.81063467303945],[-75.702691513242,4.81069314945218],[-75.7028810333134,4.81072657319553],[-75.7030336482484,4.81076879200527],[-75.7030978064994,4.81079348628547],[-75.7030860041955,4.81095299337242],[-75.7030607771252,4.81138128550627],[-75.7029154131603,4.81140602510116],[-75.702611691511,4.81146225106973],[-75.7024789349697,4.81147109575245],[-75.7023486791609,4.8114853968633],[-75.7022035618698,4.81150801770441],[-75.7021385925802,4.81150439412334],[-75.7019449540027,4.81143409115202],[-75.7016919485994,4.81127063542442],[-75.701585215609,4.81125925656533],[-75.7014938363806,4.81125829983453],[-75.7013573824823,4.81127196534651],[-75.7010793463258,4.81375894530042],[-75.702750699215,4.81395237357305],[-75.7023886499076,4.81733219733889],[-75.6998689841202,4.81704996469131],[-75.6997555613198,4.81789222165052],[-75.6964117113278,4.81752313355624]]]},"properties":{"FID":431,"ID_BAR":52,"CODSUELO":"6600101","CODCOM":"03","COMUNA":"Centro","CODBAR":"010314","NOMBRE":"Sector Lago Uribe","NOM_POPULA":"El Lago","ACT_GEOGRA":1168041600000,"NORMA":"Sin","CREACION":null,"ORIGEN_NOR":"Sin","OBSERVACIO":"Ajustado SPM","COD_SISBEN":"03037","Shape_Area":470601.25206109945,"Shape__Area":476812.37109375,"Shape__Length":3384.5618597157627,"GlobalID":"1ecd017b-7e9a-45a0-aabd-51ab0640e2c1","CreationDate":1545839815055,"Creator":"sigper_arcgis","EditDate":1545839815055,"Editor":"sigper_arcgis"}},{"type":"Feature","id":432,"geometry":{"type":"Polygon","coordinates":[[[-75.7116848614971,4.8175311130247],[-75.7117783729577,4.8166883063394],[-75.7126211147628,4.81679523421768],[-75.7127115600002,4.81602955901768],[-75.7134837307062,4.81622898124503],[-75.7158763480764,4.81641237535865],[-75.7162379613467,4.81644885358062],[-75.7168142420255,4.81631035508876],[-75.7170827856565,4.81623089629983],[-75.7172032839796,4.81650429225096],[-75.7172227213752,4.81657287548467],[-75.7172927967138,4.81664197134244],[-75.7173473069539,4.81671154324046],[-75.7173858656563,4.81677378572259],[-75.7174128741792,4.81682790388975],[-75.7174410801035,4.81689397873888],[-75.7174588623866,4.81696824877173],[-75.7174636852975,4.81704057539151],[-75.7174585079719,4.81710122786929],[-75.7174303005856,4.81717237101847],[-75.7173164162305,4.81730702696644],[-75.7171857360465,4.81736986751576],[-75.7170158264881,4.81742765635287],[-75.716873912795,4.81746631716877],[-75.7167215414678,4.8174985301146],[-75.7165732189083,4.81752099459386],[-75.715434000144,4.81787701277815],[-75.7147196834373,4.81773142859869],[-75.7140098404878,4.81749696640191],[-75.7137622479092,4.81762213480294],[-75.7130837777355,4.81756553076338],[-75.712998278071,4.8175530948388],[-75.7128028394321,4.81755574022856],[-75.7125205968024,4.81763419044902],[-75.7123638227912,4.81763941573462],[-75.7116848614971,4.8175311130247]]]},"properties":{"FID":432,"ID_BAR":53,"CODSUELO":"6600101","CODCOM":"02","COMUNA":"Rio Otun","CODBAR":"010217","NOMBRE":"La Palmera","NOM_POPULA":"La Palmera","ACT_GEOGRA":1180656000000,"NORMA":"Sin","CREACION":null,"ORIGEN_NOR":"Sin","OBSERVACIO":"Ajustado SPM, Visita de campo","COD_SISBEN":"02022","Shape_Area":85839.821613713662,"Shape__Area":86974.6376953125,"Shape__Length":1554.307805750788,"GlobalID":"c0a9d921-cfc1-408e-9c67-2c9d3476f882","CreationDate":1545839815055,"Creator":"sigper_arcgis","EditDate":1545839815055,"Editor":"sigper_arcgis"}},{"type":"Feature","id":433,"geometry":{"type":"Polygon","coordinates":[[[-75.7281888839438,4.81656085831836],[-75.7283185069442,4.81652973657417],[-75.7284557715206,4.81649584275278],[-75.7285818026181,4.81647777383008],[-75.728710122343,4.81646498640019],[-75.7290817044361,4.81722940809043],[-75.7289151763728,4.81731561869412],[-75.7287525579939,4.81744563131715],[-75.7285747270568,4.81755630305392],[-75.728405558562,4.81763687869305],[-75.7283263975145,4.81770844676285],[-75.7281259927574,4.81731671555969],[-75.728163987347,4.81674239139501],[-75.7281888839438,4.81656085831836]]]},"properties":{"FID":433,"ID_BAR":54,"CODSUELO":"6600101","CODCOM":"12","COMUNA":"Ferrocarril","CODBAR":"011204","NOMBRE":"Jose Hilario Lopez II","NOM_POPULA":"Jose Hilario Lopez II","ACT_GEOGRA":1168041600000,"NORMA":"Sin","CREACION":null,"ORIGEN_NOR":"Sin","OBSERVACIO":"Ajustado SPM, Visita de campo","COD_SISBEN":"12105","Shape_Area":9523.27436216751,"Shape__Area":9649.28466796875,"Shape__Length":388.10005595672465,"GlobalID":"cbf3fd87-3913-4962-be99-dc8b951c41cf","CreationDate":1545839815055,"Creator":"sigper_arcgis","EditDate":1545839815055,"Editor":"sigper_arcgis"}},{"type":"Feature","id":434,"geometry":{"type":"Polygon","coordinates":[[[-75.7116848614971,4.8175311130247],[-75.7100042359278,4.81733945593303],[-75.7101025033317,4.81651194528953],[-75.7102026721118,4.81566848550281],[-75.7118791737697,4.81586814348002],[-75.7127115600002,4.81602955901768],[-75.7126211147628,4.81679523421768],[-75.7117783729577,4.8166883063394],[-75.7116848614971,4.8175311130247]]]},"properties":{"FID":434,"ID_BAR":55,"CODSUELO":"6600101","CODCOM":"03","COMUNA":"Centro","CODBAR":"010310","NOMBRE":"San Esteban","NOM_POPULA":"San Esteban","ACT_GEOGRA":1168041600000,"NORMA":"Sin","CREACION":null,"ORIGEN_NOR":"Sin","OBSERVACIO":"Ajustado SPM","COD_SISBEN":"03255","Shape_Area":43072.966633722768,"Shape__Area":43642.208984375,"Shape__Length":934.060585263948,"GlobalID":"83949cfe-5d34-460b-9586-9bdbae193979","CreationDate":1545839815055,"Creator":"sigper_arcgis","EditDate":1545839815055,"Editor":"sigper_arcgis"}},{"type":"Feature","id":435,"geometry":{"type":"Polygon","coordinates":[[[-75.6964117113278,4.81752313355624],[-75.6947265814175,4.81733712621952],[-75.6930222973859,4.81713549929925],[-75.6931311184165,4.81623647694715],[-75.6932030970465,4.81550195881797],[-75.6932109885367,4.81541260565445],[-75.6933010678871,4.8146636939334],[-75.6933222723721,4.81454610020983],[-75.6934008714061,4.81378879811394],[-75.6934234493061,4.81367385330089],[-75.6935047584768,4.812941190008],[-75.6935267022777,4.81284074565158],[-75.69361048036,4.81201705189012],[-75.6938102897455,4.81042212169959],[-75.69381388881,4.81028126541559],[-75.6939056957282,4.80945414417865],[-75.6929584129367,4.80940757569801],[-75.6928144225645,4.80942901076048],[-75.69284354667,4.80938316083103],[-75.6931953930762,4.80885664770323],[-75.6932299868287,4.80856698827154],[-75.6933085522277,4.80850446785197],[-75.6934836733829,4.80841800110172],[-75.6936980566333,4.80837608125316],[-75.6940384306059,4.80840499320343],[-75.6947758354338,4.80850858223958],[-75.6961678616243,4.80864639465224],[-75.6965904948805,4.80867794023627],[-75.696863784669,4.80876988500571],[-75.697157181632,4.80883844481311],[-75.6973898341347,4.8089537724597],[-75.6976067729597,4.80924204734753],[-75.6979976903014,4.80985897241063],[-75.6981872752963,4.81000033145993],[-75.6984791200196,4.81017112083766],[-75.6982994588623,4.81017627077141],[-75.6980426123966,4.81009964075558],[-75.697657556211,4.80996399608694],[-75.6974789201718,4.80988618546799],[-75.6972894365262,4.80984094456353],[-75.6972027752113,4.81067188024767],[-75.6971676261561,4.8108083550697],[-75.6970628987634,4.8116597613649],[-75.6969716973753,4.81241132332162],[-75.6969739814652,4.81251395876118],[-75.6968965148879,4.81322668088531],[-75.696876050968,4.81334070814902],[-75.696784879273,4.81420846958763],[-75.6966846933303,4.81505376429338],[-75.6965889445812,4.81589452055696],[-75.6965069698974,4.81662343909864],[-75.6965001331859,4.81673289237705],[-75.6964117113278,4.81752313355624]]]},"properties":{"FID":435,"ID_BAR":56,"CODSUELO":"6600101","CODCOM":"03","COMUNA":"Centro","CODBAR":"010316","NOMBRE":"Sector Plaza de Bolivar","NOM_POPULA":"Centro","ACT_GEOGRA":1168041600000,"NORMA":"Sin","CREACION":null,"ORIGEN_NOR":"Sin","OBSERVACIO":"Ajustado SPM","COD_SISBEN":"03188","Shape_Area":382465.30996104708,"Shape__Area":387510.4892578125,"Shape__Length":3139.0926623926753,"GlobalID":"ab42dae6-cd00-4d98-aa39-b43c8a928cf0","CreationDate":1545839815055,"Creator":"sigper_arcgis","EditDate":1545839815055,"Editor":"sigper_arcgis"}},{"type":"Feature","id":436,"geometry":{"type":"Polygon","coordinates":[[[-75.703345905075,4.83752918855206],[-75.7037079548806,4.8341494653891],[-75.7053871612681,4.83434666293875],[-75.7054227408416,4.83393811235324],[-75.707107477258,4.83411956928211],[-75.7071487243026,4.83370176390993],[-75.7072315831078,4.8337039569549],[-75.7088345521722,4.83389231263748],[-75.7105202749388,4.83406371111617],[-75.7105923027566,4.83345531842252],[-75.7113866838607,4.83381139914231],[-75.7113836556398,4.83384177683761],[-75.7111599275234,4.8358655269319],[-75.7094688130684,4.83567860398646],[-75.709518653397,4.83520899728553],[-75.7086909852201,4.83513422983133],[-75.7086433987645,4.83558737715627],[-75.7085547772668,4.83642067323004],[-75.711059759081,4.8367089616472],[-75.7109614914737,4.83753644704229],[-75.7076049606691,4.83714135197238],[-75.7051058951594,4.83687440420504],[-75.7050115639697,4.83770674629249],[-75.703345905075,4.83752918855206]]]},"properties":{"FID":436,"ID_BAR":57,"CODSUELO":"6600101","CODCOM":"03","COMUNA":"Centro","CODBAR":"010308","NOMBRE":"Primero de Febrero","NOM_POPULA":"Primero de Febrero","ACT_GEOGRA":1168041600000,"NORMA":"Sin","CREACION":null,"ORIGEN_NOR":"Sin","OBSERVACIO":"Ajustado SPM","COD_SISBEN":"03214","Shape_Area":280237.49670839391,"Shape__Area":283938.876953125,"Shape__Length":3412.1749120229047,"GlobalID":"814eaaa1-3173-47b6-a748-9087f78d3db2","CreationDate":1545839815055,"Creator":"sigper_arcgis","EditDate":1786919708658,"Editor":"potpereira"}},{"type":"Feature","id":437,"geometry":{"type":"Polygon","coordinates":[[[-75.7332371397281,4.81646107178509],[-75.7331970042708,4.81741121388781],[-75.7331205902406,4.81742285444943],[-75.7330148772777,4.81739314782383],[-75.7329711053494,4.81735460896375],[-75.732913389551,4.81732066226845],[-75.7328593354627,4.81730139296404],[-75.7326830529999,4.81730397350714],[-75.732723504091,4.81611463109787],[-75.7330658201048,4.8161697872756],[-75.7330501171948,4.81645324904991],[-75.7332371397281,4.81646107178509]]]},"properties":{"FID":437,"ID_BAR":58,"CODSUELO":"6600101","CODCOM":"12","COMUNA":"Ferrocarril","CODBAR":"011202","NOMBRE":"Gabriel Trujillo","NOM_POPULA":"Gabriel Trujillo","ACT_GEOGRA":1168041600000,"NORMA":"84","CREACION":597888000000,"ORIGEN_NOR":"Concejo Municipal","OBSERVACIO":"Ajustado a delimitacion de la Norma de creacion","COD_SISBEN":"12104","Shape_Area":7051.92221508825,"Shape__Area":7145.251953125,"Shape__Length":391.14602510162985,"GlobalID":"04a3de30-9d44-43f0-9500-dcc45ed24e7b","CreationDate":1545839815055,"Creator":"sigper_arcgis","EditDate":1545839815055,"Editor":"sigper_arcgis"}},{"type":"Feature","id":438,"geometry":{"type":"Polygon","coordinates":[[[-75.6879959017001,4.8165396950447],[-75.6879055673191,4.81734222879296],[-75.6878170407842,4.81732321940693],[-75.6863176768555,4.81699242334641],[-75.6861441447926,4.81693861329227],[-75.6859753713397,4.81681115260286],[-75.6855623774401,4.81627988148852],[-75.6863072204793,4.81635605029522],[-75.6879959017001,4.8165396950447]]]},"properties":{"FID":438,"ID_BAR":59,"CODSUELO":"6600101","CODCOM":"02","COMUNA":"Rio Otun","CODBAR":"010220","NOMBRE":"Los Alcazares","NOM_POPULA":"Los Alcazares","ACT_GEOGRA":1180656000000,"NORMA":"96","CREACION":565401600000,"ORIGEN_NOR":"Concejo Municipal","OBSERVACIO":"Ajustado a delimitacion de la Norma de creacion","COD_SISBEN":"02253","Shape_Area":18243.189130448209,"Shape__Area":18483.923828125,"Shape__Length":662.57747951854617,"GlobalID":"448824f2-b581-42ab-a147-cb2605d72906","CreationDate":1545839815055,"Creator":"sigper_arcgis","EditDate":1545839815055,"Editor":"sigper_arcgis"}},{"type":"Feature","id":439,"geometry":{"type":"Polygon","coordinates":[[[-75.7326830529999,4.81730397350714],[-75.7325187794989,4.81731845798495],[-75.7323456316828,4.81730904598016],[-75.7322087189145,4.81728078730133],[-75.7320637416949,4.81722561149295],[-75.7318798528472,4.81714756284268],[-75.7317979801171,4.81713949213063],[-75.7317362499803,4.81713276311489],[-75.7316583914861,4.81710720681205],[-75.7315932100229,4.81707599810912],[-75.7314294642666,4.81705178428096],[-75.7311234180829,4.81701411205764],[-75.7308812850627,4.81698717900041],[-75.7307121516904,4.81695892043926],[-75.730553793903,4.81691990500998],[-75.730415085107,4.81685370820678],[-75.7303640598256,4.81682410593296],[-75.7302889120895,4.81676892981185],[-75.7302020035125,4.81674294861473],[-75.7302699983337,4.81606780763099],[-75.7304758248021,4.81607739779495],[-75.7307619393718,4.81609786628354],[-75.731033968014,4.81612508177972],[-75.7322272668912,4.81609211603382],[-75.732723504091,4.81611463109787],[-75.7326830529999,4.81730397350714]]]},"properties":{"FID":439,"ID_BAR":60,"CODSUELO":"6600101","CODCOM":"12","COMUNA":"Ferrocarril","CODBAR":"011210","NOMBRE":"Simon Bolivar","NOM_POPULA":"Simon Bolivar","ACT_GEOGRA":1180656000000,"NORMA":"Sin","CREACION":null,"ORIGEN_NOR":"Sin","OBSERVACIO":"Ajustado SPM, Visita de campo","COD_SISBEN":"12110","Shape_Area":29817.177373397019,"Shape__Area":30211.75048828125,"Shape__Length":769.54507969332337,"GlobalID":"f0c7d32e-2755-452f-bb8d-cf45a581d097","CreationDate":1545839815055,"Creator":"sigper_arcgis","EditDate":1545839815055,"Editor":"sigper_arcgis"}},{"type":"Feature","id":440,"geometry":{"type":"Polygon","coordinates":[[[-75.7248544258785,4.81663498078102],[-75.7248544255999,4.81675056834907],[-75.7246020103408,4.81684726846913],[-75.7244740778727,4.81688073792256],[-75.7243461443579,4.81689559104285],[-75.7237498996671,4.81685100975697],[-75.7235644974403,4.81684542788482],[-75.7233753622996,4.81686400753058],[-75.7232121799061,4.81690303970319],[-75.723076816014,4.81695694469285],[-75.7229740611643,4.81698675826226],[-75.7219998975003,4.8170797266278],[-75.7216544820598,4.81712433837007],[-75.7215079914386,4.81713735485839],[-75.7213193838676,4.81713530443282],[-75.7210623559696,4.817139188203],[-75.7207434564494,4.81720609026302],[-75.7205895353359,4.81721723388768],[-75.7204133944453,4.81718748889166],[-75.7200322735868,4.81703299298463],[-75.7197597175797,4.81696608591534],[-75.7193657061619,4.81698176556694],[-75.7188815827852,4.816993894651],[-75.7187369581371,4.81698089290365],[-75.7186368449218,4.81693256831428],[-75.7185496912294,4.81686751660506],[-75.7184644386088,4.81673919944575],[-75.7183675667217,4.81660487694572],[-75.7182544599793,4.81651195383596],[-75.7180208510253,4.81638741380069],[-75.7177809383914,4.81636842372642],[-75.7175951141631,4.8163188256288],[-75.7175233134687,4.81627714174832],[-75.7174298567708,4.81612821290572],[-75.7185124481209,4.81574278217925],[-75.7188341626272,4.81581917546001],[-75.719109887563,4.81588248009694],[-75.7194370605434,4.81595910281108],[-75.719571613521,4.81597907981084],[-75.7197642691108,4.81600239662423],[-75.7199523122267,4.81600891590663],[-75.7202964241462,4.81599229903418],[-75.7205398592584,4.81597568093701],[-75.7208611525303,4.8159593464182],[-75.7212461478987,4.81593856063468],[-75.7219547609609,4.81589778369327],[-75.7248544280238,4.81574703256833],[-75.7278567069778,4.81538123092906],[-75.727726735009,4.81578540768245],[-75.7280821139234,4.81630970118084],[-75.7265128636616,4.81659112706209],[-75.7251572693925,4.81664431853862],[-75.7248544258785,4.81663498078102]]]},"properties":{"FID":440,"ID_BAR":61,"CODSUELO":"6600101","CODCOM":"08","COMUNA":"El Jardin","CODBAR":"010824","NOMBRE":"Sector 30 de Agosto","NOM_POPULA":"Av. 30 de Agosto","ACT_GEOGRA":1180656000000,"NORMA":"Sin","CREACION":null,"ORIGEN_NOR":"Sin","OBSERVACIO":"Ajustado SPM","COD_SISBEN":" ","Shape_Area":130501.67513764133,"Shape__Area":132227.61474609375,"Shape__Length":2543.3171107391413,"GlobalID":"43939f14-fbfb-4a91-beb9-20e9a069af7e","CreationDate":1545839815055,"Creator":"sigper_arcgis","EditDate":1545839815055,"Editor":"sigper_arcgis"}},{"type":"Feature","id":441,"geometry":{"type":"Polygon","coordinates":[[[-75.6930222973859,4.81713549929925],[-75.6905142577976,4.81683878592702],[-75.6896590525878,4.81675404921526],[-75.6896204935661,4.81674097672789],[-75.690001256502,4.81424118350172],[-75.6899700637864,4.81412464669607],[-75.6900663098379,4.81334214204709],[-75.6903826467832,4.81049319688538],[-75.6904514930669,4.80977171403892],[-75.6905788935884,4.80983065942586],[-75.6910253563799,4.81005847329809],[-75.6915423160157,4.81033152410973],[-75.6917326444656,4.81036731739708],[-75.6919586466102,4.81036732977436],[-75.6921846526031,4.81028386905765],[-75.6924225334382,4.81004540523916],[-75.6928144225645,4.80942901076048],[-75.6929584129367,4.80940757569801],[-75.6939056957282,4.80945414417865],[-75.69381388881,4.81028126541559],[-75.6938102897455,4.81042212169959],[-75.69361048036,4.81201705189012],[-75.6935267022777,4.81284074565158],[-75.6935047584768,4.812941190008],[-75.6934234493061,4.81367385330089],[-75.6934008714061,4.81378879811394],[-75.6933222723721,4.81454610020983],[-75.6933010678871,4.8146636939334],[-75.6932109885367,4.81541260565445],[-75.6932030970465,4.81550195881797],[-75.6931311184165,4.81623647694715],[-75.6930222973859,4.81713549929925]]]},"properties":{"FID":441,"ID_BAR":62,"CODSUELO":"6600101","CODCOM":"03","COMUNA":"Centro","CODBAR":"010313","NOMBRE":"Sector Galeria Central","NOM_POPULA":"GalerÃ­a Central","ACT_GEOGRA":1168041600000,"NORMA":"Sin","CREACION":null,"ORIGEN_NOR":"Sin","OBSERVACIO":"Ajustado SPM","COD_SISBEN":"03036","Shape_Area":294564.40132702823,"Shape__Area":298449.71826171875,"Shape__Length":2481.5084122916646,"GlobalID":"5a18362e-9d9e-470c-bb06-94c50264eeb7","CreationDate":1545839815055,"Creator":"sigper_arcgis","EditDate":1545839815055,"Editor":"sigper_arcgis"}},{"type":"Feature","id":442,"geometry":{"type":"Polygon","coordinates":[[[-75.7344890759047,4.81687642246392],[-75.7343975207853,4.81701501920375],[-75.7342269418555,4.81690161165216],[-75.733571920696,4.81653786417198],[-75.7334865962771,4.81650453650283],[-75.7333989129883,4.81648056930539],[-75.7333048568107,4.81646546916503],[-75.7332371397281,4.81646107178509],[-75.7330501171948,4.81645324904991],[-75.7330658201048,4.8161697872756],[-75.732723504091,4.81611463109787],[-75.7322272668912,4.81609211603382],[-75.731033968014,4.81612508177972],[-75.7307619393718,4.81609786628354],[-75.7304758248021,4.81607739779495],[-75.7302699983337,4.81606780763099],[-75.7302020035125,4.81674294861473],[-75.7301550988944,4.81672834195507],[-75.7298372915097,4.81669505047781],[-75.7296205832935,4.81668554879953],[-75.7292180157416,4.81660493977121],[-75.7290276129634,4.81650566116423],[-75.7289453525601,4.81648038697672],[-75.728710122343,4.81646498640019],[-75.7285370094786,4.816325630787],[-75.7283629814907,4.81617004461287],[-75.7283423445554,4.8156326523],[-75.7284211882882,4.81555960087449],[-75.728525527451,4.81554020694119],[-75.7285445782352,4.8153734218444],[-75.7288531940581,4.81542593113358],[-75.7289801405761,4.81545865923363],[-75.7291034955914,4.81547543805439],[-75.7292351961623,4.81548801325739],[-75.7294268659073,4.81548064715939],[-75.7296034993362,4.81544502112506],[-75.7297732304447,4.81538915489368],[-75.7298756683532,4.81533570836536],[-75.7300557870156,4.81522122095087],[-75.7302611543573,4.8150385388943],[-75.7301835788644,4.81518027887381],[-75.73007152917,4.81548062616796],[-75.7300811082586,4.81559283503538],[-75.7301019198143,4.81565216252797],[-75.7301530865791,4.81572750947113],[-75.7302252756781,4.81576518258813],[-75.7302873926703,4.81578681856682],[-75.7304573711253,4.81583062047366],[-75.7306988695051,4.81587710616741],[-75.7308571573808,4.81589474943976],[-75.7309778711115,4.81589640869049],[-75.7310898518373,4.81588849564816],[-75.7311880283164,4.81587514267083],[-75.732254871658,4.81563535098627],[-75.7324650991879,4.81561177028833],[-75.7326933211346,4.81561777333559],[-75.7334223582306,4.81569318429682],[-75.7335451519088,4.81593545695404],[-75.7341656241124,4.8159872891269],[-75.7341551329238,4.81618976943633],[-75.734638450758,4.81658562854248],[-75.7344890759047,4.81687642246392]]]},"properties":{"FID":442,"ID_BAR":63,"CODSUELO":"6600101","CODCOM":"12","COMUNA":"Ferrocarril","CODBAR":"011208","NOMBRE":"Nacederos","NOM_POPULA":"Nacederos","ACT_GEOGRA":1180656000000,"NORMA":"Sin","CREACION":null,"ORIGEN_NOR":"Sin","OBSERVACIO":"Ajustado SPM, Visita de campo","COD_SISBEN":"12109","Shape_Area":51097.548065250092,"Shape__Area":51773.6181640625,"Shape__Length":1816.8335069559948,"GlobalID":"f6023466-85cb-4570-9540-5d0cb21689c8","CreationDate":1545839815055,"Creator":"sigper_arcgis","EditDate":1545839815055,"Editor":"sigper_arcgis"}},{"type":"Feature","id":443,"geometry":{"type":"Polygon","coordinates":[[[-75.6879959017001,4.8165396950447],[-75.6863072204793,4.81635605029522],[-75.6864849069751,4.81463372387887],[-75.6865416776723,4.81453889846133],[-75.6866425004073,4.81444365139968],[-75.6873403330349,4.81387749237867],[-75.6874306963013,4.81380524066405],[-75.6874978257026,4.81361387379665],[-75.6875596587006,4.81304237921448],[-75.6900663098379,4.81334214204709],[-75.6899700637864,4.81412464669607],[-75.690001256502,4.81424118350172],[-75.6896204935661,4.81674097672789],[-75.6879959017001,4.8165396950447]]]},"properties":{"FID":443,"ID_BAR":64,"CODSUELO":"6600101","CODCOM":"03","COMUNA":"Centro","CODBAR":"010315","NOMBRE":"Sector Parque La Libertad","NOM_POPULA":"Parque La Libertad","ACT_GEOGRA":1168041600000,"NORMA":"Sin","CREACION":null,"ORIGEN_NOR":"Sin","OBSERVACIO":"Ajustado SPM","COD_SISBEN":"03207","Shape_Area":130093.78276276423,"Shape__Area":131809.93310546875,"Shape__Length":1457.54006415562,"GlobalID":"3688f23f-c2ab-4e8b-9646-8f63f0312f9d","CreationDate":1545839815055,"Creator":"sigper_arcgis","EditDate":1545839815055,"Editor":"sigper_arcgis"}},{"type":"Feature","id":444,"geometry":{"type":"Polygon","coordinates":[[[-75.7281888839438,4.81656085831836],[-75.7282243085967,4.81630256459652],[-75.7280821139234,4.81630970118081],[-75.7280558786456,4.81567776243142],[-75.7277926888114,4.81574249505497],[-75.7277324016633,4.81561015175297],[-75.7277556787136,4.8155771763751],[-75.7278567069778,4.81538123092906],[-75.7280096417756,4.8153601769008],[-75.7281110227483,4.81535786292259],[-75.7283211805291,4.81535305792839],[-75.7285445782352,4.8153734218444],[-75.728525527451,4.81554020694119],[-75.7284211882882,4.81555960087449],[-75.7283423445554,4.8156326523],[-75.7283629814907,4.81617004461287],[-75.7285370094786,4.816325630787],[-75.728710122343,4.81646498640019],[-75.7285818026181,4.81647777383008],[-75.7284557715206,4.81649584275278],[-75.7283185069442,4.81652973657417],[-75.7281888839438,4.81656085831836]]]},"properties":{"FID":444,"ID_BAR":65,"CODSUELO":"6600101","CODCOM":"12","COMUNA":"Ferrocarril","CODBAR":"011203","NOMBRE":"Jose Hilario Lopez I","NOM_POPULA":"Jose Hilario Lopez I","ACT_GEOGRA":1180656000000,"NORMA":"32","CREACION":707097600000,"ORIGEN_NOR":"Concejo Municipal","OBSERVACIO":"Asignado por la Comunidad. Visita de campo SPM","COD_SISBEN":"12105","Shape_Area":6106.12376168641,"Shape__Area":6186.89599609375,"Shape__Length":480.55078806757962,"GlobalID":"ff70fbf6-be53-47d1-8678-0c2e7d7b21be","CreationDate":1545839815055,"Creator":"sigper_arcgis","EditDate":1545839815055,"Editor":"sigper_arcgis"}},{"type":"Feature","id":445,"geometry":{"type":"Polygon","coordinates":[[[-75.7102026721118,4.81566848550281],[-75.7101025033317,4.81651194528953],[-75.7075975213519,4.81622364855294],[-75.707686143376,4.8153903273467],[-75.7085115572577,4.81548155762477],[-75.7102026721118,4.81566848550281]]]},"properties":{"FID":445,"ID_BAR":66,"CODSUELO":"6600101","CODCOM":"03","COMUNA":"Centro","CODBAR":"010301","NOMBRE":"Bloques Primero de Febrero","NOM_POPULA":"Bloques Primero de Febrero","ACT_GEOGRA":1168041600000,"NORMA":"Sin","CREACION":null,"ORIGEN_NOR":"Sin","OBSERVACIO":"Ajustado SPM","COD_SISBEN":"03214","Shape_Area":26164.441848611019,"Shape__Area":26510.11279296875,"Shape__Length":751.06241208030178,"GlobalID":"56df3a47-a61e-48b0-bf45-e62ea8c7cad7","CreationDate":1545839815055,"Creator":"sigper_arcgis","EditDate":1545839815055,"Editor":"sigper_arcgis"}},{"type":"Feature","id":446,"geometry":{"type":"Polygon","coordinates":[[[-75.7174298567708,4.81612821290572],[-75.7170827856565,4.81623089629983],[-75.7168142420255,4.81631035508876],[-75.7162379613467,4.81644885358062],[-75.7158763480764,4.81641237535865],[-75.7134837307062,4.81622898124503],[-75.7127115600002,4.81602955901768],[-75.7129320753083,4.81404988669085],[-75.7129999448645,4.81344813365964],[-75.713060019232,4.81347710147267],[-75.7133929987368,4.81366284454585],[-75.7137724249078,4.8138828528244],[-75.7146078663184,4.8144058660347],[-75.7148442905932,4.81456500786821],[-75.7150104284332,4.81465136110849],[-75.7151826945578,4.81471510721501],[-75.7153570380734,4.81475211287989],[-75.7155108529443,4.81477267429151],[-75.7161072368792,4.81479400207052],[-75.7164408888338,4.81485455315124],[-75.7167749623321,4.8149946199508],[-75.7175327264512,4.81541184929879],[-75.7180721680864,4.81564079495022],[-75.7185124481209,4.81574278217925],[-75.7174298567708,4.81612821290572]]]},"properties":{"FID":446,"ID_BAR":67,"CODSUELO":"6600101","CODCOM":"03","COMUNA":"Centro","CODBAR":"010317","NOMBRE":"Turin","NOM_POPULA":"Turin","ACT_GEOGRA":1168041600000,"NORMA":"Sin","CREACION":null,"ORIGEN_NOR":"Sin","OBSERVACIO":"Ajustado SPM","COD_SISBEN":"03035","Shape_Area":107119.76653645733,"Shape__Area":108535.37890625,"Shape__Length":1627.3029170611728,"GlobalID":"31521d52-c2dd-416a-b5e3-5f91e9aced91","CreationDate":1545839815055,"Creator":"sigper_arcgis","EditDate":1545839815055,"Editor":"sigper_arcgis"}},{"type":"Feature","id":447,"geometry":{"type":"Polygon","coordinates":[[[-75.7102026721118,4.81566848550281],[-75.7104264003725,4.81364467587174],[-75.7108391738939,4.8138316941054],[-75.7112201152636,4.81396383385686],[-75.7119761573678,4.81403310463688],[-75.7129320753083,4.81404988669085],[-75.7127115600002,4.81602955901768],[-75.7118791737697,4.81586814348002],[-75.7102026721118,4.81566848550281]]]},"properties":{"FID":447,"ID_BAR":68,"CODSUELO":"6600101","CODCOM":"03","COMUNA":"Centro","CODBAR":"010318","NOMBRE":"Venecia","NOM_POPULA":"Venecia","ACT_GEOGRA":1168041600000,"NORMA":"Sin","CREACION":null,"ORIGEN_NOR":"Sin","OBSERVACIO":"Ajustado SPM","COD_SISBEN":"03199","Shape_Area":58639.938608043929,"Shape__Area":59414.6376953125,"Shape__Length":1018.648781860914,"GlobalID":"9c582fa3-c599-47cf-a587-803494e3f456","CreationDate":1545839815055,"Creator":"sigper_arcgis","EditDate":1545839815055,"Editor":"sigper_arcgis"}},{"type":"Feature","id":448,"geometry":{"type":"Polygon","coordinates":[[[-75.7193570468599,4.813543764251],[-75.7194158650425,4.81353996697496],[-75.7198091541804,4.81410514304373],[-75.7203416749213,4.81406454540558],[-75.720811024463,4.81407802421041],[-75.7209630422682,4.81410014484036],[-75.7211369287353,4.81412112922298],[-75.7212361626095,4.81410012876413],[-75.7213308526277,4.8140572284671],[-75.7214538558998,4.81398681002258],[-75.7215660832404,4.81391729221141],[-75.7216043258619,4.81390358610771],[-75.7216398214504,4.81390358631815],[-75.7216671473608,4.81391455450767],[-75.721704474078,4.81394740717399],[-75.7217181364124,4.81398757078738],[-75.7217529968914,4.814148121626],[-75.7217893018744,4.8142982868574],[-75.7218130003423,4.81432110629829],[-75.72184303807,4.81433115684976],[-75.7218921971419,4.81432933729327],[-75.7219413552342,4.81432391597883],[-75.7219824507236,4.81430906196856],[-75.7220190731308,4.81428571268627],[-75.7220948178831,4.81440657653043],[-75.7220409752545,4.81447844374936],[-75.7220150923573,4.81449515154508],[-75.7218785312156,4.81466149396485],[-75.7219547609609,4.81589778369327],[-75.7212461478987,4.81593856063468],[-75.7208611525303,4.8159593464182],[-75.7205398592584,4.81597568093701],[-75.7202964241462,4.81599229903418],[-75.7199523122267,4.81600891590663],[-75.7197642691108,4.81600239662423],[-75.719571613521,4.81597907981084],[-75.7194370605434,4.81595910281108],[-75.719109887563,4.81588248009694],[-75.7188341626272,4.81581917546001],[-75.7185124481209,4.81574278217925],[-75.7180721680864,4.81564079495023],[-75.7175327264512,4.81541184929881],[-75.7167749623321,4.81499461995079],[-75.7164408888338,4.81485455315124],[-75.7161072368792,4.81479400207051],[-75.7155108529443,4.81477267429151],[-75.7153570380734,4.81475211287991],[-75.7151826945578,4.81471510721501],[-75.7150104284332,4.81465136110847],[-75.7148442905932,4.81456500786821],[-75.7146078663184,4.8144058660347],[-75.7137724249077,4.8138828528244],[-75.7133929987368,4.81366284454585],[-75.713060019232,4.81347710147269],[-75.7129999448645,4.81344813365964],[-75.7133327304171,4.81272997439197],[-75.7135865143167,4.81288487776693],[-75.713768567805,4.81300934711472],[-75.7140356754886,4.81243723531318],[-75.7140599374393,4.81246201604682],[-75.7141310335476,4.81251913720072],[-75.7142188906835,4.81258478910103],[-75.7142679783851,4.81260466083096],[-75.7142955509428,4.8126020644703],[-75.7143093553671,4.81258825289675],[-75.7143127716205,4.81256665200321],[-75.7143050266945,4.81245608636],[-75.7143127738036,4.81243015830852],[-75.714328303092,4.81242498297588],[-75.7143636231939,4.81242929371088],[-75.7145091961192,4.8125036008297],[-75.7146028289628,4.81254673438498],[-75.7147957664569,4.81250959349176],[-75.7148431643921,4.8124923206436],[-75.7148767589075,4.81246208408258],[-75.7148983104325,4.81243184601248],[-75.714911234781,4.81238520021309],[-75.7149042997522,4.81226114048615],[-75.7149068733341,4.81210996919956],[-75.7149068733682,4.81209182940114],[-75.7149189519705,4.81207800079334],[-75.7149439182081,4.81206678537747],[-75.7149883935944,4.81205216185958],[-75.7150426591855,4.81203921596395],[-75.7151055507782,4.81203058066928],[-75.7151779151439,4.81203142974876],[-75.7152339055618,4.81203575739122],[-75.7152700700184,4.81204872244552],[-75.7153201783069,4.81210692070843],[-75.7153416929785,4.8121423338877],[-75.7153589470542,4.81221835216977],[-75.7153616556397,4.81237766600291],[-75.715359082693,4.81250635354827],[-75.7153633780771,4.81256336713756],[-75.7153763011822,4.81260570443699],[-75.7153961255107,4.81263505889677],[-75.7154159508395,4.81265666020908],[-75.715441762831,4.81265839159096],[-75.7154736308557,4.81265839207837],[-75.7154994787029,4.81264889068424],[-75.7155193037517,4.81263075167751],[-75.7155546244382,4.81258583672644],[-75.7156099814113,4.81251942734278],[-75.7157117516316,4.81240926970925],[-75.7158041892967,4.81230792506659],[-75.7158547223502,4.8122712592583],[-75.7159074374191,4.81225400419216],[-75.7159805415202,4.81223999838382],[-75.716020297663,4.81225508335905],[-75.7161009367368,4.81230144803646],[-75.7161547080003,4.81234134743533],[-75.7162106264152,4.81239417636054],[-75.7163291528339,4.81263915390061],[-75.7165142703283,4.81279032814156],[-75.7165606100513,4.81290377359695],[-75.7166089921445,4.81300079379332],[-75.7166465998717,4.81305577661196],[-75.7166895954442,4.81309244415695],[-75.7167438602694,4.81310759970383],[-75.7168008714883,4.81310759977863],[-75.7168395714798,4.81310544594928],[-75.7168793635629,4.8130838806784],[-75.7169696524208,4.81304075073331],[-75.717049236652,4.81301164473574],[-75.7171497724402,4.8129802779821],[-75.7171596966413,4.81344626187938],[-75.7171663145094,4.81360585846593],[-75.7175358855352,4.81358594042922],[-75.7175355330508,4.81360233110424],[-75.7175485962169,4.81370173429894],[-75.7175728577225,4.81372865213452],[-75.7175996905502,4.81374687992921],[-75.7176299749403,4.81375382209818],[-75.7176698370502,4.81375555346002],[-75.7177373779095,4.81371214020154],[-75.7178408375816,4.81360078047991],[-75.7178771786581,4.81359295709044],[-75.7180374023615,4.81359295896006],[-75.7180728623258,4.81361404812291],[-75.7180945186798,4.81364492230047],[-75.7180979333706,4.81368035262666],[-75.7180922266554,4.81388836108646],[-75.7181115936685,4.81393751606644],[-75.7181400810279,4.8139558140513],[-75.7182225529048,4.81394258615915],[-75.7184357029418,4.81390028726435],[-75.7185296197126,4.81385104663442],[-75.7186310719747,4.8137938924897],[-75.7186698426858,4.81378474404786],[-75.7187051615359,4.81378704035181],[-75.7187359385922,4.81379959853289],[-75.718764426741,4.81382704641822],[-75.7187838293443,4.81384875350549],[-75.7188020700849,4.81384875376434],[-75.7188613356557,4.81382589920024],[-75.7191206172475,4.81368147719578],[-75.7193509883367,4.81354710558481],[-75.7193570468599,4.813543764251]]]},"properties":{"FID":448,"ID_BAR":69,"CODSUELO":"6600101","CODCOM":"08","COMUNA":"El Jardin","CODBAR":"010818","NOMBRE":"Maraya","NOM_POPULA":"Maraya","ACT_GEOGRA":1180656000000,"NORMA":"Sin","CREACION":null,"ORIGEN_NOR":"Sin","OBSERVACIO":"Ajustado SPM, Visita de campo","COD_SISBEN":"08074","Shape_Area":206301.18561487092,"Shape__Area":209027.35498046875,"Shape__Length":2769.2153693673645,"GlobalID":"76218baa-c3be-423f-a03b-ce2241cee086","CreationDate":1545839815055,"Creator":"sigper_arcgis","EditDate":1545839815055,"Editor":"sigper_arcgis"}},{"type":"Feature","id":449,"geometry":{"type":"Polygon","coordinates":[[[-75.7285445782352,4.8153734218444],[-75.7283211805291,4.81535305792839],[-75.7281110227483,4.81535786292259],[-75.7280788015155,4.8150559263856],[-75.7280614052704,4.81505493719576],[-75.7280464743319,4.81491335673241],[-75.7279278727114,4.81435106049519],[-75.7282289173616,4.81448787175214],[-75.7286178205045,4.81455996842403],[-75.7291177889873,4.81455668144607],[-75.7293172763466,4.81448354076069],[-75.7294430960232,4.81466466746927],[-75.7296463155755,4.81441334984016],[-75.7299691928079,4.81463407397729],[-75.7301142746384,4.8145839474545],[-75.7304041228588,4.81491560801497],[-75.7302611543573,4.8150385388943],[-75.7300557870156,4.81522122095087],[-75.7298756683532,4.81533570836536],[-75.7297732304447,4.81538915489368],[-75.7296034993362,4.81544502112506],[-75.7294268659073,4.81548064715939],[-75.7292351961623,4.81548801325739],[-75.7291034955914,4.81547543805439],[-75.7289801405761,4.81545865923363],[-75.7288531940581,4.81542593113358],[-75.7285445782352,4.8153734218444]]]},"properties":{"FID":449,"ID_BAR":70,"CODSUELO":"6600101","CODCOM":"12","COMUNA":"Ferrocarril","CODBAR":"011201","NOMBRE":"Sureste de la Sierra","NOM_POPULA":"Sureste de la Sierra","ACT_GEOGRA":1183248000000,"NORMA":"Sin","CREACION":null,"ORIGEN_NOR":"Sin","OBSERVACIO":"Sin","COD_SISBEN":" ","Shape_Area":23111.191901361191,"Shape__Area":23416.8623046875,"Shape__Length":722.66007291816311,"GlobalID":"cf4e8e36-9077-4346-9188-8ef7660641a8","CreationDate":1545839815055,"Creator":"sigper_arcgis","EditDate":1545839815055,"Editor":"sigper_arcgis"}},{"type":"Feature","id":450,"geometry":{"type":"Polygon","coordinates":[[[-75.707686143376,4.8153903273467],[-75.7077337297134,4.81493716735286],[-75.7085613975118,4.81501193650641],[-75.7085115572577,4.81548155762477],[-75.707686143376,4.8153903273467]]]},"properties":{"FID":450,"ID_BAR":71,"CODSUELO":"6600101","CODCOM":"03","COMUNA":"Centro","CODBAR":"010307","NOMBRE":"Los Periodistas","NOM_POPULA":"Los Periodistas","ACT_GEOGRA":1180656000000,"NORMA":"Sin","CREACION":null,"ORIGEN_NOR":"Sin","OBSERVACIO":"Ajustado SPM","COD_SISBEN":" ","Shape_Area":4730.33603784625,"Shape__Area":4792.81982421875,"Shape__Length":288.61785993964668,"GlobalID":"453a2cd0-c5b4-455b-9fe9-c51d8c07bde8","CreationDate":1545839815055,"Creator":"sigper_arcgis","EditDate":1545839815055,"Editor":"sigper_arcgis"}},{"type":"Feature","id":451,"geometry":{"type":"Polygon","coordinates":[[[-75.6819406630072,4.81436544956974],[-75.6821547273044,4.81439416514196],[-75.6822585011107,4.81442622906682],[-75.6831920759866,4.81471469632805],[-75.6830281729387,4.81497395087915],[-75.6830072567943,4.8149672904359],[-75.6827411111591,4.81493685910784],[-75.6826729718059,4.81493496466818],[-75.6821459592887,4.8149266290443],[-75.681625006316,4.81488530078755],[-75.6813492501137,4.81481525140916],[-75.680921484952,4.81459069975923],[-75.6805182993349,4.81437427416427],[-75.6798265235793,4.81382016142139],[-75.679948314547,4.81351593681267],[-75.6800004383985,4.81340694629058],[-75.6800501661472,4.81332301802076],[-75.680134581034,4.81321803991218],[-75.6803798347377,4.81337878339099],[-75.6805705526394,4.81340004373117],[-75.6806973945919,4.81338118908939],[-75.6806166399329,4.81402981309538],[-75.6806988606731,4.81408508394924],[-75.6809071098582,4.81418683337438],[-75.6811651530934,4.81426143811123],[-75.6819406630072,4.81436544956974]]]},"properties":{"FID":451,"ID_BAR":72,"CODSUELO":"6600101","CODCOM":"05","COMUNA":"Oriente","CODBAR":"010515","NOMBRE":"Ormaza","NOM_POPULA":"Ormaza","ACT_GEOGRA":1168041600000,"NORMA":"Sin","CREACION":null,"ORIGEN_NOR":"Sin","OBSERVACIO":"Ajustado SPM","COD_SISBEN":"05047","Shape_Area":21462.6450571572,"Shape__Area":21745.6025390625,"Shape__Length":942.36884664707873,"GlobalID":"eeef8e80-d606-40a8-aee3-de9dbf7375cf","CreationDate":1545839815055,"Creator":"sigper_arcgis","EditDate":1545839815055,"Editor":"sigper_arcgis"}},{"type":"Feature","id":452,"geometry":{"type":"Polygon","coordinates":[[[-75.7296463155755,4.81441334984016],[-75.7297133272639,4.81433046030089],[-75.7297235734038,4.81416787867838],[-75.7301479704841,4.81382512313093],[-75.729982322681,4.81356435792021],[-75.7301433200452,4.81336162902717],[-75.7304711244554,4.81294070055707],[-75.7306904348571,4.81266165239977],[-75.7307423398371,4.81259070250327],[-75.7308012871948,4.81254576994259],[-75.7308917514996,4.81249018573945],[-75.7309955264724,4.81243343630298],[-75.7311681800443,4.81236670667729],[-75.7313191063027,4.81233832303733],[-75.7315643704185,4.81231940515002],[-75.7315313376309,4.81201907598471],[-75.7316681436869,4.81201670752056],[-75.731748430565,4.8119522929977],[-75.7319325291119,4.81193074344784],[-75.7319635189138,4.812207263851],[-75.7319692590985,4.81228282280979],[-75.732282803785,4.81225788117322],[-75.7324619367267,4.8122312634795],[-75.7327129409636,4.81221455245821],[-75.7326902964521,4.81202466541632],[-75.7333753817035,4.8119980423732],[-75.7333723511122,4.811797663555],[-75.7334485891477,4.81181108565707],[-75.7335564144503,4.81179729104435],[-75.7336711053405,4.81176509157785],[-75.7338278769894,4.81169942100497],[-75.7338523148394,4.81168919460977],[-75.7339394696142,4.81168689763425],[-75.7340403923768,4.81170989264559],[-75.7341390268696,4.81177658443057],[-75.7342801298802,4.81189059256115],[-75.7343120696298,4.81193225766157],[-75.7343564398614,4.81201811327945],[-75.7343449606102,4.81208125632459],[-75.734296578612,4.81220427470065],[-75.7341908333763,4.81237517635408],[-75.7341206880164,4.81246765694362],[-75.7339825099309,4.81259507348767],[-75.7338317262918,4.81275329441124],[-75.733645693231,4.81294304162968],[-75.7335906188741,4.81301397381251],[-75.7335650542394,4.81307803555447],[-75.733552307821,4.81315813438861],[-75.7335426954863,4.81324944792933],[-75.7335267441871,4.81331031291342],[-75.7334843116763,4.81338059109272],[-75.7334237091639,4.81345334304763],[-75.7322961963157,4.81368472840593],[-75.7317387259887,4.81387555678626],[-75.7312492191022,4.81418908310235],[-75.7304041228588,4.81491560801497],[-75.7301142746384,4.8145839474545],[-75.7299691928079,4.81463407397729],[-75.7296463155755,4.81441334984016]]]},"properties":{"FID":452,"ID_BAR":73,"CODSUELO":"6600101","CODCOM":"12","COMUNA":"Ferrocarril","CODBAR":"011213","NOMBRE":"El Plumon Alto","NOM_POPULA":"El Plumon Alto","ACT_GEOGRA":1183248000000,"NORMA":"Sin","CREACION":null,"ORIGEN_NOR":"Sin","OBSERVACIO":"Sin","COD_SISBEN":" ","Shape_Area":82426.99370395155,"Shape__Area":83516.92626953125,"Shape__Length":1501.3438526907482,"GlobalID":"493c1bba-edca-48eb-97ff-10d97b406612","CreationDate":1545839815055,"Creator":"sigper_arcgis","EditDate":1545839815055,"Editor":"sigper_arcgis"}},{"type":"Feature","id":453,"geometry":{"type":"Polygon","coordinates":[[[-75.7416932323696,4.81459193272942],[-75.7415620948236,4.81456109717888],[-75.7413346480375,4.81456122643626],[-75.7413127435017,4.81448231129121],[-75.7413872902812,4.81444094499033],[-75.7415623737824,4.81443198598761],[-75.7419882038555,4.81385581542293],[-75.7420351432655,4.81382547049824],[-75.7420049984465,4.81374390746304],[-75.7421029976709,4.81368321755119],[-75.742251282637,4.81364389795833],[-75.7422981547707,4.81376267516059],[-75.7423705543596,4.81374089642417],[-75.7423905221326,4.81380001152173],[-75.7425916969395,4.81371807146448],[-75.7429823578055,4.81359009925223],[-75.7431805731575,4.81342475796769],[-75.7437675725633,4.81276261976007],[-75.7441225894628,4.8124053201414],[-75.7443030572947,4.812254744902],[-75.7447290664075,4.81196913498116],[-75.7450275008073,4.81184430759084],[-75.7451981805068,4.81178248460453],[-75.7454854170723,4.81169331751623],[-75.7456787403963,4.81164339909418],[-75.7459423140165,4.81159328350965],[-75.7463171287441,4.81156142772241],[-75.7476768711319,4.81139317180344],[-75.7477561011943,4.81138050512011],[-75.7478168795834,4.8113663911468],[-75.7478676575634,4.81135153529017],[-75.7481538013982,4.81123599776751],[-75.7482729275003,4.81115993999806],[-75.7485625875989,4.81087631014752],[-75.7488484756898,4.81050350307735],[-75.7487577268306,4.8104038382556],[-75.7488429758596,4.81028299016366],[-75.7489835805863,4.81016422452014],[-75.7492565194628,4.81008146727194],[-75.7494896716379,4.8101355058736],[-75.7494895327314,4.81021090639207],[-75.7496279573746,4.81017349310005],[-75.7497057088554,4.81016524232519],[-75.7497762767093,4.81015277001858],[-75.749854028323,4.81013328622257],[-75.7499623494788,4.81024088128973],[-75.7498695301255,4.81038274788302],[-75.7497799132894,4.81043458942152],[-75.7497677646171,4.81044161924656],[-75.7495582772997,4.81042730263094],[-75.7491282595639,4.8108237993159],[-75.7490684652927,4.81076357323137],[-75.7482795209334,4.81142888390068],[-75.7480304926849,4.81154751170422],[-75.7478551995105,4.81157600629902],[-75.7471655047469,4.81168818221484],[-75.7465882797012,4.81171320947053],[-75.745722868475,4.81185326060801],[-75.7449872239245,4.81212973089616],[-75.7443758143549,4.8124858717758],[-75.7438507185666,4.81302488483795],[-75.7433469284265,4.81364090455519],[-75.7429658479316,4.81382929977818],[-75.7421745963475,4.81407630759207],[-75.7421853745714,4.81420087952438],[-75.7419783187733,4.81431114929435],[-75.7419568743883,4.81434327733396],[-75.7419155323373,4.81432934324837],[-75.7418653555024,4.8144401568454],[-75.7419920932147,4.81455278681627],[-75.7420799175466,4.8145998194287],[-75.7421485859587,4.8146636137118],[-75.7421953862254,4.81469031842995],[-75.7420851712292,4.81488469416169],[-75.7419766392028,4.81479241147914],[-75.7418913837054,4.81469392831916],[-75.7418332799143,4.81465120402248],[-75.741768203197,4.81460576108118],[-75.7416932323696,4.81459193272942]]]},"properties":{"FID":453,"ID_BAR":74,"CODSUELO":"6600101","CODCOM":"12","COMUNA":"Ferrocarril","CODBAR":"011207","NOMBRE":"Matecana","NOM_POPULA":"Matecana","ACT_GEOGRA":1180656000000,"NORMA":"Sin","CREACION":null,"ORIGEN_NOR":"Sin","OBSERVACIO":"Ajustado SPM, Visita de campo","COD_SISBEN":"12108","Shape_Area":32735.456300807418,"Shape__Area":33168.5986328125,"Shape__Length":2458.2224062408709,"GlobalID":"65a30018-f87e-4908-9e9d-813ed02785b3","CreationDate":1545839815055,"Creator":"sigper_arcgis","EditDate":1545839815055,"Editor":"sigper_arcgis"}},{"type":"Feature","id":454,"geometry":{"type":"Polygon","coordinates":[[[-75.7279278727114,4.81435106049519],[-75.727897588676,4.81420755468385],[-75.7277194398393,4.81346817583637],[-75.7280848908173,4.81365724992096],[-75.7279650585593,4.81400977154025],[-75.7280996457765,4.81412459417284],[-75.728260715344,4.81420386212877],[-75.7283630465157,4.81424338969262],[-75.7285107340485,4.81428641546218],[-75.7286416243691,4.8143116892971],[-75.7291179291909,4.81428367550611],[-75.7292396631003,4.8142407552434],[-75.7293186833582,4.81420287000013],[-75.7292433601513,4.81402140759878],[-75.7291892708839,4.8139332552173],[-75.7291564168093,4.81390252360111],[-75.7291386331741,4.81386257153506],[-75.7290872911252,4.81383470078603],[-75.7290167221602,4.81382613423202],[-75.7289974607162,4.81380896689566],[-75.7289696765981,4.81380038296318],[-75.7289119253414,4.81377464935028],[-75.7288734717939,4.81371975474918],[-75.7288849164766,4.81368725669566],[-75.7289810501939,4.81358659875011],[-75.7289874930982,4.81342410547454],[-75.7289815772086,4.81322971427733],[-75.7289332632554,4.81317579189843],[-75.7288479751139,4.81313953113495],[-75.7288110704742,4.81301935766239],[-75.7289980911529,4.81298397911627],[-75.7290926053102,4.812897928377],[-75.7292141627547,4.81276367714501],[-75.7293136415325,4.81263558940203],[-75.7293952317209,4.81250207983234],[-75.7294769623988,4.81235486501536],[-75.7296439813596,4.81221494303059],[-75.7296764134822,4.81216559509589],[-75.7296860263506,4.81211866643733],[-75.7296819063212,4.81204610949521],[-75.7296691933598,4.81196701819124],[-75.7296223939708,4.81186657246746],[-75.7295844324643,4.81163763431942],[-75.7295346741333,4.81137241741292],[-75.7294830501608,4.81119429368656],[-75.7294589984026,4.81107470258657],[-75.729456603627,4.81101572800394],[-75.7294650197691,4.81097240235741],[-75.7294842110331,4.81094230631837],[-75.7295947820001,4.81083695031692],[-75.7296476379957,4.81074750807684],[-75.7296445736095,4.81072975717529],[-75.7296237975883,4.81069272021916],[-75.7294998790527,4.81050834377606],[-75.729501393676,4.81046773833292],[-75.7295229438732,4.8104291632847],[-75.7295529815035,4.81041913165731],[-75.729610485503,4.81042384713363],[-75.7299500892794,4.81075201042064],[-75.7299775204058,4.81082089330672],[-75.7302063781296,4.81139588824848],[-75.7302299373816,4.81160559211989],[-75.7303448060171,4.81184779403191],[-75.7304891480723,4.81196593620936],[-75.7306187358296,4.81203386494124],[-75.7307336036717,4.8120634135053],[-75.7307859315609,4.81206657455189],[-75.7308904809645,4.81207291450419],[-75.7311179971468,4.81190771764618],[-75.7315110870925,4.81166360467356],[-75.7315941214261,4.81161128827184],[-75.7316820497454,4.81155741751057],[-75.7316281386392,4.81177021296939],[-75.731748430565,4.8119522929977],[-75.7316681436869,4.81201670752056],[-75.7315313376309,4.81201907598471],[-75.7315643704185,4.81231940515002],[-75.7313191063027,4.81233832303733],[-75.7311681800443,4.81236670667729],[-75.7309955264724,4.81243343630298],[-75.7308917514996,4.81249018573945],[-75.7308012871948,4.81254576994259],[-75.7307423398371,4.81259070250327],[-75.7306904348571,4.81266165239977],[-75.7304711244554,4.81294070055707],[-75.7301433200452,4.81336162902717],[-75.729982322681,4.81356435792021],[-75.7301479704841,4.81382512313093],[-75.7297235734038,4.81416787867838],[-75.7297133272639,4.81433046030089],[-75.7296463155755,4.81441334984016],[-75.7294430960232,4.81466466746927],[-75.7293172763466,4.81448354076069],[-75.7291177889873,4.81455668144607],[-75.7286178205045,4.81455996842403],[-75.7282289173616,4.81448787175214],[-75.7279278727114,4.81435106049519]]]},"properties":{"FID":454,"ID_BAR":75,"CODSUELO":"6600101","CODCOM":"12","COMUNA":"Ferrocarril","CODBAR":"011212","NOMBRE":"El Plumon","NOM_POPULA":"El Plumon","ACT_GEOGRA":1183248000000,"NORMA":"47","CREACION":899942400000,"ORIGEN_NOR":"Concejo Municipal","OBSERVACIO":"Ajustado a delimitacion de la Norma de creacion","COD_SISBEN":"12103","Shape_Area":55365.209337632259,"Shape__Area":56097.1533203125,"Shape__Length":1929.5953624203223,"GlobalID":"919eaa99-d0b7-45fb-b103-d8dd64845a2c","CreationDate":1545839815055,"Creator":"sigper_arcgis","EditDate":1545839815055,"Editor":"sigper_arcgis"}},{"type":"Feature","id":455,"geometry":{"type":"Polygon","coordinates":[[[-75.6864849069751,4.81463372387887],[-75.683576710206,4.81428867188323],[-75.6835239945882,4.81429366628679],[-75.6834505417974,4.81423774286818],[-75.6835914992568,4.81373298161694],[-75.6824592130561,4.81345218460801],[-75.6823740683813,4.8134107614535],[-75.681603671558,4.81321139146377],[-75.6814454925938,4.81317907667836],[-75.6814072979925,4.81351707730719],[-75.6812919019444,4.81351839460479],[-75.6811941485638,4.81350482330255],[-75.6810784730234,4.81347394173928],[-75.6808830741595,4.81342042937763],[-75.680771131639,4.81338769401517],[-75.6806973945919,4.81338118908939],[-75.6805705526394,4.81340004373117],[-75.6803798347377,4.81337878339099],[-75.680134581034,4.81321803991218],[-75.6802233258143,4.81313577470145],[-75.6803735897417,4.81303668232613],[-75.6804815933586,4.81300738716481],[-75.6806169214361,4.81299494510691],[-75.6806932998016,4.81299927762056],[-75.6807505925273,4.81300797091468],[-75.6812443178293,4.81313798131677],[-75.6813870736372,4.81316713291338],[-75.6813995424965,4.81311110897199],[-75.6816083224415,4.81316022424963],[-75.6816373247957,4.81283979732234],[-75.682092426196,4.81289293789891],[-75.6825233749869,4.81287459690861],[-75.6826166196123,4.81290233229335],[-75.6827315101252,4.81308993086048],[-75.6830535949532,4.81336064379611],[-75.6831841303337,4.813400551589],[-75.6832679753973,4.81339910875432],[-75.6840943342519,4.81350313857258],[-75.6849996077087,4.81360733165531],[-75.6857796613458,4.81370178414116],[-75.6866183819817,4.81378714262696],[-75.6873403330349,4.81387749237867],[-75.6866425004073,4.81444365139968],[-75.6865416776723,4.81453889846133],[-75.6864849069751,4.81463372387887]]]},"properties":{"FID":455,"ID_BAR":76,"CODSUELO":"6600101","CODCOM":"05","COMUNA":"Oriente","CODBAR":"010520","NOMBRE":"Santander","NOM_POPULA":"Santander","ACT_GEOGRA":1180656000000,"NORMA":"68","CREACION":943833600000,"ORIGEN_NOR":"Concejo Municipal","OBSERVACIO":"Ajustado a delimitacion de la Norma de creacion","COD_SISBEN":"05051","Shape_Area":49996.942181571852,"Shape__Area":50656.10302734375,"Shape__Length":1840.7479886716419,"GlobalID":"377cb5b2-3bdd-4438-a5ef-694e36d12d64","CreationDate":1545839815055,"Creator":"sigper_arcgis","EditDate":1545839815055,"Editor":"sigper_arcgis"}},{"type":"Feature","id":456,"geometry":{"type":"Polygon","coordinates":[[[-75.6819406630072,4.81436544956974],[-75.6820092615631,4.81381211299736],[-75.6822817450304,4.81383980738422],[-75.6824455191993,4.8139237487306],[-75.6822585011107,4.81442622906682],[-75.6821547273044,4.81439416514196],[-75.6819406630072,4.81436544956974]]]},"properties":{"FID":456,"ID_BAR":77,"CODSUELO":"6600101","CODCOM":"05","COMUNA":"Oriente","CODBAR":"010513","NOMBRE":"La Pupi","NOM_POPULA":"La Pupi","ACT_GEOGRA":1180656000000,"NORMA":"Sin","CREACION":null,"ORIGEN_NOR":"Sin","OBSERVACIO":"Ajustado SPM","COD_SISBEN":" ","Shape_Area":2667.05219768239,"Shape__Area":2702.2138671875,"Shape__Length":209.2860334506853,"GlobalID":"29d63615-6b24-4124-acf3-2201859fcde2","CreationDate":1545839815055,"Creator":"sigper_arcgis","EditDate":1545839815055,"Editor":"sigper_arcgis"}},{"type":"Feature","id":457,"geometry":{"type":"Polygon","coordinates":[[[-75.7288110704742,4.81301935766239],[-75.7288479751139,4.81313953113495],[-75.7289332632554,4.81317579189843],[-75.7289815772086,4.81322971427733],[-75.7289874930982,4.81342410547454],[-75.7289810501939,4.81358659875011],[-75.7288849164766,4.81368725669566],[-75.7288734717939,4.81371975474918],[-75.7289119253414,4.81377464935028],[-75.7289696765981,4.81380038296318],[-75.7289974607162,4.81380896689566],[-75.7290167221602,4.81382613423202],[-75.7290872911252,4.81383470078603],[-75.7291386331741,4.81386257153506],[-75.7291564168093,4.81390252360111],[-75.7291892708839,4.8139332552173],[-75.7292433601513,4.81402140759878],[-75.7293186833582,4.81420287000013],[-75.7292396631003,4.8142407552434],[-75.7291179291909,4.81428367550611],[-75.7286416243691,4.8143116892971],[-75.7285107340485,4.81428641546218],[-75.7283630465157,4.81424338969262],[-75.728260715344,4.81420386212877],[-75.7280996457765,4.81412459417284],[-75.7279650585593,4.81400977154025],[-75.7280848908173,4.81365724992096],[-75.7277194398393,4.81346817583637],[-75.7276920787746,4.81335471401281],[-75.7275254106012,4.81282670016135],[-75.7276122465065,4.81211135961797],[-75.7277171841366,4.81219684554419],[-75.7278307137514,4.81233966206574],[-75.727934595092,4.81249427727912],[-75.7280151650329,4.81266143345146],[-75.7280676339786,4.81281712652469],[-75.7281020030342,4.81305180459185],[-75.7281362662445,4.81311515920039],[-75.7281812698531,4.81313663659755],[-75.7282444440024,4.8131301893512],[-75.7283132514778,4.81308039922709],[-75.7283850873592,4.81302267928626],[-75.728483616125,4.81297435476492],[-75.7288110704742,4.81301935766239]]]},"properties":{"FID":457,"ID_BAR":78,"CODSUELO":"6600101","CODCOM":"12","COMUNA":"Ferrocarril","CODBAR":"011214","NOMBRE":"El Plumon Bajo","NOM_POPULA":"El Plumon Bajo","ACT_GEOGRA":1183248000000,"NORMA":"Sin","CREACION":null,"ORIGEN_NOR":"Sin","OBSERVACIO":"Sin","COD_SISBEN":" ","Shape_Area":21636.308733452071,"Shape__Area":21922.36083984375,"Shape__Length":785.29228542632688,"GlobalID":"c8bc43f5-27cc-45b8-91b1-f6ccda89c196","CreationDate":1545839815055,"Creator":"sigper_arcgis","EditDate":1545839815055,"Editor":"sigper_arcgis"}},{"type":"Feature","id":458,"geometry":{"type":"Polygon","coordinates":[[[-75.6834505417974,4.81423774286818],[-75.6831974285596,4.81415739933895],[-75.6831060868081,4.81410015007727],[-75.6830767215595,4.81406088440966],[-75.6830376737166,4.81398002392144],[-75.6829700142106,4.81419258500433],[-75.6824455191993,4.8139237487306],[-75.6822817450304,4.81383980738422],[-75.6820092615631,4.81381211299736],[-75.681537150493,4.81376412829073],[-75.6815769950382,4.81350666825874],[-75.6814072979925,4.81351707730719],[-75.6814454925938,4.81317907667836],[-75.681603671558,4.81321139146377],[-75.6823740683813,4.8134107614535],[-75.6824592130561,4.81345218460801],[-75.6835914992568,4.81373298161694],[-75.6834505417974,4.81423774286818]]]},"properties":{"FID":458,"ID_BAR":79,"CODSUELO":"6600101","CODCOM":"05","COMUNA":"Oriente","CODBAR":"010501","NOMBRE":"20 de Julio","NOM_POPULA":"20 de Julio","ACT_GEOGRA":1168041600000,"NORMA":"51","CREACION":462153600000,"ORIGEN_NOR":"Concejo Municipal","OBSERVACIO":"Ajustado a delimitacion de la Norma de creacion","COD_SISBEN":"05051","Shape_Area":12970.72363146206,"Shape__Area":13141.71826171875,"Shape__Length":643.04274461444538,"GlobalID":"272bf662-d049-4939-84c6-0a4d1a186f9b","CreationDate":1545839815055,"Creator":"sigper_arcgis","EditDate":1545839815055,"Editor":"sigper_arcgis"}},{"type":"Feature","id":459,"geometry":{"type":"Polygon","coordinates":[[[-75.7044654853377,4.81374101416745],[-75.704429906143,4.81414957650014],[-75.702750699215,4.81395237357305],[-75.7010793463258,4.81375894530042],[-75.7013573824823,4.81127196534651],[-75.7014938363806,4.81125829983453],[-75.701585215609,4.81125925656533],[-75.7016919485994,4.81127063542442],[-75.7019449540027,4.81143409115202],[-75.7021385925802,4.81150439412334],[-75.7022035618698,4.81150801770441],[-75.7023486791609,4.8114853968633],[-75.7024789349697,4.81147109575245],[-75.702611691511,4.81146225106973],[-75.7025281373308,4.8122273609356],[-75.7033724928872,4.81231914613479],[-75.7034639729517,4.81144320573163],[-75.7045918549885,4.81197362409207],[-75.7046837976644,4.81200697360882],[-75.7045161008391,4.81333893343687],[-75.7044654853377,4.81374101416745]]]},"properties":{"FID":459,"ID_BAR":80,"CODSUELO":"6600101","CODCOM":"03","COMUNA":"Centro","CODBAR":"010304","NOMBRE":"La Victoria","NOM_POPULA":"La Victoria","ACT_GEOGRA":1168041600000,"NORMA":"34","CREACION":597628800000,"ORIGEN_NOR":"Concejo Municipal","OBSERVACIO":"Ajustado a delimitacion de la Norma de creacion","COD_SISBEN":"03192","Shape_Area":92251.641912853127,"Shape__Area":93469.15234375,"Shape__Length":1471.6502301025726,"GlobalID":"c6071e9d-15fc-40df-931d-0898899ac59d","CreationDate":1545839815055,"Creator":"sigper_arcgis","EditDate":1545839815055,"Editor":"sigper_arcgis"}},{"type":"Feature","id":460,"geometry":{"type":"Polygon","coordinates":[[[-75.7104264003725,4.81364467587174],[-75.7104294287332,4.81361429683335],[-75.7096350468957,4.81325820546391],[-75.7096542775257,4.81309013154074],[-75.7088079121957,4.81306087907743],[-75.708791325126,4.81311056301533],[-75.7079401665067,4.81321427009329],[-75.7079678570829,4.81275874290841],[-75.708024135733,4.81251246206561],[-75.708062490101,4.8122566779419],[-75.7080786881284,4.81226095232778],[-75.7083047952385,4.81232721020293],[-75.7088051802936,4.81247385528376],[-75.7092803175202,4.8126130993812],[-75.7096978113965,4.81272388811417],[-75.7106276639455,4.81297067051723],[-75.7109844142086,4.81302742716259],[-75.7112308564072,4.81237528887342],[-75.7117701557446,4.81243639467184],[-75.7120359840203,4.81247410978087],[-75.7122186041978,4.81241485666729],[-75.7124522506525,4.81231252564512],[-75.7125233479973,4.81230742291496],[-75.7127086418944,4.81235589177081],[-75.7128697441268,4.8124447719825],[-75.7133327304171,4.81272997439197],[-75.7129999448645,4.81344813365964],[-75.7129320753083,4.81404988669085],[-75.7119761573678,4.81403310463688],[-75.7112201152636,4.81396383385686],[-75.7108391738939,4.8138316941054],[-75.7104264003725,4.81364467587174]]]},"properties":{"FID":460,"ID_BAR":81,"CODSUELO":"6600101","CODCOM":"03","COMUNA":"Centro","CODBAR":"010312","NOMBRE":"Sector 30 de Agosto","NOM_POPULA":"Av. 30 de Agosto","ACT_GEOGRA":1168041600000,"NORMA":"Sin","CREACION":null,"ORIGEN_NOR":"Sin","OBSERVACIO":"Ajustado SPM","COD_SISBEN":"03256","Shape_Area":64876.0506415507,"Shape__Area":65732.77734375,"Shape__Length":1530.3097801311073,"GlobalID":"1081551d-36fe-40df-8d2e-df3a298c2e23","CreationDate":1545839815055,"Creator":"sigper_arcgis","EditDate":1545839815055,"Editor":"sigper_arcgis"}},{"type":"Feature","id":461,"geometry":{"type":"Polygon","coordinates":[[[-75.7061914688139,4.81350465858109],[-75.7061502215055,4.81392247637646],[-75.7044654853377,4.81374101416745],[-75.7045161008391,4.81333893343687],[-75.7061914688139,4.81350465858109]]]},"properties":{"FID":461,"ID_BAR":82,"CODSUELO":"6600101","CODCOM":"03","COMUNA":"Centro","CODBAR":"010311","NOMBRE":"Santander","NOM_POPULA":"Santander","ACT_GEOGRA":1180656000000,"NORMA":"Sin","CREACION":null,"ORIGEN_NOR":"Sin","OBSERVACIO":"Ajustado SPM","COD_SISBEN":" ","Shape_Area":8551.3075355594,"Shape__Area":8664.2041015625,"Shape__Length":468.22522421246344,"GlobalID":"48a2d452-2355-49b6-b0b0-53240f1acff9","CreationDate":1545839815055,"Creator":"sigper_arcgis","EditDate":1545839815055,"Editor":"sigper_arcgis"}},{"type":"Feature","id":462,"geometry":{"type":"Polygon","coordinates":[[[-75.6875596587006,4.81304237921448],[-75.6874978257026,4.81361387379665],[-75.6874306963013,4.81380524066405],[-75.6873403330349,4.81387749237867],[-75.6866183819817,4.81378714262696],[-75.6857796613458,4.81370178414116],[-75.6849996077087,4.81360733165531],[-75.6840943342519,4.81350313857258],[-75.6832679753973,4.81339910875432],[-75.6831841303337,4.813400551589],[-75.6830535949532,4.81336064379611],[-75.6827315101252,4.81308993086048],[-75.6826166196123,4.81290233229335],[-75.6825233749869,4.81287459690861],[-75.682092426196,4.81289293789891],[-75.6816373247957,4.81283979732234],[-75.6817127475425,4.81238261392546],[-75.6816083059556,4.81235247515045],[-75.6811368099063,4.81208422442578],[-75.6808738395468,4.81198358433068],[-75.6809382444233,4.81146802642771],[-75.6842939228255,4.81185828081926],[-75.6876337246083,4.81223408685862],[-75.6876301887689,4.81248255905763],[-75.6875664231432,4.81297978454297],[-75.6875596587006,4.81304237921448]]]},"properties":{"FID":462,"ID_BAR":83,"CODSUELO":"6600101","CODCOM":"04","COMUNA":"Villavicencio","CODBAR":"010404","NOMBRE":"Villavicencio","NOM_POPULA":"Villavicencio","ACT_GEOGRA":1168041600000,"NORMA":"Sin","CREACION":null,"ORIGEN_NOR":"Sin","OBSERVACIO":"Ajustado SPM","COD_SISBEN":"04039","Shape_Area":121074.5755499145,"Shape__Area":122670.64453125,"Shape__Length":1816.8239522419451,"GlobalID":"a68cfd5d-1732-419d-aa63-b41ddb0c1afa","CreationDate":1545839815055,"Creator":"sigper_arcgis","EditDate":1545839815055,"Editor":"sigper_arcgis"}},{"type":"Feature","id":463,"geometry":{"type":"Polygon","coordinates":[[[-75.7078772963953,4.81369521250534],[-75.7078919137135,4.81356656048056],[-75.7079090651996,4.81346406679019],[-75.7079270623027,4.81337990710736],[-75.7079401665067,4.81321427009329],[-75.708791325126,4.81311056301533],[-75.7088079121957,4.81306087907743],[-75.7096542775257,4.81309013154074],[-75.7096350468957,4.81325820546391],[-75.7095630192376,4.81386661633892],[-75.7078772963953,4.81369521250534]]]},"properties":{"FID":463,"ID_BAR":84,"CODSUELO":"6600101","CODCOM":"03","COMUNA":"Centro","CODBAR":"010302","NOMBRE":"Buenos Aires","NOM_POPULA":"Buenos Aires","ACT_GEOGRA":1168041600000,"NORMA":"Sin","CREACION":null,"ORIGEN_NOR":"Sin","OBSERVACIO":"Ajustado SPM","COD_SISBEN":"03034","Shape_Area":13834.396967433229,"Shape__Area":14017.06982421875,"Shape__Length":525.79042639312115,"GlobalID":"886343e1-475f-48f9-966e-37b95ffd744c","CreationDate":1545839815055,"Creator":"sigper_arcgis","EditDate":1545839815055,"Editor":"sigper_arcgis"}},{"type":"Feature","id":464,"geometry":{"type":"Polygon","coordinates":[[[-75.679948314547,4.81351593681267],[-75.6798265235793,4.81382016142139],[-75.6795188757943,4.81357375125896],[-75.6792313657824,4.81341469983492],[-75.6791087892695,4.81336691454545],[-75.6787274999733,4.81325769972714],[-75.6784074474494,4.81316895961099],[-75.6779921025851,4.81312115352444],[-75.6773024462843,4.81299700828312],[-75.6772139195204,4.81299016700922],[-75.6769551720768,4.81292871784864],[-75.6768242494446,4.81289347212217],[-75.6762465625763,4.81244630883412],[-75.6764248644818,4.81225843091375],[-75.67650255272,4.81217519428309],[-75.6767204444024,4.81232488027944],[-75.6770821125223,4.812513399366],[-75.6771563043051,4.81256889899006],[-75.6772220827321,4.81259428498811],[-75.6776940495294,4.81265590767538],[-75.6778959304452,4.81266600688642],[-75.6780980926076,4.81267034880044],[-75.6783269128931,4.81266829876167],[-75.6784605471919,4.81270539854049],[-75.6789018021365,4.81285444650997],[-75.6790270542235,4.81290179070947],[-75.6791788926258,4.81296776930815],[-75.6792911854858,4.81302302520485],[-75.6795902430702,4.81323833146946],[-75.6797739089366,4.81337791164468],[-75.679948314547,4.81351593681267]]]},"properties":{"FID":464,"ID_BAR":85,"CODSUELO":"6600101","CODCOM":"05","COMUNA":"Oriente","CODBAR":"010518","NOMBRE":"San Francisco","NOM_POPULA":"San Francisco","ACT_GEOGRA":1168041600000,"NORMA":"Sin","CREACION":null,"ORIGEN_NOR":"Sin","OBSERVACIO":"Ajustado SPM","COD_SISBEN":"05049","Shape_Area":19040.397094161719,"Shape__Area":19291.2880859375,"Shape__Length":937.82808937514608,"GlobalID":"3c5cae0a-5319-4e77-abd8-647e10839ed3","CreationDate":1545839815055,"Creator":"sigper_arcgis","EditDate":1545839815055,"Editor":"sigper_arcgis"}},{"type":"Feature","id":465,"geometry":{"type":"Polygon","coordinates":[[[-75.7175358855352,4.81358594042922],[-75.7175381048187,4.81348858562106],[-75.7175407121307,4.81339914385715],[-75.717554552027,4.81333750336638],[-75.7175900484019,4.81324311615692],[-75.7176307573613,4.81313196827549],[-75.7176324833537,4.81309376464711],[-75.7176290332011,4.81306077158096],[-75.7176177651634,4.81303992963596],[-75.7175935028071,4.81302343282199],[-75.7175381120824,4.81299478391108],[-75.7174445833234,4.81297394122193],[-75.717354541813,4.81296786414997],[-75.7172610140356,4.81296786256496],[-75.7171497724403,4.81298027798209],[-75.7171181189701,4.81271161617844],[-75.7171110772373,4.81268146641617],[-75.7172007328219,4.8125732686817],[-75.7172973961313,4.81247966006737],[-75.7173654648255,4.81244993522761],[-75.7174357525983,4.81242460850937],[-75.7174829743561,4.81241798574965],[-75.7175906227835,4.81243231128037],[-75.7178924407332,4.81249439793722],[-75.7181988357678,4.81256708278847],[-75.7184454022156,4.81263081094409],[-75.71825491823,4.81361491624354],[-75.7180374023615,4.81359295896003],[-75.7178771786581,4.81359295709041],[-75.7178408375816,4.81360078047989],[-75.7177373779095,4.81371214020156],[-75.7176698370502,4.81375555345999],[-75.7176299749403,4.81375382209814],[-75.7175996905502,4.81374687992921],[-75.7175728577225,4.8137286521345],[-75.717548596217,4.81370173429892],[-75.7175355330508,4.81360233110423],[-75.7175358855352,4.81358594042922]]]},"properties":{"FID":465,"ID_BAR":86,"CODSUELO":"6600101","CODCOM":"08","COMUNA":"El Jardin","CODBAR":"010806","NOMBRE":"Caminos de Maraya","NOM_POPULA":"Caminos de Maraya","ACT_GEOGRA":1180656000000,"NORMA":"Sin","CREACION":null,"ORIGEN_NOR":"Sin","OBSERVACIO":"Ajustado SPM","COD_SISBEN":" ","Shape_Area":13449.07186171047,"Shape__Area":13626.7490234375,"Shape__Length":525.674060783493,"GlobalID":"dbfd144b-f14f-4001-aeb8-8cf4442672e3","CreationDate":1545839815055,"Creator":"sigper_arcgis","EditDate":1545839815055,"Editor":"sigper_arcgis"}},{"type":"Feature","id":466,"geometry":{"type":"Polygon","coordinates":[[[-75.7061914688139,4.81350465858109],[-75.7045161008391,4.81333893343687],[-75.7046837976644,4.81200697360882],[-75.7053914099234,4.81234081335354],[-75.7054847603534,4.81236879286585],[-75.7061965644353,4.81269802255674],[-75.7062870984121,4.81272298130555],[-75.7070991899406,4.81311932909735],[-75.7073895249932,4.81325950603208],[-75.7075448872481,4.81331963247874],[-75.7077302164695,4.81335515675643],[-75.7079270623027,4.81337990710736],[-75.7079090651996,4.81346406679019],[-75.7078919137135,4.81356656048056],[-75.7078772963953,4.81369521250534],[-75.7062743277452,4.81350685151509],[-75.7061914688139,4.81350465858109]]]},"properties":{"FID":466,"ID_BAR":87,"CODSUELO":"6600101","CODCOM":"03","COMUNA":"Centro","CODBAR":"010309","NOMBRE":"Ricardo Ramirez Carmona","NOM_POPULA":"El Porvenir","ACT_GEOGRA":1180656000000,"NORMA":"30","CREACION":335059200000,"ORIGEN_NOR":"Concejo Municipal","OBSERVACIO":"Ajustado a delimitacion de la Norma de creacion","COD_SISBEN":"03290","Shape_Area":32216.41326059082,"Shape__Area":32641.68896484375,"Shape__Length":956.01662652797381,"GlobalID":"79d7d9a5-d26c-435a-a108-422ba2dcc9ca","CreationDate":1545839815055,"Creator":"sigper_arcgis","EditDate":1545839815055,"Editor":"sigper_arcgis"}},{"type":"Feature","id":467,"geometry":{"type":"Polygon","coordinates":[[[-75.7175358855352,4.81358594042922],[-75.7171663145094,4.8136058584659],[-75.7171596966413,4.81344626187935],[-75.7171497724403,4.81298027798209],[-75.7172610140356,4.81296786256496],[-75.717354541813,4.81296786414997],[-75.7174445833234,4.81297394122193],[-75.7175381120824,4.81299478391108],[-75.7175935028071,4.81302343282199],[-75.7176177651634,4.81303992963596],[-75.7176290332011,4.81306077158096],[-75.7176324833537,4.81309376464711],[-75.7176307573613,4.81313196827549],[-75.7175900484019,4.81324311615692],[-75.717554552027,4.81333750336638],[-75.7175407121307,4.81339914385715],[-75.7175381048187,4.81348858562106],[-75.7175358855352,4.81358594042922]]]},"properties":{"FID":467,"ID_BAR":88,"CODSUELO":"6600101","CODCOM":"08","COMUNA":"El Jardin","CODBAR":"010801","NOMBRE":"Alcazar de Maraya","NOM_POPULA":"Alcazar de Maraya","ACT_GEOGRA":1180656000000,"NORMA":"Sin","CREACION":null,"ORIGEN_NOR":"Sin","OBSERVACIO":"Ajustado SPM","COD_SISBEN":" ","Shape_Area":3182.23794572472,"Shape__Area":3224.27880859375,"Shape__Length":227.94941259579164,"GlobalID":"391860ad-0218-4e9f-ba89-875aef84d3b6","CreationDate":1545839815055,"Creator":"sigper_arcgis","EditDate":1545839815055,"Editor":"sigper_arcgis"}},{"type":"Feature","id":468,"geometry":{"type":"Polygon","coordinates":[[[-75.680134581034,4.81321803991218],[-75.6800501661472,4.81332301802076],[-75.6800004383985,4.81340694629058],[-75.679948314547,4.81351593681267],[-75.6797739089366,4.81337791164468],[-75.6795902430702,4.81323833146946],[-75.6792911854858,4.81302302520485],[-75.6791788926258,4.81296776930815],[-75.6790270542235,4.81290179070947],[-75.6789018021365,4.81285444650997],[-75.6792785470224,4.81246544356726],[-75.6799102960752,4.81178292805624],[-75.6796910329894,4.81157970837728],[-75.6799551215853,4.81129497575604],[-75.6805971656097,4.81195053723574],[-75.6808738395468,4.81198358433068],[-75.6811368099063,4.81208422442578],[-75.6816083059556,4.81235247515045],[-75.6817127475425,4.81238261392546],[-75.6816373247957,4.81283979732234],[-75.6816083224415,4.81316022424963],[-75.6813995424965,4.81311110897199],[-75.6813870736372,4.81316713291338],[-75.6812443178293,4.81313798131677],[-75.6807505925273,4.81300797091468],[-75.6806932998016,4.81299927762056],[-75.6806169214361,4.81299494510691],[-75.6804815933586,4.81300738716481],[-75.6803735897417,4.81303668232613],[-75.6802233258143,4.81313577470145],[-75.680134581034,4.81321803991218]]]},"properties":{"FID":468,"ID_BAR":89,"CODSUELO":"6600101","CODCOM":"05","COMUNA":"Oriente","CODBAR":"010511","NOMBRE":"Hernando Velez Marulanda","NOM_POPULA":"Hernando Velez Marulanda","ACT_GEOGRA":1168041600000,"NORMA":"Sin","CREACION":null,"ORIGEN_NOR":"Sin","OBSERVACIO":"Ajustado SPM","COD_SISBEN":"05044","Shape_Area":36409.222493862319,"Shape__Area":36889.01171875,"Shape__Length":923.4620201102,"GlobalID":"7e70092c-a1e0-424e-b333-753022d4ae7b","CreationDate":1545839815055,"Creator":"sigper_arcgis","EditDate":1545839815055,"Editor":"sigper_arcgis"}},{"type":"Feature","id":469,"geometry":{"type":"Polygon","coordinates":[[[-75.7079401665067,4.81321427009329],[-75.7079270623027,4.81337990710736],[-75.7077302164695,4.81335515675643],[-75.7075448872481,4.81331963247874],[-75.7073895249932,4.81325950603208],[-75.7070991899406,4.81311932909735],[-75.7072122924154,4.812035169195],[-75.7073110318653,4.81205882168732],[-75.708062490101,4.8122566779419],[-75.708024135733,4.81251246206561],[-75.7079678570829,4.81275874290841],[-75.7079401665067,4.81321427009329]]]},"properties":{"FID":469,"ID_BAR":90,"CODSUELO":"6600101","CODCOM":"03","COMUNA":"Centro","CODBAR":"010305","NOMBRE":"Las Garzas","NOM_POPULA":"Las Garzas","ACT_GEOGRA":1180656000000,"NORMA":"Sin","CREACION":null,"ORIGEN_NOR":"Sin","OBSERVACIO":"Ajustado SPM","COD_SISBEN":" ","Shape_Area":11894.521375216749,"Shape__Area":12051.54736328125,"Shape__Length":443.8100265820708,"GlobalID":"d4ffcaaf-1373-479f-8a60-17e539eda6a0","CreationDate":1545839815055,"Creator":"sigper_arcgis","EditDate":1545839815055,"Editor":"sigper_arcgis"}},{"type":"Feature","id":470,"geometry":{"type":"Polygon","coordinates":[[[-75.6900663098379,4.81334214204709],[-75.6875596587006,4.81304237921448],[-75.6875664231432,4.81297978454297],[-75.6876301887689,4.81248255905763],[-75.6876337246083,4.81223408685862],[-75.6876829199336,4.81220203235615],[-75.6890445037477,4.81021215222607],[-75.6893418649541,4.80991406471601],[-75.6897344044572,4.80969945403735],[-75.6900436534106,4.80965178293135],[-75.6902696539615,4.80968756062614],[-75.6904514930669,4.80977171403892],[-75.6903826467832,4.81049319688538],[-75.6900663098379,4.81334214204709]]]},"properties":{"FID":470,"ID_BAR":91,"CODSUELO":"6600101","CODCOM":"03","COMUNA":"Centro","CODBAR":"010303","NOMBRE":"La Paz","NOM_POPULA":"La Paz","ACT_GEOGRA":1168041600000,"NORMA":"Sin","CREACION":null,"ORIGEN_NOR":"Sin","OBSERVACIO":"Ajustado SPM","COD_SISBEN":"03204","Shape_Area":85222.610710484034,"Shape__Area":86346.06591796875,"Shape__Length":1228.0217999458737,"GlobalID":"90f27870-df05-472e-877c-e9b33d3334ef","CreationDate":1545839815055,"Creator":"sigper_arcgis","EditDate":1545839815055,"Editor":"sigper_arcgis"}},{"type":"Feature","id":471,"geometry":{"type":"Polygon","coordinates":[[[-75.7350249444997,4.81238341431932],[-75.7352972898023,4.81246110742746],[-75.7353682814275,4.81250286035526],[-75.7355690767435,4.81295033169194],[-75.7355506241776,4.81295995789605],[-75.7353945574128,4.8130291081356],[-75.7352183475365,4.81309905214645],[-75.7350120300404,4.81315029320485],[-75.7345566098653,4.81323636699334],[-75.7343271191851,4.81313223301721],[-75.7342170047144,4.81303795288564],[-75.7341780206331,4.81287468337314],[-75.7341206880164,4.81246765694362],[-75.7341908333763,4.81237517635408],[-75.734296578612,4.81220427470065],[-75.7343449606102,4.81208125632459],[-75.7343564398614,4.81201811327945],[-75.7343926406469,4.81207676953381],[-75.7344060574859,4.81210236188911],[-75.734430037887,4.81213653833294],[-75.7345305398857,4.81225192458281],[-75.7345482175467,4.81223853689463],[-75.7345815649353,4.81227841744342],[-75.734598256594,4.81226919823299],[-75.7346526965763,4.81220227507593],[-75.73479334076,4.81223872843547],[-75.7348167581396,4.81221899923696],[-75.7348781711521,4.81225907435883],[-75.7349199003601,4.812288639841],[-75.7350249444997,4.81238341431932]]]},"properties":{"FID":471,"ID_BAR":92,"CODSUELO":"6600101","CODCOM":"11","COMUNA":"Olimpica","CODBAR":"011118","NOMBRE":"La Glorieta","NOM_POPULA":"La Glorieta","ACT_GEOGRA":1168041600000,"NORMA":"Sin","CREACION":null,"ORIGEN_NOR":"Sin","OBSERVACIO":"Ajustado SPM","COD_SISBEN":"11106","Shape_Area":13337.04463205001,"Shape__Area":13513.41455078125,"Shape__Length":481.29435585310557,"GlobalID":"4c07a403-ac2e-4f0d-990a-c504c9e1b01b","CreationDate":1545839815055,"Creator":"sigper_arcgis","EditDate":1545839815055,"Editor":"sigper_arcgis"}},{"type":"Feature","id":472,"geometry":{"type":"Polygon","coordinates":[[[-75.7070991899406,4.81311932909735],[-75.7062870984121,4.81272298130555],[-75.7061965644353,4.81269802255674],[-75.7054847603534,4.81236879286585],[-75.7053914099234,4.81234081335354],[-75.7046837976644,4.81200697360882],[-75.7045918549885,4.81197362409207],[-75.7034639729517,4.81144320573163],[-75.7033679811807,4.81141979966981],[-75.7031705029969,4.81139229319996],[-75.7030607771252,4.81138128550627],[-75.7030860041955,4.81095299337242],[-75.7030978064994,4.81079348628547],[-75.7032127431849,4.81083769837269],[-75.7034002181762,4.81093375207973],[-75.7036931560515,4.81111107455428],[-75.7039681342245,4.81129853305758],[-75.7041965258262,4.81145421607061],[-75.7044182281866,4.81158229310007],[-75.7046327477209,4.81169295357701],[-75.7048118780224,4.81176604635371],[-75.7050666124344,4.81183765699935],[-75.7051257715394,4.8118508171572],[-75.7051763377101,4.81186210578557],[-75.705353392689,4.81188298819396],[-75.7056064042389,4.81189154415355],[-75.7067007780682,4.81195440225122],[-75.7067289142585,4.81195788254028],[-75.7070048846997,4.8119919964802],[-75.7071710572187,4.81202529443574],[-75.7072122924154,4.812035169195],[-75.7070991899406,4.81311932909735]]]},"properties":{"FID":472,"ID_BAR":93,"CODSUELO":"6600101","CODCOM":"03","COMUNA":"Centro","CODBAR":"010312","NOMBRE":"Sector 30 de Agosto","NOM_POPULA":"Av. 30 de Agosto","ACT_GEOGRA":1168041600000,"NORMA":"Sin","CREACION":null,"ORIGEN_NOR":"Sin","OBSERVACIO":"Ajustado SPM","COD_SISBEN":"03256","Shape_Area":28379.812671821139,"Shape__Area":28754.35693359375,"Shape__Length":1169.1788874701901,"GlobalID":"80351476-d3f5-43a6-a8f7-96d93ac91d2b","CreationDate":1545839815055,"Creator":"sigper_arcgis","EditDate":1545839815055,"Editor":"sigper_arcgis"}},{"type":"Feature","id":473,"geometry":{"type":"Polygon","coordinates":[[[-75.7171110772373,4.81268146641617],[-75.7171181189701,4.81271161617844],[-75.7171497724403,4.81298027798209],[-75.717049236652,4.8130116447357],[-75.7169696524208,4.8130407507333],[-75.7168793635629,4.81308388067837],[-75.7168395714798,4.81310544594928],[-75.7168008714883,4.81310759977862],[-75.7167438602694,4.81310759970382],[-75.7166895954442,4.81309244415694],[-75.7166465998717,4.81305577661196],[-75.7166089921445,4.81300079379332],[-75.7165606100513,4.81290377359694],[-75.7165142703283,4.81279032814155],[-75.7163291528339,4.81263915390059],[-75.7162106264152,4.81239417636053],[-75.7161547080003,4.81234134743532],[-75.7161009367368,4.81230144803641],[-75.716020297663,4.81225508335905],[-75.7159805415202,4.81223999838382],[-75.7159074374191,4.81225400419216],[-75.7158547223502,4.81227125925828],[-75.7158041892967,4.8123079250666],[-75.7157117516316,4.81240926970925],[-75.7156099814113,4.81251942734274],[-75.7155546244382,4.81258583672642],[-75.7155193037517,4.81263075167751],[-75.7154994787029,4.81264889068424],[-75.7154736308557,4.81265839207836],[-75.715441762831,4.81265839159096],[-75.7154159508394,4.81265666020906],[-75.7153961255107,4.81263505889675],[-75.7153763011822,4.81260570443699],[-75.7153633780771,4.81256336713756],[-75.715359082693,4.81250635354826],[-75.7153616556397,4.81237766600287],[-75.7153589470542,4.81221835216975],[-75.7153416929785,4.8121423338877],[-75.7153201783069,4.81210692070843],[-75.7152700700183,4.81204872244552],[-75.7152339055618,4.81203575739122],[-75.7151779151439,4.81203142974876],[-75.7151055507783,4.81203058066929],[-75.7150426591855,4.81203921596395],[-75.7149883935944,4.81205216185958],[-75.7149439182081,4.81206678537747],[-75.7149189519706,4.81207800079332],[-75.7149068733682,4.81209182940115],[-75.7149068733341,4.81210996919956],[-75.7149042997522,4.8122611404861],[-75.714911234781,4.81238520021309],[-75.7148983104325,4.81243184601244],[-75.7148767589075,4.81246208408258],[-75.7148431643921,4.8124923206436],[-75.7147957664569,4.81250959349176],[-75.7146028289628,4.81254673438498],[-75.7145091961192,4.81250360082968],[-75.7143636231939,4.81242929371088],[-75.714328303092,4.81242498297585],[-75.7143127738036,4.81243015830852],[-75.7143050266945,4.81245608635996],[-75.7143127716205,4.81256665200321],[-75.7143093553671,4.81258825289671],[-75.7142955509428,4.81260206447027],[-75.7142679783851,4.81260466083093],[-75.7142188906836,4.81258478910103],[-75.7141310335476,4.81251913720071],[-75.7140599374393,4.81246201604678],[-75.7140356754887,4.81243723531318],[-75.7139685944738,4.81236872210857],[-75.7138227764825,4.81222155690941],[-75.7136815017089,4.81208248211282],[-75.7134908571195,4.81189555820441],[-75.7133691254608,4.81174060490704],[-75.7133208835771,4.81167754921098],[-75.7132778191838,4.81158598740319],[-75.7132339087642,4.81153414700365],[-75.7130975631794,4.81142485062885],[-75.7130906614207,4.81140324896119],[-75.7131208075666,4.81125640559029],[-75.7131242240877,4.81120933578325],[-75.7131095760911,4.81116615154989],[-75.7130906316868,4.81113850928995],[-75.7130665101514,4.81114281847745],[-75.7129088568002,4.81119119200048],[-75.7128017003507,4.81122737974223],[-75.7127732473749,4.81122047361993],[-75.7127319067703,4.81120146806273],[-75.712692292318,4.81116691990365],[-75.7126612690412,4.81114012583302],[-75.7126009833909,4.81111507939497],[-75.7123963917439,4.8110916548053],[-75.7122921590142,4.81110288567476],[-75.7121595084221,4.81111582967271],[-75.7120495346253,4.81113310070566],[-75.7119806212178,4.81115123878661],[-75.7119194543831,4.81117630024789],[-75.7118686402603,4.8112151556792],[-75.7118255728898,4.81124366170351],[-75.7117342626233,4.81127391521382],[-75.7116553481318,4.81130529923103],[-75.7116105554196,4.81131999330826],[-75.7115855539531,4.81132085804901],[-75.7114468820162,4.81131135308695],[-75.7112677144597,4.81129751960768],[-75.7111681296149,4.81129232398171],[-75.7111000962894,4.811296649839],[-75.7110751296435,4.81130355549536],[-75.7110475568602,4.81130268922364],[-75.7110346338062,4.81127764369378],[-75.7110346347858,4.81124913718068],[-75.7110518564595,4.81115497964383],[-75.7110759453278,4.81105181527218],[-75.7110880265715,4.81091014589681],[-75.7110707747961,4.81078712788162],[-75.711040634798,4.81064374467905],[-75.7110552151301,4.81057300758838],[-75.7110611324982,4.8105174248859],[-75.7110541958993,4.81049163739472],[-75.711029475881,4.81046978842317],[-75.7108750657472,4.81038641892992],[-75.7106151217051,4.81022709897461],[-75.7104518382476,4.81010898794222],[-75.7103588039613,4.81006929780518],[-75.7101945332397,4.8100246261616],[-75.7101446012432,4.8099786679713],[-75.7101237903704,4.80995023087973],[-75.7100980847726,4.80991513557637],[-75.7100337875639,4.8098000113157],[-75.7099831179065,4.80967842243494],[-75.709929668277,4.80948985866401],[-75.7098742411469,4.80949879419672],[-75.7097356753501,4.80952259983193],[-75.7095381958073,4.80955615300545],[-75.7094787894685,4.80956210347466],[-75.7094273420805,4.80956111326244],[-75.7092234552053,4.80955118223713],[-75.7089159344703,4.80953527779186],[-75.7087932494335,4.80952635509162],[-75.7087321191709,4.80950789630947],[-75.7087189493068,4.80948555337997],[-75.7086801813225,4.80939826542854],[-75.7086429272037,4.809324153425],[-75.7085962354116,4.80928126821183],[-75.7085141901787,4.80915840753175],[-75.7084441874937,4.80907724682828],[-75.7083616490074,4.80900869772754],[-75.7083023852048,4.80898077185335],[-75.7082061456871,4.80896858256572],[-75.7081394865114,4.80898218016723],[-75.7078449561818,4.80907816667133],[-75.7078090032367,4.80907410390298],[-75.7077720293704,4.80905327891238],[-75.7077218874072,4.80896595541815],[-75.7077003396556,4.80884182410932],[-75.7076867502405,4.80874443340163],[-75.7076777732726,4.80866505882037],[-75.7076559788172,4.80855299155368],[-75.707638760328,4.80850019843029],[-75.7076084430133,4.80844456104591],[-75.7075803443456,4.80840342455044],[-75.707554075002,4.80837092540233],[-75.7075094958672,4.80832574449876],[-75.7074674520896,4.80829983217013],[-75.7074552329809,4.80830098014861],[-75.7075395483363,4.80779727160944],[-75.7076595544774,4.80785632039129],[-75.707890483042,4.8079530098432],[-75.7081643019908,4.80804118793287],[-75.7084324882019,4.80809294492589],[-75.7087362059678,4.80809804017895],[-75.7090828846876,4.80808860039423],[-75.7095518958373,4.8080646266634],[-75.7099581215427,4.80803337463597],[-75.710809168837,4.80788291263322],[-75.710994640483,4.80782116916101],[-75.7116967851499,4.8085269518575],[-75.711795557767,4.80860219603271],[-75.7129600640963,4.80909012352303],[-75.7130503157794,4.8091654725538],[-75.7131005300068,4.80920738641078],[-75.7131456369963,4.8092973231782],[-75.7131823272178,4.80939920006713],[-75.7132041582771,4.80949289897922],[-75.7132833174375,4.80955579598081],[-75.7141135465706,4.80980799371269],[-75.7141616480665,4.80982881900295],[-75.7142129538838,4.80986479808868],[-75.7142474634033,4.80990095329037],[-75.7144422250901,4.81019139543463],[-75.7146439592702,4.81048383320352],[-75.71482224205,4.8107532041571],[-75.7150020044708,4.81102543577025],[-75.715230148847,4.81134482641145],[-75.7152961730027,4.81143863185489],[-75.7153787129434,4.8115306007615],[-75.7154979459108,4.81162624391269],[-75.7155969654859,4.81169060709775],[-75.7159216360211,4.81181016830831],[-75.7161212970477,4.81187928371912],[-75.7161799979459,4.81191238454847],[-75.7162350368487,4.81195835989213],[-75.7163230691746,4.81207791693001],[-75.7164440965833,4.81227840380206],[-75.716513818708,4.81233909211333],[-75.7165835065366,4.81236669926784],[-75.7167027410965,4.81238323319062],[-75.7168916281677,4.81239980326299],[-75.7169430045635,4.81241267931436],[-75.7169980086702,4.81244945310525],[-75.7170493852078,4.81249175515669],[-75.7170842453595,4.81255797164371],[-75.7171007247922,4.81263706397673],[-75.7171110772373,4.81268146641617]]]},"properties":{"FID":473,"ID_BAR":94,"CODSUELO":"6600101","CODCOM":"08","COMUNA":"El Jardin","CODBAR":"010809","NOMBRE":"Jardin I","NOM_POPULA":"Jardin I","ACT_GEOGRA":1168041600000,"NORMA":"Sin","CREACION":null,"ORIGEN_NOR":"Sin","OBSERVACIO":"Ajustado SPM","COD_SISBEN":"08261","Shape_Area":199856.41737803956,"Shape__Area":202494.00927734375,"Shape__Length":3008.01356375305,"GlobalID":"6e649a2c-0e96-41e0-bb7a-1707285d9a78","CreationDate":1545839815055,"Creator":"sigper_arcgis","EditDate":1545839815055,"Editor":"sigper_arcgis"}},{"type":"Feature","id":474,"geometry":{"type":"Polygon","coordinates":[[[-75.7125233479973,4.81230742291496],[-75.7124522506525,4.81231252564512],[-75.7122186041978,4.81241485666729],[-75.7120359840203,4.81247410978087],[-75.7117701557446,4.81243639467184],[-75.7112308564072,4.81237528887342],[-75.7109844142086,4.81302742716259],[-75.7106276639455,4.81297067051723],[-75.7096978113965,4.81272388811417],[-75.7097511041435,4.8121316726134],[-75.710384070688,4.81224568096932],[-75.7104811946459,4.8120701196442],[-75.7105574707032,4.81197856054518],[-75.7105959960957,4.81188994967995],[-75.710633993518,4.81184100837484],[-75.7107238952305,4.81178548040054],[-75.7108277087459,4.81167723081488],[-75.7108848625601,4.81159748717242],[-75.7109467346255,4.81153019453202],[-75.7109862812523,4.81146314998406],[-75.7110057920146,4.81136312885622],[-75.7110185050334,4.81133352683525],[-75.7110475568602,4.81130268922364],[-75.7110751296435,4.81130355549536],[-75.7111000962894,4.811296649839],[-75.7111681296149,4.81129232398171],[-75.7112677144597,4.81129751960768],[-75.7114468820162,4.81131135308695],[-75.7115855539531,4.81132085804901],[-75.7116105554196,4.81131999330826],[-75.7116553481318,4.81130529923103],[-75.7117342626233,4.81127391521382],[-75.7118255728898,4.81124366170351],[-75.7118686402603,4.8112151556792],[-75.7119194543831,4.81117630024789],[-75.7119806212178,4.81115123878661],[-75.7120495346253,4.81113310070566],[-75.7121595084221,4.81111582967271],[-75.7122921590142,4.81110288567476],[-75.7123963917439,4.8110916548053],[-75.7126009833909,4.81111507939497],[-75.7126612690412,4.81114012583302],[-75.712692292318,4.81116691990365],[-75.7127319067703,4.81120146806273],[-75.7127732473749,4.81122047361993],[-75.7128017003507,4.81122737974223],[-75.7129088568002,4.81119119200048],[-75.7130665101514,4.81114281847745],[-75.7130906316868,4.81113850928995],[-75.7131095760911,4.81116615154989],[-75.7131242240877,4.81120933578325],[-75.7131208075666,4.81125640559029],[-75.7130906614207,4.81140324896119],[-75.7130975631794,4.81142485062885],[-75.7132339087642,4.81153414700365],[-75.7132778191838,4.81158598740319],[-75.7133208835771,4.81167754921098],[-75.7132440769752,4.81195874867125],[-75.7131896687134,4.81211256879896],[-75.7130129296413,4.81213398952805],[-75.7128595037143,4.81210904748693],[-75.7126689588155,4.81221780792816],[-75.7125233479973,4.81230742291496]]]},"properties":{"FID":474,"ID_BAR":95,"CODSUELO":"6600101","CODCOM":"08","COMUNA":"El Jardin","CODBAR":"010819","NOMBRE":"Mayorca","NOM_POPULA":"Mayorca","ACT_GEOGRA":1180656000000,"NORMA":"Sin","CREACION":null,"ORIGEN_NOR":"Sin","OBSERVACIO":"Ajustado SPM","COD_SISBEN":" ","Shape_Area":45206.58451022338,"Shape__Area":45803.43017578125,"Shape__Length":1083.8562001694133,"GlobalID":"40db9539-8e8f-4f6d-88da-332c91e63842","CreationDate":1545839815055,"Creator":"sigper_arcgis","EditDate":1545839815055,"Editor":"sigper_arcgis"}},{"type":"Feature","id":475,"geometry":{"type":"Polygon","coordinates":[[[-75.7140356754887,4.81243723531318],[-75.713768567805,4.81300934711469],[-75.7135865143167,4.81288487776692],[-75.7133327304171,4.81272997439197],[-75.7128697441268,4.8124447719825],[-75.7127086418944,4.81235589177081],[-75.7125233479973,4.81230742291496],[-75.7126689588155,4.81221780792816],[-75.7128595037143,4.81210904748693],[-75.7130129296413,4.81213398952805],[-75.7131896687134,4.81211256879896],[-75.7132440769752,4.81195874867125],[-75.7133208835771,4.81167754921098],[-75.7133691254608,4.81174060490704],[-75.7134908571195,4.81189555820441],[-75.7136815017089,4.81208248211282],[-75.7138227764825,4.81222155690941],[-75.7139685944738,4.81236872210857],[-75.7140356754887,4.81243723531318]]]},"properties":{"FID":475,"ID_BAR":96,"CODSUELO":"6600101","CODCOM":"08","COMUNA":"El Jardin","CODBAR":"010808","NOMBRE":"Jardin de Velez Y Velez","NOM_POPULA":"Jardin de Velez Y Velez","ACT_GEOGRA":1168041600000,"NORMA":"Sin","CREACION":null,"ORIGEN_NOR":"Sin","OBSERVACIO":"Ajustado SPM, Visita de campo","COD_SISBEN":" ","Shape_Area":10032.23152314298,"Shape__Area":10164.7099609375,"Shape__Length":478.53051932819159,"GlobalID":"cb55f9f9-7b62-4b0d-b77b-e2901b94bda7","CreationDate":1545839815055,"Creator":"sigper_arcgis","EditDate":1545839815055,"Editor":"sigper_arcgis"}},{"type":"Feature","id":476,"geometry":{"type":"Polygon","coordinates":[[[-75.6789018021365,4.81285444650997],[-75.6784605471919,4.81270539854049],[-75.6783643842855,4.8126139545134],[-75.678293680247,4.81253761323855],[-75.6782356881805,4.81246810730665],[-75.6785419636528,4.81217956311783],[-75.6786472820325,4.81227093732927],[-75.6792785470224,4.81246544356726],[-75.6789018021365,4.81285444650997]]]},"properties":{"FID":476,"ID_BAR":97,"CODSUELO":"6600101","CODCOM":"05","COMUNA":"Oriente","CODBAR":"010507","NOMBRE":"Castano Robledo","NOM_POPULA":"Castano Robledo","ACT_GEOGRA":1180656000000,"NORMA":"Sin","CREACION":null,"ORIGEN_NOR":"Sin","OBSERVACIO":"Ajustado SPM","COD_SISBEN":" ","Shape_Area":4550.671237413,"Shape__Area":4610.63232421875,"Shape__Length":284.77899569468156,"GlobalID":"6c8941ff-ac48-482f-9212-a884afbabbb0","CreationDate":1545839815055,"Creator":"sigper_arcgis","EditDate":1545839815055,"Editor":"sigper_arcgis"}},{"type":"Feature","id":477,"geometry":{"type":"Polygon","coordinates":[[[-75.7096978113965,4.81272388811417],[-75.7092803175202,4.8126130993812],[-75.7088051802936,4.81247385528376],[-75.7088682285348,4.81187303956312],[-75.7089110983542,4.81132724075487],[-75.7094351495935,4.81135846302826],[-75.7098159127932,4.81153474208198],[-75.7098097835029,4.81161605899865],[-75.7097511041435,4.8121316726134],[-75.7096978113965,4.81272388811417]]]},"properties":{"FID":477,"ID_BAR":98,"CODSUELO":"6600101","CODCOM":"08","COMUNA":"El Jardin","CODBAR":"010823","NOMBRE":"Rincon de Las Quintas","NOM_POPULA":"Rincon de Las Quintas","ACT_GEOGRA":1180656000000,"NORMA":"Sin","CREACION":null,"ORIGEN_NOR":"Sin","OBSERVACIO":"Ajustado SPM","COD_SISBEN":" ","Shape_Area":13641.277609918,"Shape__Area":13821.35302734375,"Shape__Length":470.55396156998449,"GlobalID":"99ffc639-73e7-4398-b94d-e1859e799421","CreationDate":1545839815055,"Creator":"sigper_arcgis","EditDate":1545839815055,"Editor":"sigper_arcgis"}},{"type":"Feature","id":478,"geometry":{"type":"Polygon","coordinates":[[[-75.6785419636528,4.81217956311783],[-75.6782356881805,4.81246810730665],[-75.678293680247,4.81253761323855],[-75.6783643842855,4.8126139545134],[-75.6784605471919,4.81270539854049],[-75.6783269128931,4.81266829876167],[-75.6780980926076,4.81267034880044],[-75.6778959304452,4.81266600688642],[-75.6776940495294,4.81265590767538],[-75.6772220827321,4.81259428498811],[-75.6771563043051,4.81256889899006],[-75.6770821125223,4.812513399366],[-75.6767204444024,4.81232488027944],[-75.67650255272,4.81217519428309],[-75.6764248644818,4.81225843091375],[-75.6763889503822,4.81220081411905],[-75.6763487046765,4.81214957271875],[-75.6763013103968,4.81210108657299],[-75.6762583170424,4.81206521085878],[-75.6761540190043,4.81198542281049],[-75.6759801051231,4.81188741973077],[-75.675171516583,4.81105788468527],[-75.677304570604,4.80893141551956],[-75.6774556342792,4.80898393691743],[-75.6780564656916,4.80926726487842],[-75.6783717219519,4.80943066379631],[-75.678527220685,4.80950393817992],[-75.6794640417872,4.81009003788394],[-75.6795243596819,4.81013887853287],[-75.6796073895695,4.81020324565213],[-75.6799960080558,4.81072646459844],[-75.6804176250917,4.81121589766131],[-75.6806090734917,4.81135153921481],[-75.6809382444233,4.81146802642771],[-75.6808738395468,4.81198358433068],[-75.6805971656097,4.81195053723574],[-75.6799551215853,4.81129497575604],[-75.6796910329894,4.81157970837728],[-75.6794008190391,4.81131072695736],[-75.6785419636528,4.81217956311783]]]},"properties":{"FID":478,"ID_BAR":99,"CODSUELO":"6600101","CODCOM":"05","COMUNA":"Oriente","CODBAR":"010502","NOMBRE":"Alfonso Lopez","NOM_POPULA":"Alfonso Lopez","ACT_GEOGRA":1168041600000,"NORMA":"Sin","CREACION":null,"ORIGEN_NOR":"Sin","OBSERVACIO":"Ajustado SPM","COD_SISBEN":"05040","Shape_Area":138122.62622623958,"Shape__Area":139941.8359375,"Shape__Length":1777.5927405459133,"GlobalID":"65366bd9-fdc8-4868-99cf-8f95780ea64d","CreationDate":1545839815055,"Creator":"sigper_arcgis","EditDate":1545839815055,"Editor":"sigper_arcgis"}},{"type":"Feature","id":479,"geometry":{"type":"Polygon","coordinates":[[[-75.7088051802936,4.81247385528376],[-75.7083047952385,4.81232721020293],[-75.708362030981,4.81181479355631],[-75.7083953892428,4.81143701503316],[-75.7080967599989,4.81070195579146],[-75.7087077945703,4.81053437483009],[-75.7088013129063,4.81089113801642],[-75.7089110983542,4.81132724075487],[-75.7088682285348,4.81187303956312],[-75.7088051802936,4.81247385528376]]]},"properties":{"FID":479,"ID_BAR":100,"CODSUELO":"6600101","CODCOM":"08","COMUNA":"El Jardin","CODBAR":"010817","NOMBRE":"Los Quimbayas","NOM_POPULA":"Los Quimbayas","ACT_GEOGRA":1180656000000,"NORMA":"Sin","CREACION":null,"ORIGEN_NOR":"Sin","OBSERVACIO":"Ajustado SPM","COD_SISBEN":" ","Shape_Area":12117.71095672557,"Shape__Area":12277.64697265625,"Shape__Length":537.22826821547073,"GlobalID":"37e144de-8d5e-4524-853c-dfafccf92bd4","CreationDate":1545839815055,"Creator":"sigper_arcgis","EditDate":1545839815055,"Editor":"sigper_arcgis"}},{"type":"Feature","id":480,"geometry":{"type":"Polygon","coordinates":[[[-75.6785419636528,4.81217956311783],[-75.6794008190391,4.81131072695736],[-75.6796910329894,4.81157970837728],[-75.6799102960752,4.81178292805624],[-75.6792785470224,4.81246544356726],[-75.6786472820325,4.81227093732927],[-75.6785419636528,4.81217956311783]]]},"properties":{"FID":480,"ID_BAR":101,"CODSUELO":"6600101","CODCOM":"05","COMUNA":"Oriente","CODBAR":"010504","NOMBRE":"Antonio Narino","NOM_POPULA":"Antonio Narino","ACT_GEOGRA":1180656000000,"NORMA":"88","CREACION":470534400000,"ORIGEN_NOR":"Concejo Municipal","OBSERVACIO":"Ajustado a delimitacion de la Norma de creacion","COD_SISBEN":"05209","Shape_Area":9627.43911928966,"Shape__Area":9754.28076171875,"Shape__Length":406.52181715046572,"GlobalID":"ae09cc53-9791-4b10-9bf6-b4ccd7b2ca95","CreationDate":1545839815055,"Creator":"sigper_arcgis","EditDate":1545839815055,"Editor":"sigper_arcgis"}},{"type":"Feature","id":481,"geometry":{"type":"Polygon","coordinates":[[[-75.6762465625763,4.81244630883412],[-75.6761365610163,4.8123611155409],[-75.6758165505216,4.8121836568393],[-75.6757007696956,4.81214952426532],[-75.6752650039459,4.81207440894378],[-75.6750256609344,4.81199847853226],[-75.6748350218423,4.81188244047514],[-75.6745830817428,4.81167768047785],[-75.674561044891,4.8115882186213],[-75.6747843530928,4.81136327170498],[-75.6748348826872,4.81139096972063],[-75.675171516583,4.81105788468527],[-75.6759801051231,4.81188741973077],[-75.6761540190043,4.81198542281049],[-75.6762583170424,4.81206521085878],[-75.6763013103968,4.81210108657299],[-75.6763487046765,4.81214957271875],[-75.6763889503822,4.81220081411905],[-75.6764248644818,4.81225843091375],[-75.6762465625763,4.81244630883412]]]},"properties":{"FID":481,"ID_BAR":102,"CODSUELO":"6600101","CODCOM":"05","COMUNA":"Oriente","CODBAR":"010506","NOMBRE":"Brisas Del Otun","NOM_POPULA":"Brisas Del Otun","ACT_GEOGRA":1180656000000,"NORMA":"39","CREACION":863222400000,"ORIGEN_NOR":"Concejo Municipal","OBSERVACIO":"Ajustado a delimitacion de la Norma de creacion","COD_SISBEN":"05042","Shape_Area":12470.51149534947,"Shape__Area":12634.763671875,"Shape__Length":536.44056289724335,"GlobalID":"a880d892-7146-4da1-9eb2-848a34a1fd92","CreationDate":1545839815055,"Creator":"sigper_arcgis","EditDate":1545839815055,"Editor":"sigper_arcgis"}},{"type":"Feature","id":482,"geometry":{"type":"Polygon","coordinates":[[[-75.7343926406469,4.81207676953381],[-75.7343955975257,4.81199727151841],[-75.734409400497,4.81189211058598],[-75.7344247176838,4.81183467248837],[-75.7344450715911,4.81183756856637],[-75.7344717628437,4.81180510493392],[-75.7344906377202,4.81178415715247],[-75.7345137728779,4.8118035677365],[-75.7346170214474,4.81188695026866],[-75.7347209347334,4.81171168641385],[-75.7347537531922,4.81165174060489],[-75.7347379429389,4.81164303316649],[-75.7348089316839,4.81147972651935],[-75.7347803377817,4.81145250947832],[-75.7348307276288,4.81132392778983],[-75.7348841808016,4.81121277787301],[-75.7350049963418,4.81095840410145],[-75.735039223031,4.81088895575832],[-75.7350508785247,4.81085493819582],[-75.7350573576182,4.81081850110941],[-75.7350578144428,4.81079969034542],[-75.7350512291348,4.81076062200316],[-75.7350381641043,4.81072427295307],[-75.735027142186,4.81068836549581],[-75.7349856945025,4.81060346313512],[-75.7349029762901,4.81050056456789],[-75.734898784929,4.81044294965248],[-75.734787648118,4.81026387326896],[-75.7355254770232,4.80987693649505],[-75.7359503673018,4.80996190447938],[-75.7359305082602,4.81008373891868],[-75.7358990651197,4.81025700598781],[-75.7359591760075,4.81035222243588],[-75.7359882297208,4.81050595443321],[-75.735899879736,4.81063635640708],[-75.7358931925187,4.81087347262643],[-75.7359542542682,4.81092448064084],[-75.7360921546297,4.81119313960082],[-75.7359942625846,4.81136577218107],[-75.735958029837,4.81148813666875],[-75.7359065125468,4.81154271448098],[-75.7352552047302,4.81213619323103],[-75.7352400274194,4.81214664948791],[-75.7350249444997,4.81238341431932],[-75.7349199003601,4.812288639841],[-75.7348781711521,4.81225907435883],[-75.7348167581396,4.81221899923696],[-75.73479334076,4.81223872843547],[-75.7346526965763,4.81220227507593],[-75.734598256594,4.81226919823299],[-75.7345815649353,4.81227841744342],[-75.7345482175467,4.81223853689463],[-75.7345305398857,4.81225192458281],[-75.734430037887,4.81213653833294],[-75.7344060574859,4.81210236188911],[-75.7343926406469,4.81207676953381]]]},"properties":{"FID":482,"ID_BAR":103,"CODSUELO":"6600101","CODCOM":"11","COMUNA":"Olimpica","CODBAR":"011135","NOMBRE":"Santa Monica","NOM_POPULA":"Santa Monica","ACT_GEOGRA":1180656000000,"NORMA":"Sin","CREACION":null,"ORIGEN_NOR":"Sin","OBSERVACIO":"Ajustado SPM","COD_SISBEN":" ","Shape_Area":28505.57756537661,"Shape__Area":28882.42236328125,"Shape__Length":826.20368270857841,"GlobalID":"35c6fe86-75c6-43b7-9eef-008a7c7599cf","CreationDate":1545839815055,"Creator":"sigper_arcgis","EditDate":1545839815055,"Editor":"sigper_arcgis"}},{"type":"Feature","id":483,"geometry":{"type":"Polygon","coordinates":[[[-75.7083047952385,4.81232721020293],[-75.7080786881284,4.81226095232778],[-75.708062490101,4.8122566779419],[-75.7073110318653,4.81205882168732],[-75.7072122924154,4.812035169195],[-75.7071710572187,4.81202529443574],[-75.7070048846997,4.8119919964802],[-75.7067289142585,4.81195788254028],[-75.7068874643769,4.81136273830911],[-75.7061105091181,4.81127998565864],[-75.7062102131117,4.810818013367],[-75.7054812189956,4.81074497585565],[-75.7057529581419,4.8097766311931],[-75.7058026091076,4.80979440082276],[-75.7059681458498,4.80990414215619],[-75.7060044857985,4.80993683612172],[-75.7060244864758,4.8099422057659],[-75.7060859347652,4.80992643543301],[-75.7061883741544,4.80985374014027],[-75.7062320391301,4.8098441158671],[-75.7062846841067,4.80985415012681],[-75.7063378561575,4.80986965855434],[-75.7063675053425,4.80988082267695],[-75.7065281491253,4.80995248275634],[-75.7065987510198,4.81000474780942],[-75.7066203012458,4.81000904021898],[-75.7066836165827,4.80998214294023],[-75.7067089009079,4.80996462183871],[-75.706925326493,4.80989240716652],[-75.7069719505785,4.80986589755016],[-75.7070423083788,4.80983834631036],[-75.7070752681897,4.80982990463045],[-75.7071418233535,4.80978543368328],[-75.7072274283201,4.80977072347248],[-75.707293665799,4.8097751582039],[-75.707458851359,4.80984930883654],[-75.7075503698249,4.80992850953743],[-75.7075933300389,4.80995000564459],[-75.7076147747,4.80995707143424],[-75.7076494246591,4.8099633248278],[-75.7076865750832,4.80996346735695],[-75.7077121408829,4.8099593167593],[-75.7077255925726,4.80995426577146],[-75.7077472137992,4.80994333319824],[-75.7077655960035,4.80992927514006],[-75.707791020942,4.80990000886613],[-75.7078682369833,4.81018043567847],[-75.7080157328157,4.81071588967176],[-75.7080967599989,4.81070195579146],[-75.7083953892428,4.81143701503316],[-75.708362030981,4.81181479355631],[-75.7083047952385,4.81232721020293]]]},"properties":{"FID":483,"ID_BAR":104,"CODSUELO":"6600101","CODCOM":"08","COMUNA":"El Jardin","CODBAR":"010813","NOMBRE":"Las Mangas","NOM_POPULA":"Las Mangas","ACT_GEOGRA":1180656000000,"NORMA":"Sin","CREACION":null,"ORIGEN_NOR":"Sin","OBSERVACIO":"Ajustado SPM","COD_SISBEN":" ","Shape_Area":54734.3881253181,"Shape__Area":55456.65283203125,"Shape__Length":1128.7642285943975,"GlobalID":"0552f987-579a-4fa9-92cd-a4317cbb0a45","CreationDate":1545839815055,"Creator":"sigper_arcgis","EditDate":1545839815055,"Editor":"sigper_arcgis"}},{"type":"Feature","id":484,"geometry":{"type":"Polygon","coordinates":[[[-75.702611691511,4.81146225106973],[-75.7029154131603,4.81140602510116],[-75.7030607771252,4.81138128550627],[-75.7031705029969,4.81139229319996],[-75.7033679811807,4.81141979966981],[-75.7034639729517,4.81144320573163],[-75.7033724928872,4.81231914613479],[-75.7025281373308,4.8122273609356],[-75.702611691511,4.81146225106973]]]},"properties":{"FID":484,"ID_BAR":105,"CODSUELO":"6600101","CODCOM":"03","COMUNA":"Centro","CODBAR":"010306","NOMBRE":"Los Nogales","NOM_POPULA":"Los Nogales","ACT_GEOGRA":1168041600000,"NORMA":"Sin","CREACION":null,"ORIGEN_NOR":"Sin","OBSERVACIO":"Ajustado SPM","COD_SISBEN":"03286","Shape_Area":8984.18484839307,"Shape__Area":9102.73095703125,"Shape__Length":375.1900096238827,"GlobalID":"349612b6-0911-42c6-89cd-79e8a223def0","CreationDate":1545839815055,"Creator":"sigper_arcgis","EditDate":1545839815055,"Editor":"sigper_arcgis"}},{"type":"Feature","id":485,"geometry":{"type":"Polygon","coordinates":[[[-75.731748430565,4.8119522929977],[-75.7316281386392,4.81177021296939],[-75.7316820497454,4.81155741751057],[-75.7318877685094,4.81142851672133],[-75.7320936621106,4.81130095871965],[-75.7322103601169,4.81122919554682],[-75.7322593075368,4.81121902215883],[-75.7322662096869,4.81130639674835],[-75.7322914239097,4.81135929509799],[-75.732351075795,4.81139838148323],[-75.7324978825127,4.81139838041495],[-75.7325735926019,4.81138228947559],[-75.7327116648178,4.81133859152601],[-75.7328768178749,4.81130409519429],[-75.7329708389284,4.81132249855628],[-75.7330442597737,4.8113661766732],[-75.7331435289803,4.81148684482157],[-75.7332628000756,4.8117121963329],[-75.733297205085,4.81176968735438],[-75.7333723511122,4.811797663555],[-75.7333753817035,4.8119980423732],[-75.7326902964521,4.81202466541632],[-75.7327129409636,4.81221455245821],[-75.7324619367267,4.8122312634795],[-75.732282803785,4.81225788117322],[-75.7319692590985,4.81228282280979],[-75.7319635189138,4.812207263851],[-75.7319325291119,4.81193074344784],[-75.731748430565,4.8119522929977]]]},"properties":{"FID":485,"ID_BAR":106,"CODSUELO":"6600101","CODCOM":"12","COMUNA":"Ferrocarril","CODBAR":"011211","NOMBRE":"Torres de San Mateo","NOM_POPULA":"Torres de San Mateo","ACT_GEOGRA":1180656000000,"NORMA":"Sin","CREACION":null,"ORIGEN_NOR":"Sin","OBSERVACIO":"Ajustado SPM","COD_SISBEN":" ","Shape_Area":14475.063879668491,"Shape__Area":14666.4169921875,"Shape__Length":553.81311689026813,"GlobalID":"65d1e713-989c-4cce-9293-e7acc0219eee","CreationDate":1545839815055,"Creator":"sigper_arcgis","EditDate":1545839815055,"Editor":"sigper_arcgis"}},{"type":"Feature","id":486,"geometry":{"type":"Polygon","coordinates":[[[-75.7511968755751,4.8105587525888],[-75.7507638204474,4.81064643525137],[-75.7506909935364,4.81073031725341],[-75.7506048293975,4.8107906256549],[-75.7506300550118,4.81080050619595],[-75.750484475377,4.81096818461923],[-75.7505305570019,4.8108816329063],[-75.7506194015907,4.81016734657725],[-75.7512004030726,4.80985100117486],[-75.7564367437735,4.81154414397407],[-75.7563672226936,4.81188384093465],[-75.755980423058,4.81189992957317],[-75.7559720424309,4.81212000383486],[-75.7511968755751,4.8105587525888]]]},"properties":{"FID":486,"ID_BAR":107,"CODSUELO":"6600101","CODCOM":"12","COMUNA":"Ferrocarril","CODBAR":"011209","NOMBRE":"Catalan","NOM_POPULA":"Portal de La Villa","ACT_GEOGRA":1180656000000,"NORMA":"Sin","CREACION":null,"ORIGEN_NOR":"Sin","OBSERVACIO":"Ajustado SPM","COD_SISBEN":" ","Shape_Area":49112.603404594061,"Shape__Area":49762.6318359375,"Shape__Length":1544.850661684914,"GlobalID":"bb6f0ec9-f962-4790-bd37-78915634322b","CreationDate":1545839815055,"Creator":"sigper_arcgis","EditDate":1545839815055,"Editor":"sigper_arcgis"}}]}